# Chunk-averaged data for fix density_out and group all
# Timestep Number-of-chunks Total-count
# Chunk Coord1 Ncount density/mass
17000000 30 3640
  1 -8.81367 110 1.06224
  2 -7.81367 131 1.34738
  3 -6.81367 125 1.1941
  4 -5.81367 126 1.2128
  5 -4.81367 120 1.21901
  6 -3.81367 135 1.34229
  7 -2.81367 129 1.26882
  8 -1.81367 118 1.12562
  9 -0.813671 120 1.23518
  10 0.186329 108 0.960312
  11 1.18633 115 1.14323
  12 2.18633 121 1.11703
  13 3.18633 133 1.39705
  14 4.18633 122 1.18047
  15 5.18633 135 1.23667
  16 6.18633 112 1.10194
  17 7.18633 114 1.04979
  18 8.18633 126 1.13446
  19 9.18633 148 1.46326
  20 10.1863 122 1.25389
  21 11.1863 113 1.17906
  22 12.1863 114 1.15923
  23 13.1863 118 1.14694
  24 14.1863 128 1.28522
  25 15.1863 127 1.18669
  26 16.1863 124 1.33103
  27 17.1863 125 1.27883
  28 18.1863 114 1.14931
  29 19.1863 118 1.07346
  30 20.1863 89 0.740991
17010000 30 3640
  1 -8.81367 105 0.982484
  2 -7.81367 146 1.48851
  3 -6.81367 111 1.15174
  4 -5.81367 138 1.28252
  5 -4.81367 127 1.21718
  6 -3.81367 122 1.28744
  7 -2.81367 115 1.11668
  8 -1.81367 139 1.37791
  9 -0.813671 121 1.14183
  10 0.186329 101 1.05271
  11 1.18633 101 1.08662
  12 2.18633 138 1.18723
  13 3.18633 130 1.30886
  14 4.18633 128 1.30509
  15 5.18633 120 1.12935
  16 6.18633 129 1.1896
  17 7.18633 116 1.07653
  18 8.18633 123 1.17456
  19 9.18633 136 1.40313
  20 10.1863 133 1.35782
  21 11.1863 116 1.21078
  22 12.1863 118 1.22097
  23 13.1863 115 1.02885
  24 14.1863 113 1.18833
  25 15.1863 122 1.1871
  26 16.1863 127 1.32633
  27 17.1863 120 1.32522
  28 18.1863 120 1.15441
  29 19.1863 123 1.1105
  30 20.1863 87 0.817684
17020000 30 3640
  1 -8.81367 127 1.2349
  2 -7.81367 128 1.27248
  3 -6.81367 116 1.25845
  4 -5.81367 125 1.1944
  5 -4.81367 116 1.09724
  6 -3.81367 123 1.36572
  7 -2.81367 120 1.11999
  8 -1.81367 131 1.29653
  9 -0.813671 112 1.10975
  10 0.186329 115 1.09105
  11 1.18633 102 1.07344
  12 2.18633 138 1.28272
  13 3.18633 126 1.32548
  14 4.18633 125 1.22714
  15 5.18633 123 1.21204
  16 6.18633 133 1.19697
  17 7.18633 118 1.15271
  18 8.18633 118 1.08482
  19 9.18633 146 1.48938
  20 10.1863 128 1.26881
  21 11.1863 122 1.319
  22 12.1863 109 1.10618
  23 13.1863 127 1.26624
  24 14.1863 110 1.13503
  25 15.1863 125 1.18816
  26 16.1863 121 1.1968
  27 17.1863 112 1.3192
  28 18.1863 123 1.1679
  29 19.1863 114 0.997686
  30 20.1863 107 0.982469
17030000 30 3640
  1 -8.81367 93 0.984187
  2 -7.81367 138 1.31794
  3 -6.81367 114 1.10818
  4 -5.81367 127 1.20733
  5 -4.81367 130 1.3164
  6 -3.81367 127 1.21108
  7 -2.81367 126 1.21738
  8 -1.81367 125 1.27542
  9 -0.813671 112 1.05503
  10 0.186329 125 1.2149
  11 1.18633 111 1.11455
  12 2.18633 119 1.06372
  13 3.18633 113 1.18511
  14 4.18633 151 1.34252
  15 5.18633 139 1.43298
  16 6.18633 122 1.09841
  17 7.18633 115 1.05127
  18 8.18633 118 1.12565
  19 9.18633 144 1.36606
  20 10.1863 122 1.21371
  21 11.1863 110 1.18365
  22 12.1863 125 1.24334
  23 13.1863 116 1.14058
  24 14.1863 126 1.29172
  25 15.1863 125 1.13306
  26 16.1863 120 1.22465
  27 17.1863 128 1.4887
  28 18.1863 111 1.00294
  29 19.1863 117 1.04134
  30 20.1863 91 0.76494
17040000 30 3640
  1 -8.81367 107 1.07294
  2 -7.81367 136 1.32388
  3 -6.81367 114 1.11547
  4 -5.81367 134 1.32751
  5 -4.81367 124 1.15198
  6 -3.81367 128 1.34131
  7 -2.81367 127 1.23227
  8 -1.81367 127 1.24851
  9 -0.813671 131 1.29369
  10 0.186329 104 1.02918
  11 1.18633 117 1.15453
  12 2.18633 119 1.08176
  13 3.18633 130 1.35772
  14 4.18633 114 1.12561
  15 5.18633 145 1.39162
  16 6.18633 110 1.02897
  17 7.18633 114 0.99644
  18 8.18633 118 1.09674
  19 9.18633 138 1.42429
  20 10.1863 123 1.34383
  21 11.1863 118 1.18198
  22 12.1863 117 1.14439
  23 13.1863 117 1.14823
  24 14.1863 128 1.38918
  25 15.1863 133 1.31496
  26 16.1863 113 1.06663
  27 17.1863 132 1.43055
  28 18.1863 108 1.0904
  29 19.1863 117 1.0529
  30 20.1863 97 0.893479
17050000 30 3640
  1 -8.81367 104 0.969792
  2 -7.81367 142 1.45512
  3 -6.81367 116 1.10809
  4 -5.81367 133 1.27651
  5 -4.81367 132 1.26021
  6 -3.81367 126 1.33059
  7 -2.81367 124 1.23626
  8 -1.81367 129 1.25141
  9 -0.813671 117 1.15087
  10 0.186329 112 1.13323
  11 1.18633 121 1.16976
  12 2.18633 128 1.24402
  13 3.18633 120 1.20611
  14 4.18633 125 1.23758
  15 5.18633 130 1.25779
  16 6.18633 131 1.21377
  17 7.18633 115 1.05779
  18 8.18633 117 1.1383
  19 9.18633 134 1.36586
  20 10.1863 133 1.41237
  21 11.1863 111 1.10041
  22 12.1863 106 1.12433
  23 13.1863 119 1.09055
  24 14.1863 123 1.27786
  25 15.1863 137 1.32825
  26 16.1863 109 1.1432
  27 17.1863 125 1.36834
  28 18.1863 120 1.14205
  29 19.1863 114 0.968639
  30 20.1863 87 0.914264
17060000 30 3640
  1 -8.81367 105 0.925109
  2 -7.81367 130 1.34373
  3 -6.81367 121 1.11659
  4 -5.81367 117 1.0856
  5 -4.81367 136 1.31656
  6 -3.81367 124 1.28311
  7 -2.81367 134 1.33503
  8 -1.81367 117 1.14982
  9 -0.813671 117 1.00307
  10 0.186329 106 1.09671
  11 1.18633 114 1.20054
  12 2.18633 127 1.08574
  13 3.18633 131 1.29195
  14 4.18633 120 1.16349
  15 5.18633 122 1.22268
  16 6.18633 142 1.20678
  17 7.18633 115 1.09304
  18 8.18633 123 1.1894
  19 9.18633 138 1.38696
  20 10.1863 121 1.2351
  21 11.1863 123 1.214
  22 12.1863 113 1.07197
  23 13.1863 115 1.19308
  24 14.1863 122 1.20064
  25 15.1863 135 1.30052
  26 16.1863 101 1.00157
  27 17.1863 122 1.33264
  28 18.1863 127 1.25973
  29 19.1863 124 0.999383
  30 20.1863 98 0.981858
17070000 30 3640
  1 -8.81367 93 0.81525
  2 -7.81367 140 1.40271
  3 -6.81367 115 1.07505
  4 -5.81367 126 1.23634
  5 -4.81367 132 1.20685
  6 -3.81367 124 1.28922
  7 -2.81367 134 1.36688
  8 -1.81367 119 1.13043
  9 -0.813671 110 1.00873
  10 0.186329 115 1.05912
  11 1.18633 108 1.12683
  12 2.18633 134 1.287
  13 3.18633 130 1.19701
  14 4.18633 127 1.31153
  15 5.18633 134 1.21801
  16 6.18633 130 1.20437
  17 7.18633 112 0.976684
  18 8.18633 117 1.09238
  19 9.18633 147 1.57611
  20 10.1863 121 1.1576
  21 11.1863 122 1.28802
  22 12.1863 110 0.997598
  23 13.1863 123 1.27704
  24 14.1863 128 1.18836
  25 15.1863 125 1.19955
  26 16.1863 118 1.23877
  27 17.1863 114 1.14903
  28 18.1863 131 1.24994
  29 19.1863 119 1.08374
  30 20.1863 82 0.77341
17080000 30 3640
  1 -8.81367 114 1.10288
  2 -7.81367 132 1.35934
  3 -6.81367 123 1.27997
  4 -5.81367 117 1.1216
  5 -4.81367 131 1.13941
  6 -3.81367 131 1.48106
  7 -2.81367 130 1.18712
  8 -1.81367 126 1.30885
  9 -0.813671 117 1.09035
  10 0.186329 106 1.10162
  11 1.18633 107 1.02237
  12 2.18633 135 1.34557
  13 3.18633 131 1.25258
  14 4.18633 121 1.23843
  15 5.18633 133 1.2425
  16 6.18633 123 1.2021
  17 7.18633 114 0.982204
  18 8.18633 118 1.20598
  19 9.18633 139 1.35804
  20 10.1863 129 1.38439
  21 11.1863 113 1.17066
  22 12.1863 115 1.04251
  23 13.1863 110 1.13927
  24 14.1863 125 1.25871
  25 15.1863 115 1.20834
  26 16.1863 125 1.16697
  27 17.1863 111 1.26241
  28 18.1863 117 1.167
  29 19.1863 122 1.09408
  30 20.1863 110 1.0097
17090000 30 3640
  1 -8.81367 87 0.886877
  2 -7.81367 151 1.42193
  3 -6.81367 129 1.34584
  4 -5.81367 118 1.08346
  5 -4.81367 120 1.04504
  6 -3.81367 127 1.39301
  7 -2.81367 132 1.26885
  8 -1.81367 131 1.25756
  9 -0.813671 108 1.10838
  10 0.186329 107 0.970416
  11 1.18633 122 1.24648
  12 2.18633 129 1.24652
  13 3.18633 127 1.19805
  14 4.18633 129 1.27743
  15 5.18633 131 1.22912
  16 6.18633 112 1.08466
  17 7.18633 122 1.08113
  18 8.18633 113 1.05495
  19 9.18633 151 1.62576
  20 10.1863 137 1.33351
  21 11.1863 105 1.03622
  22 12.1863 126 1.17427
  23 13.1863 108 1.1108
  24 14.1863 135 1.39327
  25 15.1863 114 1.1208
  26 16.1863 115 1.14806
  27 17.1863 126 1.29244
  28 18.1863 120 1.21296
  29 19.1863 122 1.11462
  30 20.1863 86 0.777538
17100000 30 3640
  1 -8.81367 112 1.12538
  2 -7.81367 138 1.40378
  3 -6.81367 123 1.2299
  4 -5.81367 126 1.22855
  5 -4.81367 118 1.13791
  6 -3.81367 139 1.37981
  7 -2.81367 121 1.24623
  8 -1.81367 131 1.24372
  9 -0.813671 121 1.23258
  10 0.186329 106 1.01566
  11 1.18633 109 1.1166
  12 2.18633 120 1.08259
  13 3.18633 124 1.30544
  14 4.18633 133 1.371
  15 5.18633 138 1.31065
  16 6.18633 128 1.15812
  17 7.18633 113 1.09382
  18 8.18633 130 1.24265
  19 9.18633 141 1.3547
  20 10.1863 111 1.20961
  21 11.1863 122 1.29407
  22 12.1863 124 1.19084
  23 13.1863 111 1.04612
  24 14.1863 115 1.32303
  25 15.1863 130 1.2312
  26 16.1863 122 1.22226
  27 17.1863 120 1.31305
  28 18.1863 119 1.16191
  29 19.1863 109 0.977963
  30 20.1863 86 0.753594
17110000 30 3640
  1 -8.81367 91 0.978034
  2 -7.81367 144 1.40437
  3 -6.81367 122 1.23501
  4 -5.81367 123 1.21116
  5 -4.81367 127 1.19623
  6 -3.81367 127 1.30268
  7 -2.81367 133 1.33786
  8 -1.81367 125 1.22497
  9 -0.813671 112 1.05217
  10 0.186329 111 1.16616
  11 1.18633 117 1.08465
  12 2.18633 123 1.16372
  13 3.18633 126 1.33537
  14 4.18633 119 1.12348
  15 5.18633 134 1.35541
  16 6.18633 130 1.15867
  17 7.18633 116 1.08718
  18 8.18633 117 1.09719
  19 9.18633 141 1.43828
  20 10.1863 124 1.31267
  21 11.1863 121 1.26505
  22 12.1863 110 0.961883
  23 13.1863 123 1.24885
  24 14.1863 125 1.24884
  25 15.1863 131 1.35425
  26 16.1863 115 1.14978
  27 17.1863 123 1.33787
  28 18.1863 108 1.11463
  29 19.1863 129 1.08852
  30 20.1863 93 0.788741
17120000 30 3640
  1 -8.81367 116 1.16629
  2 -7.81367 125 1.32762
  3 -6.81367 124 1.18388
  4 -5.81367 131 1.29729
  5 -4.81367 122 1.16878
  6 -3.81367 128 1.31868
  7 -2.81367 117 1.1411
  8 -1.81367 136 1.42704
  9 -0.813671 111 1.03268
  10 0.186329 112 1.11467
  11 1.18633 118 1.21175
  12 2.18633 120 1.02517
  13 3.18633 125 1.33269
  14 4.18633 121 1.21034
  15 5.18633 126 1.21799
  16 6.18633 138 1.32254
  17 7.18633 119 1.07812
  18 8.18633 135 1.32511
  19 9.18633 139 1.40212
  20 10.1863 114 1.14477
  21 11.1863 116 1.26188
  22 12.1863 125 1.18525
  23 13.1863 116 1.13988
  24 14.1863 128 1.36421
  25 15.1863 119 1.20524
  26 16.1863 111 1.0515
  27 17.1863 124 1.42721
  28 18.1863 112 1.05408
  29 19.1863 117 1.01253
  30 20.1863 95 0.871242
17130000 30 3640
  1 -8.81367 126 1.26472
  2 -7.81367 130 1.35067
  3 -6.81367 115 1.14824
  4 -5.81367 131 1.24817
  5 -4.81367 122 1.13065
  6 -3.81367 117 1.29868
  7 -2.81367 136 1.3064
  8 -1.81367 126 1.29609
  9 -0.813671 109 1.11803
  10 0.186329 109 1.00806
  11 1.18633 111 1.16606
  12 2.18633 135 1.18386
  13 3.18633 126 1.33934
  14 4.18633 127 1.17746
  15 5.18633 120 1.2317
  16 6.18633 131 1.25834
  17 7.18633 115 1.02576
  18 8.18633 129 1.32786
  19 9.18633 135 1.3368
  20 10.1863 120 1.20017
  21 11.1863 116 1.24176
  22 12.1863 105 1.05725
  23 13.1863 133 1.29513
  24 14.1863 114 1.24687
  25 15.1863 130 1.25712
  26 16.1863 103 1.08376
  27 17.1863 150 1.57832
  28 18.1863 110 1.05726
  29 19.1863 106 0.99024
  30 20.1863 103 0.906845
17140000 30 3640
  1 -8.81367 128 1.25152
  2 -7.81367 126 1.3615
  3 -6.81367 122 1.15402
  4 -5.81367 123 1.21942
  5 -4.81367 126 1.27311
  6 -3.81367 121 1.3115
  7 -2.81367 122 1.26796
  8 -1.81367 127 1.23217
  9 -0.813671 117 1.13879
  10 0.186329 108 1.07344
  11 1.18633 112 1.19768
  12 2.18633 129 1.17595
  13 3.18633 116 1.19376
  14 4.18633 138 1.37433
  15 5.18633 125 1.21694
  16 6.18633 128 1.26804
  17 7.18633 111 1.01579
  18 8.18633 114 1.12722
  19 9.18633 143 1.43585
  20 10.1863 116 1.28714
  21 11.1863 125 1.30003
  22 12.1863 113 1.15273
  23 13.1863 121 1.27196
  24 14.1863 111 1.08745
  25 15.1863 129 1.36797
  26 16.1863 131 1.31027
  27 17.1863 114 1.25401
  28 18.1863 113 1.08365
  29 19.1863 121 1.16691
  30 20.1863 110 1.02338
17150000 30 3640
  1 -8.81367 127 1.34718
  2 -7.81367 133 1.29577
  3 -6.81367 110 1.09645
  4 -5.81367 133 1.24683
  5 -4.81367 111 1.02764
  6 -3.81367 131 1.47977
  7 -2.81367 130 1.23435
  8 -1.81367 123 1.15786
  9 -0.813671 117 1.193
  10 0.186329 104 1.05145
  11 1.18633 115 1.11548
  12 2.18633 125 1.17051
  13 3.18633 124 1.27943
  14 4.18633 123 1.10527
  15 5.18633 135 1.36855
  16 6.18633 138 1.2169
  17 7.18633 110 1.00134
  18 8.18633 120 1.1642
  19 9.18633 145 1.55766
  20 10.1863 126 1.23938
  21 11.1863 114 1.30305
  22 12.1863 110 1.02135
  23 13.1863 122 1.11164
  24 14.1863 124 1.36844
  25 15.1863 111 1.01014
  26 16.1863 111 1.17027
  27 17.1863 132 1.36222
  28 18.1863 112 1.1554
  29 19.1863 111 0.986331
  30 20.1863 113 0.965008
17160000 30 3640
  1 -8.81367 124 1.26318
  2 -7.81367 130 1.27711
  3 -6.81367 129 1.29599
  4 -5.81367 123 1.2024
  5 -4.81367 130 1.26689
  6 -3.81367 129 1.33645
  7 -2.81367 118 1.15687
  8 -1.81367 130 1.2682
  9 -0.813671 112 1.14928
  10 0.186329 106 1.10272
  11 1.18633 107 1.04826
  12 2.18633 143 1.31632
  13 3.18633 119 1.18109
  14 4.18633 127 1.26822
  15 5.18633 129 1.2695
  16 6.18633 117 1.10383
  17 7.18633 121 1.09885
  18 8.18633 118 1.12539
  19 9.18633 134 1.46038
  20 10.1863 127 1.31744
  21 11.1863 123 1.27944
  22 12.1863 109 1.05453
  23 13.1863 120 1.1722
  24 14.1863 135 1.33916
  25 15.1863 108 1.15435
  26 16.1863 125 1.37039
  27 17.1863 112 1.12163
  28 18.1863 114 1.10137
  29 19.1863 106 0.919355
  30 20.1863 115 1.1038
17170000 30 3640
  1 -8.81367 117 1.12521
  2 -7.81367 140 1.46583
  3 -6.81367 117 1.11633
  4 -5.81367 131 1.21531
  5 -4.81367 118 1.19392
  6 -3.81367 127 1.32541
  7 -2.81367 139 1.3344
  8 -1.81367 119 1.15637
  9 -0.813671 105 1.05115
  10 0.186329 122 1.12907
  11 1.18633 114 1.22285
  12 2.18633 124 1.10016
  13 3.18633 125 1.21786
  14 4.18633 121 1.27165
  15 5.18633 120 1.1915
  16 6.18633 127 1.14271
  17 7.18633 120 1.04128
  18 8.18633 118 1.20525
  19 9.18633 146 1.42585
  20 10.1863 119 1.26537
  21 11.1863 124 1.29792
  22 12.1863 108 1.00601
  23 13.1863 126 1.21418
  24 14.1863 122 1.28802
  25 15.1863 112 1.08503
  26 16.1863 121 1.28915
  27 17.1863 114 1.09628
  28 18.1863 126 1.37812
  29 19.1863 117 1.01745
  30 20.1863 101 0.925924
17180000 30 3640
  1 -8.81367 109 1.11782
  2 -7.81367 145 1.42658
  3 -6.81367 100 0.982088
  4 -5.81367 139 1.33188
  5 -4.81367 113 1.09666
  6 -3.81367 141 1.46875
  7 -2.81367 122 1.24345
  8 -1.81367 134 1.26465
  9 -0.813671 114 1.07694
  10 0.186329 100 0.947239
  11 1.18633 112 1.15033
  12 2.18633 125 1.13039
  13 3.18633 129 1.31209
  14 4.18633 117 1.14382
  15 5.18633 140 1.26606
  16 6.18633 119 1.19127
  17 7.18633 118 1.06436
  18 8.18633 134 1.19143
  19 9.18633 143 1.52236
  20 10.1863 123 1.29695
  21 11.1863 113 1.17126
  22 12.1863 118 1.13902
  23 13.1863 122 1.08306
  24 14.1863 127 1.32699
  25 15.1863 117 1.185
  26 16.1863 124 1.30068
  27 17.1863 125 1.27219
  28 18.1863 110 1.07679
  29 19.1863 106 0.806848
  30 20.1863 101 0.977135
17190000 30 3640
  1 -8.81367 110 1.14776
  2 -7.81367 144 1.43521
  3 -6.81367 117 1.18815
  4 -5.81367 124 1.16928
  5 -4.81367 131 1.26756
  6 -3.81367 114 1.21203
  7 -2.81367 132 1.32794
  8 -1.81367 125 1.16553
  9 -0.813671 118 1.22483
  10 0.186329 107 0.992934
  11 1.18633 114 1.19206
  12 2.18633 133 1.20091
  13 3.18633 118 1.21841
  14 4.18633 125 1.21084
  15 5.18633 127 1.28275
  16 6.18633 122 1.11135
  17 7.18633 122 1.09127
  18 8.18633 118 1.16939
  19 9.18633 146 1.52958
  20 10.1863 122 1.16051
  21 11.1863 112 1.25601
  22 12.1863 123 1.18191
  23 13.1863 109 1.00309
  24 14.1863 139 1.5209
  25 15.1863 114 1.08234
  26 16.1863 126 1.32033
  27 17.1863 117 1.26254
  28 18.1863 115 1.17687
  29 19.1863 107 0.850689
  30 20.1863 109 1.04584
17200000 30 3640
  1 -8.81367 113 1.17641
  2 -7.81367 137 1.35411
  3 -6.81367 116 1.15882
  4 -5.81367 127 1.19016
  5 -4.81367 132 1.26523
  6 -3.81367 122 1.23011
  7 -2.81367 130 1.30282
  8 -1.81367 116 1.17501
  9 -0.813671 125 1.13895
  10 0.186329 109 1.14147
  11 1.18633 115 1.1877
  12 2.18633 130 1.15273
  13 3.18633 117 1.1189
  14 4.18633 126 1.2689
  15 5.18633 135 1.35791
  16 6.18633 124 1.12139
  17 7.18633 119 1.08011
  18 8.18633 123 1.18397
  19 9.18633 148 1.54681
  20 10.1863 109 1.11625
  21 11.1863 118 1.22756
  22 12.1863 123 1.17895
  23 13.1863 108 1.01008
  24 14.1863 129 1.3216
  25 15.1863 112 1.1738
  26 16.1863 123 1.32022
  27 17.1863 125 1.23158
  28 18.1863 113 1.11751
  29 19.1863 120 1.0451
  30 20.1863 96 0.861072
17210000 30 3640
  1 -8.81367 108 1.07474
  2 -7.81367 142 1.43968
  3 -6.81367 115 1.13653
  4 -5.81367 124 1.2211
  5 -4.81367 127 1.206
  6 -3.81367 130 1.36886
  7 -2.81367 125 1.2653
  8 -1.81367 130 1.30063
  9 -0.813671 114 1.07365
  10 0.186329 110 1.1251
  11 1.18633 108 1.15936
  12 2.18633 134 1.21374
  13 3.18633 122 1.2099
  14 4.18633 126 1.23375
  15 5.18633 128 1.2225
  16 6.18633 124 1.18709
  17 7.18633 121 1.10634
  18 8.18633 125 1.20984
  19 9.18633 141 1.51912
  20 10.1863 121 1.24015
  21 11.1863 105 1.10733
  22 12.1863 119 1.16566
  23 13.1863 115 1.08358
  24 14.1863 133 1.34124
  25 15.1863 118 1.17323
  26 16.1863 115 1.17817
  27 17.1863 121 1.30447
  28 18.1863 121 1.25403
  29 19.1863 116 0.993989
  30 20.1863 102 0.964821
17220000 30 3640
  1 -8.81367 92 0.94058
  2 -7.81367 152 1.47139
  3 -6.81367 119 1.16585
  4 -5.81367 119 1.17952
  5 -4.81367 116 1.11699
  6 -3.81367 142 1.42756
  7 -2.81367 127 1.29093
  8 -1.81367 122 1.23715
  9 -0.813671 117 1.08455
  10 0.186329 114 1.11592
  11 1.18633 110 1.05328
  12 2.18633 129 1.24598
  13 3.18633 134 1.32119
  14 4.18633 119 1.16959
  15 5.18633 129 1.24973
  16 6.18633 113 1.12333
  17 7.18633 121 1.06455
  18 8.18633 116 1.04823
  19 9.18633 154 1.63536
  20 10.1863 122 1.20847
  21 11.1863 109 1.15814
  22 12.1863 120 1.11331
  23 13.1863 119 1.24109
  24 14.1863 125 1.19342
  25 15.1863 113 1.19339
  26 16.1863 114 1.1971
  27 17.1863 130 1.27725
  28 18.1863 121 1.34988
  29 19.1863 126 1.04084
  30 20.1863 96 0.862809
17230000 30 3640
  1 -8.81367 93 0.988068
  2 -7.81367 153 1.41238
  3 -6.81367 112 1.08943
  4 -5.81367 129 1.28353
  5 -4.81367 122 1.13279
  6 -3.81367 143 1.37265
  7 -2.81367 118 1.2563
  8 -1.81367 135 1.22925
  9 -0.813671 113 1.15754
  10 0.186329 108 0.986949
  11 1.18633 107 1.15258
  12 2.18633 142 1.19719
  13 3.18633 126 1.3665
  14 4.18633 137 1.22313
  15 5.18633 124 1.22181
  16 6.18633 122 1.13526
  17 7.18633 121 1.06606
  18 8.18633 122 1.10941
  19 9.18633 146 1.48895
  20 10.1863 123 1.26375
  21 11.1863 112 1.18575
  22 12.1863 112 1.03644
  23 13.1863 132 1.31824
  24 14.1863 121 1.23555
  25 15.1863 114 1.14874
  26 16.1863 120 1.20191
  27 17.1863 123 1.27378
  28 18.1863 113 1.06236
  29 19.1863 111 1.00791
  30 20.1863 86 0.727229
17240000 30 3640
  1 -8.81367 103 1.05435
  2 -7.81367 131 1.25311
  3 -6.81367 129 1.29529
  4 -5.81367 134 1.29042
  5 -4.81367 130 1.23794
  6 -3.81367 129 1.36535
  7 -2.81367 118 1.1941
  8 -1.81367 139 1.2605
  9 -0.813671 102 1.10308
  10 0.186329 110 0.955765
  11 1.18633 110 1.14309
  12 2.18633 128 1.17056
  13 3.18633 136 1.3867
  14 4.18633 113 1.09051
  15 5.18633 127 1.25924
  16 6.18633 130 1.20679
  17 7.18633 118 1.08939
  18 8.18633 118 1.14559
  19 9.18633 150 1.49533
  20 10.1863 132 1.32162
  21 11.1863 115 1.21912
  22 12.1863 119 1.15053
  23 13.1863 119 1.07691
  24 14.1863 123 1.30175
  25 15.1863 115 1.16545
  26 16.1863 119 1.18918
  27 17.1863 129 1.32293
  28 18.1863 112 1.16799
  29 19.1863 116 1.02693
  30 20.1863 86 0.750832
17250000 30 3640
  1 -8.81367 121 1.18018
  2 -7.81367 138 1.34315
  3 -6.81367 121 1.25643
  4 -5.81367 124 1.16624
  5 -4.81367 119 1.12616
  6 -3.81367 120 1.26266
  7 -2.81367 123 1.21516
  8 -1.81367 133 1.30793
  9 -0.813671 113 1.041
  10 0.186329 106 1.09099
  11 1.18633 111 1.12496
  12 2.18633 131 1.15136
  13 3.18633 122 1.33683
  14 4.18633 123 1.12863
  15 5.18633 134 1.31429
  16 6.18633 128 1.22521
  17 7.18633 114 0.988324
  18 8.18633 117 1.12485
  19 9.18633 149 1.48607
  20 10.1863 123 1.31677
  21 11.1863 123 1.24767
  22 12.1863 110 1.07347
  23 13.1863 114 1.19381
  24 14.1863 132 1.33693
  25 15.1863 122 1.20636
  26 16.1863 122 1.25769
  27 17.1863 124 1.3093
  28 18.1863 110 1.07596
  29 19.1863 119 1.03969
  30 20.1863 94 0.900364
17260000 30 3640
  1 -8.81367 103 0.988034
  2 -7.81367 143 1.39173
  3 -6.81367 111 1.15117
  4 -5.81367 131 1.23217
  5 -4.81367 125 1.16371
  6 -3.81367 129 1.31439
  7 -2.81367 128 1.30813
  8 -1.81367 129 1.26082
  9 -0.813671 114 1.13766
  10 0.186329 100 0.942094
  11 1.18633 125 1.25089
  12 2.18633 134 1.22983
  13 3.18633 123 1.23845
  14 4.18633 120 1.17615
  15 5.18633 139 1.33191
  16 6.18633 123 1.14007
  17 7.18633 119 1.01558
  18 8.18633 129 1.33066
  19 9.18633 147 1.36555
  20 10.1863 118 1.27831
  21 11.1863 110 1.26313
  22 12.1863 113 1.00057
  23 13.1863 128 1.20121
  24 14.1863 122 1.26959
  25 15.1863 116 1.12509
  26 16.1863 117 1.16609
  27 17.1863 107 1.15373
  28 18.1863 128 1.21486
  29 19.1863 116 1.07156
  30 20.1863 93 0.883405
17270000 30 3640
  1 -8.81367 113 1.12295
  2 -7.81367 129 1.30841
  3 -6.81367 110 1.06398
  4 -5.81367 137 1.3809
  5 -4.81367 126 1.18556
  6 -3.81367 130 1.30334
  7 -2.81367 125 1.25067
  8 -1.81367 126 1.23557
  9 -0.813671 125 1.21445
  10 0.186329 106 1.04026
  11 1.18633 108 1.16929
  12 2.18633 132 1.13809
  13 3.18633 122 1.24693
  14 4.18633 133 1.28962
  15 5.18633 123 1.18054
  16 6.18633 131 1.24326
  17 7.18633 114 1.00265
  18 8.18633 130 1.30718
  19 9.18633 140 1.42614
  20 10.1863 122 1.24818
  21 11.1863 122 1.30318
  22 12.1863 106 1.00764
  23 13.1863 131 1.24202
  24 14.1863 112 1.18187
  25 15.1863 120 1.17051
  26 16.1863 132 1.3158
  27 17.1863 119 1.37599
  28 18.1863 108 1.01764
  29 19.1863 119 1.01026
  30 20.1863 89 0.822105
17280000 30 3640
  1 -8.81367 86 0.867914
  2 -7.81367 151 1.53982
  3 -6.81367 112 0.932746
  4 -5.81367 129 1.36827
  5 -4.81367 117 1.16221
  6 -3.81367 119 1.12505
  7 -2.81367 139 1.4007
  8 -1.81367 131 1.24795
  9 -0.813671 128 1.29019
  10 0.186329 110 1.08413
  11 1.18633 113 1.03705
  12 2.18633 127 1.20215
  13 3.18633 132 1.31887
  14 4.18633 126 1.24042
  15 5.18633 136 1.34489
  16 6.18633 116 1.04812
  17 7.18633 130 1.16243
  18 8.18633 115 1.10151
  19 9.18633 150 1.45668
  20 10.1863 122 1.33108
  21 11.1863 116 1.19325
  22 12.1863 114 1.05309
  23 13.1863 126 1.19961
  24 14.1863 113 1.26915
  25 15.1863 127 1.09164
  26 16.1863 114 1.19565
  27 17.1863 127 1.36354
  28 18.1863 111 1.10763
  29 19.1863 125 1.07055
  30 20.1863 78 0.671938
17290000 30 3640
  1 -8.81367 89 0.872345
  2 -7.81367 144 1.38101
  3 -6.81367 112 1.04881
  4 -5.81367 131 1.32143
  5 -4.81367 126 1.15622
  6 -3.81367 125 1.33864
  7 -2.81367 127 1.16743
  8 -1.81367 127 1.2178
  9 -0.813671 119 1.24632
  10 0.186329 107 0.967474
  11 1.18633 111 1.13773
  12 2.18633 142 1.22051
  13 3.18633 114 1.12666
  14 4.18633 124 1.26345
  15 5.18633 120 1.16243
  16 6.18633 128 1.14141
  17 7.18633 122 1.11557
  18 8.18633 126 1.12915
  19 9.18633 145 1.52016
  20 10.1863 126 1.21424
  21 11.1863 119 1.26343
  22 12.1863 113 1.05999
  23 13.1863 130 1.29306
  24 14.1863 120 1.23774
  25 15.1863 127 1.20438
  26 16.1863 121 1.25476
  27 17.1863 127 1.3278
  28 18.1863 114 1.02299
  29 19.1863 107 0.919372
  30 20.1863 97 0.921692
17300000 30 3640
  1 -8.81367 108 1.02578
  2 -7.81367 137 1.31695
  3 -6.81367 122 1.19588
  4 -5.81367 122 1.28946
  5 -4.81367 126 1.1159
  6 -3.81367 115 1.17609
  7 -2.81367 145 1.40308
  8 -1.81367 106 1.01833
  9 -0.813671 128 1.24912
  10 0.186329 106 0.959267
  11 1.18633 102 1.05666
  12 2.18633 124 1.1393
  13 3.18633 136 1.30462
  14 4.18633 114 1.09846
  15 5.18633 128 1.24781
  16 6.18633 126 1.15282
  17 7.18633 129 1.23539
  18 8.18633 120 1.04321
  19 9.18633 145 1.52144
  20 10.1863 138 1.31432
  21 11.1863 112 1.21061
  22 12.1863 111 1.00858
  23 13.1863 116 1.17002
  24 14.1863 127 1.26394
  25 15.1863 130 1.25019
  26 16.1863 118 1.16627
  27 17.1863 123 1.3229
  28 18.1863 114 1.13062
  29 19.1863 115 0.959387
  30 20.1863 97 0.879114
17310000 30 3640
  1 -8.81367 84 0.86771
  2 -7.81367 154 1.51968
  3 -6.81367 112 1.07627
  4 -5.81367 131 1.28342
  5 -4.81367 120 1.13623
  6 -3.81367 127 1.2934
  7 -2.81367 128 1.30345
  8 -1.81367 120 1.15862
  9 -0.813671 123 1.25739
  10 0.186329 112 1.03515
  11 1.18633 116 1.14623
  12 2.18633 135 1.23747
  13 3.18633 117 1.11004
  14 4.18633 116 1.21484
  15 5.18633 127 1.20868
  16 6.18633 125 1.17871
  17 7.18633 122 1.12751
  18 8.18633 134 1.25486
  19 9.18633 126 1.40584
  20 10.1863 143 1.41711
  21 11.1863 111 1.12497
  22 12.1863 110 1.03006
  23 13.1863 115 1.20478
  24 14.1863 123 1.17386
  25 15.1863 132 1.3397
  26 16.1863 123 1.18486
  27 17.1863 129 1.38465
  28 18.1863 116 1.12126
  29 19.1863 118 1.05637
  30 20.1863 91 0.819084
17320000 30 3640
  1 -8.81367 82 0.902863
  2 -7.81367 162 1.48645
  3 -6.81367 118 1.12806
  4 -5.81367 125 1.22132
  5 -4.81367 131 1.25617
  6 -3.81367 131 1.3158
  7 -2.81367 124 1.26608
  8 -1.81367 127 1.14309
  9 -0.813671 113 1.21763
  10 0.186329 116 1.03869
  11 1.18633 96 0.995025
  12 2.18633 138 1.29723
  13 3.18633 126 1.29235
  14 4.18633 126 1.20767
  15 5.18633 129 1.31087
  16 6.18633 129 1.11578
  17 7.18633 119 1.04611
  18 8.18633 128 1.26123
  19 9.18633 142 1.38553
  20 10.1863 127 1.32579
  21 11.1863 117 1.1902
  22 12.1863 116 1.10328
  23 13.1863 116 1.17405
  24 14.1863 127 1.2936
  25 15.1863 116 1.0946
  26 16.1863 134 1.45373
  27 17.1863 118 1.18911
  28 18.1863 125 1.17165
  29 19.1863 112 0.966519
  30 20.1863 70 0.68409
17330000 30 3640
  1 -8.81367 114 1.10857
  2 -7.81367 137 1.30392
  3 -6.81367 107 1.03254
  4 -5.81367 131 1.27135
  5 -4.81367 118 1.15202
  6 -3.81367 138 1.37702
  7 -2.81367 118 1.13592
  8 -1.81367 136 1.39947
  9 -0.813671 118 1.08991
  10 0.186329 101 1.04628
  11 1.18633 113 1.15953
  12 2.18633 133 1.16576
  13 3.18633 127 1.18202
  14 4.18633 121 1.26269
  15 5.18633 131 1.21171
  16 6.18633 121 1.21299
  17 7.18633 116 1.02894
  18 8.18633 112 1.08358
  19 9.18633 142 1.37479
  20 10.1863 129 1.30504
  21 11.1863 112 1.25632
  22 12.1863 117 1.0575
  23 13.1863 127 1.2652
  24 14.1863 118 1.19313
  25 15.1863 124 1.25163
  26 16.1863 123 1.26757
  27 17.1863 127 1.31245
  28 18.1863 116 1.11103
  29 19.1863 114 0.979182
  30 20.1863 99 0.945438
17340000 30 3640
  1 -8.81367 102 0.965824
  2 -7.81367 140 1.43861
  3 -6.81367 106 1.02862
  4 -5.81367 136 1.35057
  5 -4.81367 127 1.21725
  6 -3.81367 135 1.37188
  7 -2.81367 136 1.37821
  8 -1.81367 123 1.22981
  9 -0.813671 110 1.01124
  10 0.186329 113 1.18335
  11 1.18633 113 1.08916
  12 2.18633 134 1.27393
  13 3.18633 126 1.24753
  14 4.18633 135 1.34424
  15 5.18633 126 1.16081
  16 6.18633 119 1.15193
  17 7.18633 115 1.04883
  18 8.18633 124 1.20483
  19 9.18633 140 1.43099
  20 10.1863 123 1.30777
  21 11.1863 115 1.23471
  22 12.1863 110 0.994781
  23 13.1863 120 1.18729
  24 14.1863 105 1.11663
  25 15.1863 138 1.32802
  26 16.1863 109 1.18199
  27 17.1863 117 1.20979
  28 18.1863 120 1.17954
  29 19.1863 114 1.02373
  30 20.1863 109 1.03622
17350000 30 3640
  1 -8.81367 100 0.892401
  2 -7.81367 131 1.38766
  3 -6.81367 121 1.14066
  4 -5.81367 132 1.22797
  5 -4.81367 115 1.13058
  6 -3.81367 129 1.26663
  7 -2.81367 129 1.29909
  8 -1.81367 130 1.28906
  9 -0.813671 116 1.15693
  10 0.186329 101 0.998353
  11 1.18633 112 1.05714
  12 2.18633 135 1.35159
  13 3.18633 121 1.10572
  14 4.18633 133 1.35028
  15 5.18633 131 1.29916
  16 6.18633 130 1.14069
  17 7.18633 123 1.09083
  18 8.18633 123 1.19683
  19 9.18633 144 1.55983
  20 10.1863 132 1.35523
  21 11.1863 111 1.05206
  22 12.1863 114 1.10826
  23 13.1863 114 1.12058
  24 14.1863 114 1.17439
  25 15.1863 126 1.19434
  26 16.1863 104 1.1031
  27 17.1863 129 1.27294
  28 18.1863 128 1.35646
  29 19.1863 121 1.06835
  30 20.1863 91 0.90722
17360000 30 3640
  1 -8.81367 72 0.715916
  2 -7.81367 138 1.37825
  3 -6.81367 111 1.10534
  4 -5.81367 145 1.36215
  5 -4.81367 123 1.19714
  6 -3.81367 125 1.23184
  7 -2.81367 127 1.3323
  8 -1.81367 128 1.17237
  9 -0.813671 117 1.12038
  10 0.186329 101 0.978883
  11 1.18633 122 1.19846
  12 2.18633 127 1.18613
  13 3.18633 120 1.21829
  14 4.18633 137 1.27904
  15 5.18633 119 1.23315
  16 6.18633 130 1.13524
  17 7.18633 117 1.119
  18 8.18633 133 1.21837
  19 9.18633 136 1.3634
  20 10.1863 121 1.23193
  21 11.1863 123 1.32109
  22 12.1863 119 1.06326
  23 13.1863 120 1.26413
  24 14.1863 122 1.14387
  25 15.1863 131 1.36709
  26 16.1863 133 1.30012
  27 17.1863 117 1.21834
  28 18.1863 133 1.29391
  29 19.1863 107 0.939244
  30 20.1863 86 0.755537
17370000 30 3640
  1 -8.81367 99 0.973157
  2 -7.81367 134 1.32639
  3 -6.81367 122 1.20162
  4 -5.81367 122 1.2352
  5 -4.81367 124 1.14171
  6 -3.81367 128 1.3276
  7 -2.81367 133 1.29404
  8 -1.81367 121 1.20912
  9 -0.813671 124 1.19544
  10 0.186329 98 0.954295
  11 1.18633 116 1.18915
  12 2.18633 123 1.21168
  13 3.18633 133 1.27539
  14 4.18633 124 1.15286
  15 5.18633 121 1.21409
  16 6.18633 121 1.13799
  17 7.18633 124 1.10302
  18 8.18633 119 1.08311
  19 9.18633 139 1.46378
  20 10.1863 130 1.28409
  21 11.1863 121 1.35123
  22 12.1863 120 1.0956
  23 13.1863 128 1.25155
  24 14.1863 114 1.20668
  25 15.1863 118 1.13542
  26 16.1863 122 1.20655
  27 17.1863 124 1.34151
  28 18.1863 122 1.20406
  29 19.1863 118 1.07429
  30 20.1863 98 0.845715
17380000 30 3640
  1 -8.81367 98 0.967063
  2 -7.81367 139 1.38694
  3 -6.81367 116 1.10787
  4 -5.81367 138 1.44591
  5 -4.81367 117 1.01114
  6 -3.81367 127 1.33905
  7 -2.81367 130 1.31405
  8 -1.81367 133 1.28126
  9 -0.813671 117 1.13061
  10 0.186329 105 1.05124
  11 1.18633 112 1.20595
  12 2.18633 130 1.17085
  13 3.18633 121 1.22475
  14 4.18633 121 1.21464
  15 5.18633 139 1.33301
  16 6.18633 127 1.19084
  17 7.18633 111 1.01486
  18 8.18633 120 1.11043
  19 9.18633 144 1.51264
  20 10.1863 120 1.28006
  21 11.1863 125 1.27628
  22 12.1863 118 1.04877
  23 13.1863 122 1.29772
  24 14.1863 113 1.14943
  25 15.1863 128 1.26621
  26 16.1863 122 1.19833
  27 17.1863 127 1.40324
  28 18.1863 108 1.08522
  29 19.1863 124 1.07778
  30 20.1863 88 0.829931
17390000 30 3640
  1 -8.81367 96 1.0361
  2 -7.81367 141 1.26882
  3 -6.81367 123 1.20642
  4 -5.81367 129 1.24008
  5 -4.81367 129 1.23888
  6 -3.81367 129 1.332
  7 -2.81367 132 1.27737
  8 -1.81367 118 1.1319
  9 -0.813671 121 1.1519
  10 0.186329 99 0.995086
  11 1.18633 108 1.15558
  12 2.18633 120 1.15555
  13 3.18633 132 1.2526
  14 4.18633 130 1.18917
  15 5.18633 130 1.28987
  16 6.18633 128 1.16552
  17 7.18633 121 1.13446
  18 8.18633 124 1.09845
  19 9.18633 137 1.42537
  20 10.1863 136 1.4104
  21 11.1863 111 1.16671
  22 12.1863 117 1.0685
  23 13.1863 123 1.10463
  24 14.1863 124 1.33589
  25 15.1863 113 1.13312
  26 16.1863 122 1.32457
  27 17.1863 122 1.15806
  28 18.1863 115 1.15305
  29 19.1863 127 1.12454
  30 20.1863 83 0.812246
17400000 30 3640
  1 -8.81367 119 1.08015
  2 -7.81367 131 1.39692
  3 -6.81367 120 1.1289
  4 -5.81367 135 1.35049
  5 -4.81367 121 1.15641
  6 -3.81367 127 1.23782
  7 -2.81367 119 1.29043
  8 -1.81367 121 1.08008
  9 -0.813671 128 1.28298
  10 0.186329 106 1.0651
  11 1.18633 109 1.11129
  12 2.18633 131 1.21672
  13 3.18633 125 1.16908
  14 4.18633 128 1.32045
  15 5.18633 122 1.1478
  16 6.18633 132 1.23664
  17 7.18633 119 1.09761
  18 8.18633 105 0.962409
  19 9.18633 156 1.6812
  20 10.1863 117 1.1565
  21 11.1863 120 1.29155
  22 12.1863 120 1.06639
  23 13.1863 119 1.20528
  24 14.1863 119 1.21535
  25 15.1863 115 1.17898
  26 16.1863 118 1.19523
  27 17.1863 122 1.32435
  28 18.1863 127 1.20279
  29 19.1863 119 1.03505
  30 20.1863 90 0.912061
17410000 30 3640
  1 -8.81367 115 1.11626
  2 -7.81367 127 1.18625
  3 -6.81367 118 1.23237
  4 -5.81367 128 1.16497
  5 -4.81367 136 1.3361
  6 -3.81367 114 1.19981
  7 -2.81367 127 1.32113
  8 -1.81367 123 1.16245
  9 -0.813671 111 1.04249
  10 0.186329 112 1.06385
  11 1.18633 109 1.18371
  12 2.18633 129 1.14004
  13 3.18633 124 1.20387
  14 4.18633 136 1.37607
  15 5.18633 125 1.23869
  16 6.18633 127 1.16251
  17 7.18633 127 1.1213
  18 8.18633 121 1.18254
  19 9.18633 134 1.41485
  20 10.1863 127 1.25617
  21 11.1863 127 1.3735
  22 12.1863 103 0.944973
  23 13.1863 128 1.23006
  24 14.1863 108 1.10003
  25 15.1863 125 1.29483
  26 16.1863 118 1.19244
  27 17.1863 123 1.25124
  28 18.1863 119 1.2498
  29 19.1863 123 1.07137
  30 20.1863 96 0.897445
17420000 30 3640
  1 -8.81367 102 0.990902
  2 -7.81367 132 1.33491
  3 -6.81367 117 1.16981
  4 -5.81367 121 1.27683
  5 -4.81367 122 1.13705
  6 -3.81367 125 1.28944
  7 -2.81367 126 1.30089
  8 -1.81367 125 1.14086
  9 -0.813671 116 1.14464
  10 0.186329 115 1.14599
  11 1.18633 109 1.10178
  12 2.18633 130 1.2229
  13 3.18633 135 1.36276
  14 4.18633 122 1.23529
  15 5.18633 126 1.1875
  16 6.18633 127 1.15479
  17 7.18633 124 1.22903
  18 8.18633 108 0.994794
  19 9.18633 150 1.52651
  20 10.1863 124 1.26557
  21 11.1863 114 1.24526
  22 12.1863 119 1.15101
  23 13.1863 112 1.09414
  24 14.1863 116 1.25432
  25 15.1863 119 1.1094
  26 16.1863 127 1.35873
  27 17.1863 128 1.23295
  28 18.1863 120 1.31853
  29 19.1863 121 1.10185
  30 20.1863 108 0.936677
17430000 30 3640
  1 -8.81367 107 1.07917
  2 -7.81367 129 1.22353
  3 -6.81367 128 1.30752
  4 -5.81367 124 1.20837
  5 -4.81367 126 1.18582
  6 -3.81367 127 1.37765
  7 -2.81367 132 1.29258
  8 -1.81367 110 1.06912
  9 -0.813671 116 1.12816
  10 0.186329 112 1.1395
  11 1.18633 107 1.02405
  12 2.18633 132 1.26375
  13 3.18633 128 1.21227
  14 4.18633 120 1.27987
  15 5.18633 123 1.06305
  16 6.18633 138 1.37147
  17 7.18633 121 1.11948
  18 8.18633 121 1.17705
  19 9.18633 142 1.45191
  20 10.1863 134 1.35392
  21 11.1863 113 1.12302
  22 12.1863 107 1.05283
  23 13.1863 124 1.28122
  24 14.1863 127 1.19232
  25 15.1863 113 1.21582
  26 16.1863 113 1.1569
  27 17.1863 117 1.18219
  28 18.1863 126 1.23228
  29 19.1863 117 1.13817
  30 20.1863 106 0.948782
17440000 30 3640
  1 -8.81367 104 1.03191
  2 -7.81367 139 1.42331
  3 -6.81367 134 1.24023
  4 -5.81367 113 1.16938
  5 -4.81367 120 1.15433
  6 -3.81367 122 1.26913
  7 -2.81367 135 1.41062
  8 -1.81367 118 1.06218
  9 -0.813671 114 1.14178
  10 0.186329 112 1.07357
  11 1.18633 104 1.12022
  12 2.18633 137 1.31233
  13 3.18633 123 1.17454
  14 4.18633 116 1.22635
  15 5.18633 144 1.40055
  16 6.18633 115 1.07355
  17 7.18633 122 1.09763
  18 8.18633 107 0.977634
  19 9.18633 158 1.72249
  20 10.1863 127 1.35005
  21 11.1863 114 1.08239
  22 12.1863 108 1.08347
  23 13.1863 125 1.16964
  24 14.1863 127 1.29715
  25 15.1863 117 1.27288
  26 16.1863 122 1.17327
  27 17.1863 114 1.2856
  28 18.1863 120 1.18345
  29 19.1863 129 1.12163
  30 20.1863 100 0.981259
17450000 30 3640
  1 -8.81367 105 1.04325
  2 -7.81367 145 1.4444
  3 -6.81367 103 1.04446
  4 -5.81367 135 1.25437
  5 -4.81367 112 1.17429
  6 -3.81367 144 1.35563
  7 -2.81367 127 1.28813
  8 -1.81367 131 1.26556
  9 -0.813671 110 1.07462
  10 0.186329 96 1.02701
  11 1.18633 116 1.11584
  12 2.18633 128 1.13203
  13 3.18633 128 1.28202
  14 4.18633 127 1.21307
  15 5.18633 118 1.25935
  16 6.18633 134 1.18206
  17 7.18633 125 1.12706
  18 8.18633 125 1.14711
  19 9.18633 131 1.40426
  20 10.1863 138 1.43425
  21 11.1863 115 1.16803
  22 12.1863 111 1.09458
  23 13.1863 122 1.16453
  24 14.1863 117 1.20068
  25 15.1863 129 1.28309
  26 16.1863 108 1.08075
  27 17.1863 116 1.25186
  28 18.1863 122 1.21442
  29 19.1863 119 0.982207
  30 20.1863 103 0.986962
17460000 30 3640
  1 -8.81367 107 1.05967
  2 -7.81367 141 1.31256
  3 -6.81367 114 1.20024
  4 -5.81367 123 1.16665
  5 -4.81367 124 1.1792
  6 -3.81367 132 1.34095
  7 -2.81367 123 1.27122
  8 -1.81367 134 1.29992
  9 -0.813671 110 1.06968
  10 0.186329 103 1.0024
  11 1.18633 111 1.09711
  12 2.18633 128 1.18293
  13 3.18633 131 1.28634
  14 4.18633 122 1.24641
  15 5.18633 123 1.16303
  16 6.18633 134 1.15932
  17 7.18633 108 1.05591
  18 8.18633 134 1.23532
  19 9.18633 132 1.33847
  20 10.1863 123 1.29128
  21 11.1863 106 1.10314
  22 12.1863 125 1.18532
  23 13.1863 120 1.19293
  24 14.1863 130 1.33363
  25 15.1863 119 1.17914
  26 16.1863 129 1.32356
  27 17.1863 120 1.21534
  28 18.1863 124 1.23146
  29 19.1863 117 1.05223
  30 20.1863 93 0.799424
17470000 30 3640
  1 -8.81367 99 0.971637
  2 -7.81367 151 1.46049
  3 -6.81367 122 1.16192
  4 -5.81367 117 1.22393
  5 -4.81367 112 1.00892
  6 -3.81367 124 1.25141
  7 -2.81367 152 1.58969
  8 -1.81367 129 1.16445
  9 -0.813671 109 1.03637
  10 0.186329 108 1.06366
  11 1.18633 110 1.09479
  12 2.18633 130 1.2615
  13 3.18633 134 1.25031
  14 4.18633 111 1.15682
  15 5.18633 140 1.33734
  16 6.18633 105 0.982811
  17 7.18633 135 1.1894
  18 8.18633 114 1.0202
  19 9.18633 148 1.61464
  20 10.1863 127 1.22406
  21 11.1863 114 1.22031
  22 12.1863 106 0.954155
  23 13.1863 140 1.38212
  24 14.1863 119 1.28632
  25 15.1863 129 1.26763
  26 16.1863 114 1.16677
  27 17.1863 123 1.26646
  28 18.1863 115 1.14324
  29 19.1863 114 1.00648
  30 20.1863 89 0.783758
17480000 30 3640
  1 -8.81367 113 1.13055
  2 -7.81367 145 1.41174
  3 -6.81367 105 0.958207
  4 -5.81367 140 1.4365
  5 -4.81367 121 1.13184
  6 -3.81367 127 1.29907
  7 -2.81367 133 1.3367
  8 -1.81367 119 1.13053
  9 -0.813671 113 1.12814
  10 0.186329 103 0.958283
  11 1.18633 116 1.16684
  12 2.18633 133 1.27055
  13 3.18633 134 1.33552
  14 4.18633 110 1.10304
  15 5.18633 129 1.26677
  16 6.18633 125 1.15935
  17 7.18633 121 1.10687
  18 8.18633 114 1.06314
  19 9.18633 137 1.41426
  20 10.1863 123 1.23295
  21 11.1863 125 1.32784
  22 12.1863 107 1.04813
  23 13.1863 123 1.16058
  24 14.1863 130 1.30686
  25 15.1863 129 1.30044
  26 16.1863 120 1.21172
  27 17.1863 120 1.34289
  28 18.1863 112 0.962038
  29 19.1863 114 1.07936
  30 20.1863 99 0.910764
17490000 30 3640
  1 -8.81367 76 0.673402
  2 -7.81367 139 1.38991
  3 -6.81367 122 1.15639
  4 -5.81367 138 1.36255
  5 -4.81367 119 1.12796
  6 -3.81367 127 1.26995
  7 -2.81367 135 1.40215
  8 -1.81367 133 1.18975
  9 -0.813671 114 1.12184
  10 0.186329 111 1.07738
  11 1.18633 120 1.11819
  12 2.18633 119 1.15517
  13 3.18633 146 1.45415
  14 4.18633 118 1.15516
  15 5.18633 134 1.31197
  16 6.18633 116 1.01442
  17 7.18633 127 1.08242
  18 8.18633 113 1.09344
  19 9.18633 138 1.44415
  20 10.1863 141 1.44537
  21 11.1863 115 1.1156
  22 12.1863 113 1.10934
  23 13.1863 131 1.20714
  24 14.1863 115 1.21699
  25 15.1863 125 1.16509
  26 16.1863 114 1.2624
  27 17.1863 133 1.27623
  28 18.1863 106 1.10451
  29 19.1863 119 1.05515
  30 20.1863 83 0.738826
17500000 30 3640
  1 -8.81367 111 0.963914
  2 -7.81367 132 1.45566
  3 -6.81367 122 1.14893
  4 -5.81367 122 1.15379
  5 -4.81367 127 1.2805
  6 -3.81367 134 1.28175
  7 -2.81367 121 1.2867
  8 -1.81367 134 1.18748
  9 -0.813671 112 1.14019
  10 0.186329 106 1.03347
  11 1.18633 111 1.14517
  12 2.18633 126 1.07208
  13 3.18633 125 1.28933
  14 4.18633 124 1.17617
  15 5.18633 142 1.41104
  16 6.18633 124 1.1092
  17 7.18633 109 1.02228
  18 8.18633 120 1.108
  19 9.18633 141 1.45564
  20 10.1863 125 1.26435
  21 11.1863 120 1.29412
  22 12.1863 106 0.906764
  23 13.1863 130 1.35513
  24 14.1863 121 1.26821
  25 15.1863 132 1.22593
  26 16.1863 112 1.14014
  27 17.1863 121 1.30535
  28 18.1863 123 1.18618
  29 19.1863 112 0.973905
  30 20.1863 95 0.844639
17510000 30 3640
  1 -8.81367 93 0.918248
  2 -7.81367 154 1.50677
  3 -6.81367 103 0.989469
  4 -5.81367 134 1.33043
  5 -4.81367 120 1.17432
  6 -3.81367 133 1.36041
  7 -2.81367 119 1.16436
  8 -1.81367 132 1.30294
  9 -0.813671 119 1.22814
  10 0.186329 109 0.957075
  11 1.18633 106 1.13696
  12 2.18633 132 1.18564
  13 3.18633 135 1.31073
  14 4.18633 123 1.19174
  15 5.18633 121 1.18315
  16 6.18633 128 1.21313
  17 7.18633 121 1.11817
  18 8.18633 118 1.14325
  19 9.18633 151 1.53159
  20 10.1863 134 1.38171
  21 11.1863 119 1.25669
  22 12.1863 109 0.997117
  23 13.1863 122 1.17306
  24 14.1863 131 1.34565
  25 15.1863 111 1.07316
  26 16.1863 123 1.29282
  27 17.1863 119 1.25812
  28 18.1863 120 1.22681
  29 19.1863 120 0.992145
  30 20.1863 81 0.749587
17520000 30 3640
  1 -8.81367 96 0.942853
  2 -7.81367 146 1.43509
  3 -6.81367 112 1.18764
  4 -5.81367 128 1.20913
  5 -4.81367 129 1.22557
  6 -3.81367 129 1.33775
  7 -2.81367 126 1.28232
  8 -1.81367 115 1.18758
  9 -0.813671 112 1.01751
  10 0.186329 116 1.09688
  11 1.18633 113 1.20916
  12 2.18633 121 1.16635
  13 3.18633 130 1.27353
  14 4.18633 124 1.24952
  15 5.18633 138 1.26988
  16 6.18633 118 1.19642
  17 7.18633 117 1.1095
  18 8.18633 124 1.12217
  19 9.18633 144 1.55617
  20 10.1863 128 1.30506
  21 11.1863 115 1.20402
  22 12.1863 111 1.01861
  23 13.1863 121 1.2243
  24 14.1863 122 1.25336
  25 15.1863 122 1.27477
  26 16.1863 121 1.19656
  27 17.1863 108 1.14596
  28 18.1863 123 1.23447
  29 19.1863 123 1.06285
  30 20.1863 108 1.06525
17530000 30 3640
  1 -8.81367 126 1.27313
  2 -7.81367 128 1.35295
  3 -6.81367 126 1.20847
  4 -5.81367 126 1.27929
  5 -4.81367 115 1.03503
  6 -3.81367 121 1.29707
  7 -2.81367 120 1.23753
  8 -1.81367 139 1.37314
  9 -0.813671 107 1.00718
  10 0.186329 101 0.986967
  11 1.18633 116 1.24141
  12 2.18633 124 1.11869
  13 3.18633 129 1.30092
  14 4.18633 126 1.25416
  15 5.18633 122 1.17688
  16 6.18633 132 1.28825
  17 7.18633 115 1.05531
  18 8.18633 121 1.15159
  19 9.18633 140 1.49088
  20 10.1863 131 1.36429
  21 11.1863 118 1.19574
  22 12.1863 113 1.11986
  23 13.1863 120 1.09715
  24 14.1863 123 1.37437
  25 15.1863 126 1.2073
  26 16.1863 127 1.35788
  27 17.1863 116 1.21986
  28 18.1863 115 1.16795
  29 19.1863 112 1.00972
  30 20.1863 105 0.948847
17540000 30 3640
  1 -8.81367 114 1.06279
  2 -7.81367 136 1.37062
  3 -6.81367 116 1.12025
  4 -5.81367 135 1.33673
  5 -4.81367 125 1.17289
  6 -3.81367 125 1.32163
  7 -2.81367 122 1.17914
  8 -1.81367 130 1.27296
  9 -0.813671 121 1.20295
  10 0.186329 105 1.02643
  11 1.18633 107 1.08153
  12 2.18633 124 1.14173
  13 3.18633 127 1.308
  14 4.18633 120 1.104
  15 5.18633 129 1.31182
  16 6.18633 125 1.13034
  17 7.18633 123 1.14037
  18 8.18633 116 1.09282
  19 9.18633 147 1.5546
  20 10.1863 120 1.18533
  21 11.1863 116 1.22027
  22 12.1863 119 1.10534
  23 13.1863 120 1.18539
  24 14.1863 125 1.3294
  25 15.1863 128 1.23918
  26 16.1863 109 1.11138
  27 17.1863 132 1.38317
  28 18.1863 116 1.1641
  29 19.1863 117 1.02276
  30 20.1863 91 0.883692
17550000 30 3640
  1 -8.81367 110 1.14981
  2 -7.81367 139 1.34266
  3 -6.81367 128 1.23605
  4 -5.81367 122 1.19352
  5 -4.81367 123 1.18859
  6 -3.81367 129 1.31113
  7 -2.81367 131 1.33244
  8 -1.81367 131 1.22986
  9 -0.813671 111 1.08231
  10 0.186329 103 1.00598
  11 1.18633 110 1.16235
  12 2.18633 130 1.14879
  13 3.18633 125 1.22863
  14 4.18633 117 1.17481
  15 5.18633 138 1.38376
  16 6.18633 121 1.10108
  17 7.18633 119 1.09856
  18 8.18633 119 1.11735
  19 9.18633 146 1.46013
  20 10.1863 121 1.23365
  21 11.1863 110 1.18966
  22 12.1863 121 1.06358
  23 13.1863 126 1.34378
  24 14.1863 121 1.22364
  25 15.1863 121 1.2211
  26 16.1863 121 1.15479
  27 17.1863 120 1.42499
  28 18.1863 111 1.01475
  29 19.1863 113 0.992268
  30 20.1863 103 0.935834
17560000 30 3640
  1 -8.81367 85 0.867162
  2 -7.81367 149 1.37752
  3 -6.81367 121 1.2377
  4 -5.81367 127 1.21519
  5 -4.81367 125 1.20154
  6 -3.81367 137 1.36367
  7 -2.81367 123 1.2277
  8 -1.81367 132 1.31377
  9 -0.813671 104 1.01569
  10 0.186329 112 1.03199
  11 1.18633 114 1.13546
  12 2.18633 136 1.3027
  13 3.18633 126 1.28766
  14 4.18633 136 1.29014
  15 5.18633 126 1.26515
  16 6.18633 130 1.20405
  17 7.18633 113 0.990813
  18 8.18633 120 1.20277
  19 9.18633 140 1.33754
  20 10.1863 126 1.28269
  21 11.1863 103 1.10654
  22 12.1863 122 1.15291
  23 13.1863 107 1.10302
  24 14.1863 139 1.2703
  25 15.1863 108 1.21397
  26 16.1863 124 1.26135
  27 17.1863 130 1.36869
  28 18.1863 102 0.990708
  29 19.1863 129 1.11933
  30 20.1863 94 0.909573
17570000 30 3640
  1 -8.81367 101 1.09476
  2 -7.81367 144 1.31353
  3 -6.81367 118 1.1977
  4 -5.81367 132 1.25555
  5 -4.81367 120 1.22164
  6 -3.81367 125 1.23918
  7 -2.81367 123 1.25052
  8 -1.81367 128 1.18523
  9 -0.813671 108 1.00928
  10 0.186329 117 1.31599
  11 1.18633 106 0.987978
  12 2.18633 132 1.3072
  13 3.18633 126 1.20666
  14 4.18633 124 1.25304
  15 5.18633 126 1.24931
  16 6.18633 130 1.20787
  17 7.18633 119 1.07474
  18 8.18633 119 1.12244
  19 9.18633 141 1.46802
  20 10.1863 127 1.29576
  21 11.1863 112 1.20898
  22 12.1863 116 1.04328
  23 13.1863 118 1.24169
  24 14.1863 127 1.26328
  25 15.1863 130 1.2858
  26 16.1863 122 1.23294
  27 17.1863 119 1.28824
  28 18.1863 112 1.18009
  29 19.1863 118 1.04706
  30 20.1863 100 0.861025
17580000 30 3640
  1 -8.81367 113 1.11512
  2 -7.81367 135 1.28115
  3 -6.81367 109 1.08301
  4 -5.81367 130 1.25246
  5 -4.81367 125 1.1375
  6 -3.81367 117 1.22767
  7 -2.81367 132 1.34775
  8 -1.81367 129 1.26856
  9 -0.813671 123 1.15871
  10 0.186329 101 0.945605
  11 1.18633 117 1.23897
  12 2.18633 129 1.1104
  13 3.18633 128 1.2885
  14 4.18633 125 1.19054
  15 5.18633 141 1.28863
  16 6.18633 123 1.22401
  17 7.18633 120 1.03733
  18 8.18633 120 1.04231
  19 9.18633 143 1.54198
  20 10.1863 120 1.2562
  21 11.1863 114 1.12877
  22 12.1863 116 1.07809
  23 13.1863 121 1.19323
  24 14.1863 118 1.18196
  25 15.1863 124 1.25503
  26 16.1863 110 1.13241
  27 17.1863 125 1.31936
  28 18.1863 108 1.08177
  29 19.1863 123 1.10041
  30 20.1863 101 0.854079
17590000 30 3640
  1 -8.81367 100 0.96744
  2 -7.81367 152 1.59029
  3 -6.81367 122 1.12725
  4 -5.81367 128 1.28063
  5 -4.81367 125 1.19832
  6 -3.81367 125 1.23073
  7 -2.81367 123 1.257
  8 -1.81367 121 1.22193
  9 -0.813671 120 1.08994
  10 0.186329 101 1.00115
  11 1.18633 115 1.18222
  12 2.18633 132 1.22964
  13 3.18633 143 1.38939
  14 4.18633 106 1.02608
  15 5.18633 130 1.20471
  16 6.18633 114 1.09473
  17 7.18633 130 1.3069
  18 8.18633 111 0.946366
  19 9.18633 149 1.55276
  20 10.1863 120 1.17469
  21 11.1863 124 1.28694
  22 12.1863 101 0.964871
  23 13.1863 134 1.35572
  24 14.1863 117 1.24702
  25 15.1863 132 1.2533
  26 16.1863 106 1.03855
  27 17.1863 122 1.3294
  28 18.1863 116 1.1883
  29 19.1863 120 1.02751
  30 20.1863 101 0.900055
17600000 30 3640
  1 -8.81367 65 0.636363
  2 -7.81367 148 1.4202
  3 -6.81367 126 1.16545
  4 -5.81367 122 1.17289
  5 -4.81367 141 1.33163
  6 -3.81367 121 1.2257
  7 -2.81367 142 1.41154
  8 -1.81367 121 1.12857
  9 -0.813671 115 1.03631
  10 0.186329 117 1.20247
  11 1.18633 109 1.09053
  12 2.18633 114 1.05849
  13 3.18633 135 1.26034
  14 4.18633 131 1.32171
  15 5.18633 137 1.23691
  16 6.18633 118 1.14578
  17 7.18633 123 1.08439
  18 8.18633 121 1.1151
  19 9.18633 151 1.515
  20 10.1863 124 1.30195
  21 11.1863 107 1.07565
  22 12.1863 114 1.0781
  23 13.1863 117 1.16429
  24 14.1863 124 1.15459
  25 15.1863 122 1.23675
  26 16.1863 119 1.14207
  27 17.1863 125 1.35621
  28 18.1863 126 1.2836
  29 19.1863 126 0.957758
  30 20.1863 79 0.851551
17610000 30 3640
  1 -8.81367 124 1.15487
  2 -7.81367 129 1.2907
  3 -6.81367 119 1.25496
  4 -5.81367 123 1.22198
  5 -4.81367 121 1.14456
  6 -3.81367 129 1.3427
  7 -2.81367 119 1.24478
  8 -1.81367 137 1.32871
  9 -0.813671 107 1.10019
  10 0.186329 103 0.946468
  11 1.18633 123 1.2932
  12 2.18633 130 1.1854
  13 3.18633 114 1.16995
  14 4.18633 132 1.35029
  15 5.18633 131 1.30849
  16 6.18633 128 1.18527
  17 7.18633 108 0.998535
  18 8.18633 125 1.17643
  19 9.18633 135 1.44426
  20 10.1863 130 1.32495
  21 11.1863 116 1.19148
  22 12.1863 121 1.23601
  23 13.1863 111 1.07092
  24 14.1863 132 1.3517
  25 15.1863 117 1.25755
  26 16.1863 112 1.13947
  27 17.1863 127 1.3326
  28 18.1863 108 1.12034
  29 19.1863 131 1.16756
  30 20.1863 98 0.959045
17620000 32 3640
  1 -9.81367 3 0.0175648
  2 -8.81367 126 1.21624
  3 -7.81367 131 1.32634
  4 -6.81367 116 1.12334
  5 -5.81367 128 1.23738
  6 -4.81367 125 1.18098
  7 -3.81367 122 1.29376
  8 -2.81367 131 1.31256
  9 -1.81367 116 1.12463
  10 -0.813671 117 1.14966
  11 0.186329 104 0.996815
  12 1.18633 126 1.30391
  13 2.18633 130 1.20875
  14 3.18633 127 1.21485
  15 4.18633 129 1.25248
  16 5.18633 117 1.14093
  17 6.18633 134 1.25753
  18 7.18633 110 1.00679
  19 8.18633 125 1.28627
  20 9.18633 138 1.27885
  21 10.1863 121 1.36517
  22 11.1863 120 1.2124
  23 12.1863 111 1.0794
  24 13.1863 117 1.15979
  25 14.1863 112 1.16088
  26 15.1863 120 1.16852
  27 16.1863 102 1.07691
  28 17.1863 133 1.30519
  29 18.1863 122 1.2925
  30 19.1863 106 0.981673
  31 20.1863 120 1.0858
  32 21.1863 1 0.00126219
17630000 30 3640
  1 -8.81367 87 0.929978
  2 -7.81367 148 1.3953
  3 -6.81367 110 1.05318
  4 -5.81367 146 1.41741
  5 -4.81367 115 1.07558
  6 -3.81367 119 1.26319
  7 -2.81367 134 1.26587
  8 -1.81367 135 1.3167
  9 -0.813671 110 1.08804
  10 0.186329 113 1.13284
  11 1.18633 114 1.16513
  12 2.18633 126 1.14406
  13 3.18633 124 1.19875
  14 4.18633 133 1.30681
  15 5.18633 133 1.26087
  16 6.18633 125 1.16385
  17 7.18633 109 1.00974
  18 8.18633 124 1.14651
  19 9.18633 147 1.50817
  20 10.1863 122 1.22485
  21 11.1863 112 1.18482
  22 12.1863 118 1.12906
  23 13.1863 129 1.24976
  24 14.1863 125 1.26209
  25 15.1863 121 1.20732
  26 16.1863 122 1.20981
  27 17.1863 116 1.26582
  28 18.1863 121 1.19241
  29 19.1863 116 1.00484
  30 20.1863 86 0.752308
17640000 30 3640
  1 -8.81367 111 1.04403
  2 -7.81367 143 1.47665
  3 -6.81367 111 1.0788
  4 -5.81367 121 1.16357
  5 -4.81367 129 1.20111
  6 -3.81367 128 1.28826
  7 -2.81367 119 1.26708
  8 -1.81367 120 1.11126
  9 -0.813671 128 1.28593
  10 0.186329 115 1.09758
  11 1.18633 104 1.01409
  12 2.18633 134 1.24479
  13 3.18633 130 1.32455
  14 4.18633 125 1.23851
  15 5.18633 124 1.14752
  16 6.18633 121 1.14986
  17 7.18633 118 1.10635
  18 8.18633 122 1.16616
  19 9.18633 141 1.46301
  20 10.1863 124 1.23219
  21 11.1863 111 1.18473
  22 12.1863 124 1.08523
  23 13.1863 119 1.24086
  24 14.1863 134 1.37207
  25 15.1863 123 1.18356
  26 16.1863 110 1.06135
  27 17.1863 125 1.40433
  28 18.1863 119 1.14118
  29 19.1863 115 1.01161
  30 20.1863 92 0.846855
17650000 30 3640
  1 -8.81367 103 1.00493
  2 -7.81367 142 1.35441
  3 -6.81367 121 1.23696
  4 -5.81367 136 1.27316
  5 -4.81367 108 1.01986
  6 -3.81367 136 1.46899
  7 -2.81367 118 1.14839
  8 -1.81367 133 1.22952
  9 -0.813671 111 1.1036
  10 0.186329 107 0.996189
  11 1.18633 109 1.21701
  12 2.18633 124 1.13724
  13 3.18633 131 1.23709
  14 4.18633 119 1.18211
  15 5.18633 130 1.30812
  16 6.18633 125 1.0624
  17 7.18633 111 1.12712
  18 8.18633 123 1.03876
  19 9.18633 146 1.5839
  20 10.1863 123 1.23827
  21 11.1863 115 1.1995
  22 12.1863 118 1.04228
  23 13.1863 112 1.20332
  24 14.1863 138 1.37697
  25 15.1863 116 1.1508
  26 16.1863 121 1.21076
  27 17.1863 115 1.23075
  28 18.1863 120 1.22079
  29 19.1863 126 1.09984
  30 20.1863 103 0.9599
17660000 30 3640
  1 -8.81367 120 1.23356
  2 -7.81367 140 1.34351
  3 -6.81367 123 1.21724
  4 -5.81367 123 1.18234
  5 -4.81367 129 1.21732
  6 -3.81367 126 1.3096
  7 -2.81367 127 1.25105
  8 -1.81367 122 1.22727
  9 -0.813671 113 1.08137
  10 0.186329 104 0.982668
  11 1.18633 117 1.2086
  12 2.18633 135 1.2636
  13 3.18633 116 1.12879
  14 4.18633 124 1.24848
  15 5.18633 134 1.2349
  16 6.18633 117 1.10499
  17 7.18633 119 1.18114
  18 8.18633 114 1.04639
  19 9.18633 154 1.50205
  20 10.1863 121 1.2023
  21 11.1863 114 1.2908
  22 12.1863 108 0.950205
  23 13.1863 124 1.29601
  24 14.1863 111 1.07637
  25 15.1863 130 1.28098
  26 16.1863 116 1.22346
  27 17.1863 122 1.21618
  28 18.1863 122 1.2398
  29 19.1863 109 0.919049
  30 20.1863 106 1.01132
17670000 30 3640
  1 -8.81367 111 1.18651
  2 -7.81367 146 1.35983
  3 -6.81367 119 1.09168
  4 -5.81367 130 1.36086
  5 -4.81367 117 1.1801
  6 -3.81367 139 1.33948
  7 -2.81367 123 1.30021
  8 -1.81367 118 1.09666
  9 -0.813671 106 1.05241
  10 0.186329 122 1.18158
  11 1.18633 104 1.12698
  12 2.18633 136 1.28528
  13 3.18633 118 1.17643
  14 4.18633 129 1.34191
  15 5.18633 130 1.24209
  16 6.18633 120 1.093
  17 7.18633 116 1.15233
  18 8.18633 127 1.13728
  19 9.18633 134 1.39893
  20 10.1863 120 1.26486
  21 11.1863 124 1.25721
  22 12.1863 113 1.1169
  23 13.1863 112 1.07395
  24 14.1863 121 1.33942
  25 15.1863 124 1.18156
  26 16.1863 126 1.37097
  27 17.1863 115 1.17261
  28 18.1863 117 1.25218
  29 19.1863 118 0.999446
  30 20.1863 105 1.00556
17680000 30 3640
  1 -8.81367 99 1.0372
  2 -7.81367 135 1.32251
  3 -6.81367 118 1.15632
  4 -5.81367 125 1.22441
  5 -4.81367 130 1.16384
  6 -3.81367 126 1.33848
  7 -2.81367 133 1.26547
  8 -1.81367 121 1.15133
  9 -0.813671 120 1.21346
  10 0.186329 115 1.04222
  11 1.18633 109 1.17981
  12 2.18633 132 1.18749
  13 3.18633 118 1.21827
  14 4.18633 124 1.18852
  15 5.18633 141 1.36235
  16 6.18633 126 1.12408
  17 7.18633 119 1.13894
  18 8.18633 113 0.997623
  19 9.18633 157 1.61033
  20 10.1863 121 1.26045
  21 11.1863 116 1.17981
  22 12.1863 112 1.08432
  23 13.1863 120 1.12039
  24 14.1863 136 1.37231
  25 15.1863 115 1.17229
  26 16.1863 126 1.32371
  27 17.1863 121 1.22582
  28 18.1863 103 1.00366
  29 19.1863 131 1.05602
  30 20.1863 78 0.724537
17690000 30 3640
  1 -8.81367 87 0.819151
  2 -7.81367 137 1.34792
  3 -6.81367 117 1.14402
  4 -5.81367 129 1.27864
  5 -4.81367 119 1.08235
  6 -3.81367 128 1.3169
  7 -2.81367 132 1.25531
  8 -1.81367 131 1.25274
  9 -0.813671 107 1.08843
  10 0.186329 112 1.09972
  11 1.18633 120 1.14907
  12 2.18633 125 1.18368
  13 3.18633 125 1.201
  14 4.18633 120 1.11685
  15 5.18633 141 1.44426
  16 6.18633 117 1.0712
  17 7.18633 130 1.12565
  18 8.18633 105 0.96748
  19 9.18633 146 1.49976
  20 10.1863 131 1.31835
  21 11.1863 127 1.32427
  22 12.1863 115 1.04899
  23 13.1863 126 1.24784
  24 14.1863 123 1.1961
  25 15.1863 128 1.31941
  26 16.1863 110 1.04026
  27 17.1863 133 1.48255
  28 18.1863 124 1.15646
  29 19.1863 119 1.00708
  30 20.1863 76 0.712886
17700000 30 3640
  1 -8.81367 102 1.00009
  2 -7.81367 142 1.42457
  3 -6.81367 115 1.11751
  4 -5.81367 129 1.24131
  5 -4.81367 124 1.13128
  6 -3.81367 134 1.34275
  7 -2.81367 127 1.28834
  8 -1.81367 122 1.16832
  9 -0.813671 116 1.0534
  10 0.186329 97 0.993905
  11 1.18633 104 1.05945
  12 2.18633 137 1.31815
  13 3.18633 124 1.12759
  14 4.18633 133 1.31928
  15 5.18633 121 1.16717
  16 6.18633 136 1.29704
  17 7.18633 119 1.06325
  18 8.18633 116 1.11516
  19 9.18633 136 1.31192
  20 10.1863 132 1.30831
  21 11.1863 125 1.36979
  22 12.1863 102 0.916009
  23 13.1863 133 1.29714
  24 14.1863 112 1.07557
  25 15.1863 129 1.33288
  26 16.1863 117 1.21161
  27 17.1863 116 1.16961
  28 18.1863 115 1.18561
  29 19.1863 132 1.09798
  30 20.1863 93 0.855218
17710000 30 3640
  1 -8.81367 105 1.1114
  2 -7.81367 133 1.28397
  3 -6.81367 111 1.03452
  4 -5.81367 133 1.26521
  5 -4.81367 123 1.17467
  6 -3.81367 130 1.25532
  7 -2.81367 132 1.39786
  8 -1.81367 123 1.15729
  9 -0.813671 134 1.27163
  10 0.186329 99 0.958789
  11 1.18633 110 1.15498
  12 2.18633 125 1.14995
  13 3.18633 130 1.30002
  14 4.18633 122 1.1474
  15 5.18633 139 1.3373
  16 6.18633 115 1.07053
  17 7.18633 129 1.14374
  18 8.18633 111 1.08797
  19 9.18633 144 1.4563
  20 10.1863 135 1.37557
  21 11.1863 114 1.16595
  22 12.1863 116 1.10523
  23 13.1863 121 1.14002
  24 14.1863 113 1.10908
  25 15.1863 120 1.22551
  26 16.1863 125 1.30233
  27 17.1863 123 1.32112
  28 18.1863 123 1.15363
  29 19.1863 117 1.0185
  30 20.1863 85 0.76417
17720000 30 3640
  1 -8.81367 110 1.09357
  2 -7.81367 139 1.34376
  3 -6.81367 111 1.01475
  4 -5.81367 128 1.36479
  5 -4.81367 125 1.15734
  6 -3.81367 132 1.33992
  7 -2.81367 121 1.19858
  8 -1.81367 134 1.27111
  9 -0.813671 110 1.18114
  10 0.186329 110 1.00483
  11 1.18633 97 0.947203
  12 2.18633 143 1.35
  13 3.18633 117 1.09983
  14 4.18633 138 1.43383
  15 5.18633 114 1.09357
  16 6.18633 120 1.14228
  17 7.18633 124 1.17739
  18 8.18633 128 1.15624
  19 9.18633 145 1.5076
  20 10.1863 133 1.37496
  21 11.1863 116 1.25227
  22 12.1863 110 0.985902
  23 13.1863 122 1.21
  24 14.1863 120 1.14745
  25 15.1863 114 1.18349
  26 16.1863 131 1.35112
  27 17.1863 114 1.24118
  28 18.1863 119 1.20358
  29 19.1863 121 1.03234
  30 20.1863 94 0.885881
17730000 30 3640
  1 -8.81367 111 1.17957
  2 -7.81367 149 1.38624
  3 -6.81367 119 1.18208
  4 -5.81367 126 1.21733
  5 -4.81367 116 1.15562
  6 -3.81367 130 1.29287
  7 -2.81367 134 1.47024
  8 -1.81367 117 1.1217
  9 -0.813671 124 1.23509
  10 0.186329 98 0.929185
  11 1.18633 117 1.17844
  12 2.18633 124 1.16962
  13 3.18633 125 1.24508
  14 4.18633 122 1.20985
  15 5.18633 122 1.22113
  16 6.18633 122 1.10538
  17 7.18633 128 1.12942
  18 8.18633 117 1.09408
  19 9.18633 140 1.46526
  20 10.1863 120 1.26024
  21 11.1863 129 1.27647
  22 12.1863 108 1.15311
  23 13.1863 131 1.2967
  24 14.1863 122 1.2125
  25 15.1863 116 1.21223
  26 16.1863 120 1.19347
  27 17.1863 124 1.30923
  28 18.1863 116 1.17712
  29 19.1863 114 1.01855
  30 20.1863 99 0.869994
17740000 30 3640
  1 -8.81367 121 1.25743
  2 -7.81367 141 1.33051
  3 -6.81367 107 1.0901
  4 -5.81367 131 1.25617
  5 -4.81367 117 1.12288
  6 -3.81367 133 1.38427
  7 -2.81367 121 1.18327
  8 -1.81367 129 1.25994
  9 -0.813671 118 1.18704
  10 0.186329 102 0.988428
  11 1.18633 116 1.21349
  12 2.18633 124 1.10545
  13 3.18633 126 1.20972
  14 4.18633 122 1.2234
  15 5.18633 123 1.2964
  16 6.18633 133 1.21854
  17 7.18633 118 1.05255
  18 8.18633 130 1.25129
  19 9.18633 129 1.34156
  20 10.1863 139 1.37068
  21 11.1863 112 1.19186
  22 12.1863 118 1.13691
  23 13.1863 117 1.15052
  24 14.1863 119 1.19967
  25 15.1863 116 1.18575
  26 16.1863 115 1.24978
  27 17.1863 122 1.2285
  28 18.1863 115 1.23976
  29 19.1863 128 1.05519
  30 20.1863 98 0.944312
17750000 30 3640
  1 -8.81367 109 1.09863
  2 -7.81367 129 1.23197
  3 -6.81367 123 1.20076
  4 -5.81367 133 1.29544
  5 -4.81367 116 1.1297
  6 -3.81367 123 1.30036
  7 -2.81367 131 1.23577
  8 -1.81367 122 1.14092
  9 -0.813671 118 1.15838
  10 0.186329 109 1.15598
  11 1.18633 107 1.07983
  12 2.18633 129 1.13987
  13 3.18633 124 1.18091
  14 4.18633 123 1.31417
  15 5.18633 133 1.22081
  16 6.18633 127 1.18582
  17 7.18633 128 1.16472
  18 8.18633 107 0.878048
  19 9.18633 142 1.59337
  20 10.1863 120 1.25185
  21 11.1863 135 1.32665
  22 12.1863 101 0.975087
  23 13.1863 133 1.27701
  24 14.1863 119 1.25562
  25 15.1863 123 1.25434
  26 16.1863 121 1.22322
  27 17.1863 111 1.09855
  28 18.1863 127 1.32419
  29 19.1863 130 1.16844
  30 20.1863 87 0.764413
17760000 30 3640
  1 -8.81367 107 1.16973
  2 -7.81367 150 1.37586
  3 -6.81367 107 1.11819
  4 -5.81367 134 1.24636
  5 -4.81367 118 1.17348
  6 -3.81367 120 1.27007
  7 -2.81367 133 1.23643
  8 -1.81367 131 1.34682
  9 -0.813671 116 1.11837
  10 0.186329 108 1.10936
  11 1.18633 114 1.12844
  12 2.18633 125 1.17853
  13 3.18633 130 1.27796
  14 4.18633 119 1.07434
  15 5.18633 131 1.44094
  16 6.18633 126 1.13216
  17 7.18633 120 1.08565
  18 8.18633 112 1.04546
  19 9.18633 149 1.48516
  20 10.1863 118 1.26513
  21 11.1863 129 1.33419
  22 12.1863 119 1.06933
  23 13.1863 119 1.29532
  24 14.1863 116 1.17745
  25 15.1863 120 1.20733
  26 16.1863 117 1.17471
  27 17.1863 127 1.38583
  28 18.1863 115 1.13456
  29 19.1863 117 1.00652
  30 20.1863 93 0.833069
17770000 30 3640
  1 -8.81367 102 1.10306
  2 -7.81367 146 1.3154
  3 -6.81367 109 1.1231
  4 -5.81367 129 1.21233
  5 -4.81367 124 1.21609
  6 -3.81367 119 1.24612
  7 -2.81367 126 1.24112
  8 -1.81367 128 1.30261
  9 -0.813671 118 1.16344
  10 0.186329 106 0.938899
  11 1.18633 113 1.19356
  12 2.18633 130 1.18985
  13 3.18633 124 1.28131
  14 4.18633 131 1.3115
  15 5.18633 127 1.23993
  16 6.18633 131 1.24623
  17 7.18633 118 1.01292
  18 8.18633 125 1.26634
  19 9.18633 144 1.36805
  20 10.1863 123 1.275
  21 11.1863 110 1.14694
  22 12.1863 125 1.15965
  23 13.1863 114 1.20356
  24 14.1863 130 1.22383
  25 15.1863 112 1.24857
  26 16.1863 115 1.21977
  27 17.1863 119 1.19109
  28 18.1863 123 1.25242
  29 19.1863 113 0.976522
  30 20.1863 106 0.986518
17780000 30 3640
  1 -8.81367 103 1.13422
  2 -7.81367 144 1.35903
  3 -6.81367 120 1.17668
  4 -5.81367 124 1.22156
  5 -4.81367 129 1.23042
  6 -3.81367 128 1.31771
  7 -2.81367 134 1.2891
  8 -1.81367 116 1.09799
  9 -0.813671 117 1.19295
  10 0.186329 109 1.09929
  11 1.18633 112 1.07813
  12 2.18633 123 1.22791
  13 3.18633 125 1.17671
  14 4.18633 141 1.37286
  15 5.18633 120 1.1754
  16 6.18633 128 1.1855
  17 7.18633 109 0.964436
  18 8.18633 120 1.21041
  19 9.18633 138 1.38908
  20 10.1863 144 1.47391
  21 11.1863 116 1.11048
  22 12.1863 114 1.17914
  23 13.1863 110 1.05806
  24 14.1863 125 1.20674
  25 15.1863 124 1.27031
  26 16.1863 115 1.1879
  27 17.1863 110 1.08801
  28 18.1863 122 1.30653
  29 19.1863 124 1.14924
  30 20.1863 96 0.758384
17790000 30 3640
  1 -8.81367 98 0.993946
  2 -7.81367 141 1.30674
  3 -6.81367 119 1.22009
  4 -5.81367 127 1.18058
  5 -4.81367 132 1.22637
  6 -3.81367 121 1.26328
  7 -2.81367 129 1.34733
  8 -1.81367 128 1.11024
  9 -0.813671 117 1.11757
  10 0.186329 110 1.09291
  11 1.18633 113 1.20533
  12 2.18633 120 1.05711
  13 3.18633 128 1.24369
  14 4.18633 116 1.15207
  15 5.18633 137 1.33764
  16 6.18633 122 1.12994
  17 7.18633 137 1.15727
  18 8.18633 107 1.09406
  19 9.18633 148 1.44141
  20 10.1863 127 1.25849
  21 11.1863 121 1.23857
  22 12.1863 116 1.03481
  23 13.1863 117 1.2745
  24 14.1863 126 1.2252
  25 15.1863 117 1.19161
  26 16.1863 120 1.12253
  27 17.1863 109 1.18677
  28 18.1863 110 1.07425
  29 19.1863 132 1.1671
  30 20.1863 95 0.867838
17800000 30 3640
  1 -8.81367 140 1.37712
  2 -7.81367 121 1.1567
  3 -6.81367 117 1.19939
  4 -5.81367 124 1.19688
  5 -4.81367 122 1.2422
  6 -3.81367 125 1.24476
  7 -2.81367 116 1.18673
  8 -1.81367 133 1.30522
  9 -0.813671 105 0.945113
  10 0.186329 103 0.9941
  11 1.18633 113 1.21715
  12 2.18633 134 1.2663
  13 3.18633 118 1.22468
  14 4.18633 124 1.17426
  15 5.18633 127 1.25477
  16 6.18633 128 1.19829
  17 7.18633 108 1.08226
  18 8.18633 128 1.08125
  19 9.18633 150 1.67043
  20 10.1863 122 1.18816
  21 11.1863 120 1.19316
  22 12.1863 112 1.15272
  23 13.1863 119 1.12768
  24 14.1863 126 1.26378
  25 15.1863 116 1.21959
  26 16.1863 124 1.2623
  27 17.1863 124 1.30905
  28 18.1863 112 1.2082
  29 19.1863 116 1.00051
  30 20.1863 113 1.05329
17810000 30 3640
  1 -8.81367 117 1.16209
  2 -7.81367 139 1.29057
  3 -6.81367 113 1.14311
  4 -5.81367 125 1.26398
  5 -4.81367 133 1.25405
  6 -3.81367 129 1.38739
  7 -2.81367 122 1.22378
  8 -1.81367 112 1.05617
  9 -0.813671 118 1.12928
  10 0.186329 110 1.16966
  11 1.18633 119 1.21622
  12 2.18633 117 1.05504
  13 3.18633 131 1.25537
  14 4.18633 132 1.41017
  15 5.18633 137 1.29311
  16 6.18633 111 1.00963
  17 7.18633 119 1.0789
  18 8.18633 116 1.13436
  19 9.18633 146 1.56518
  20 10.1863 123 1.21998
  21 11.1863 119 1.23001
  22 12.1863 112 1.04865
  23 13.1863 123 1.19735
  24 14.1863 116 1.20739
  25 15.1863 130 1.38504
  26 16.1863 114 1.17208
  27 17.1863 125 1.27667
  28 18.1863 117 1.24895
  29 19.1863 121 1.00968
  30 20.1863 94 0.913746
17820000 30 3640
  1 -8.81367 100 0.883359
  2 -7.81367 153 1.52072
  3 -6.81367 113 1.16403
  4 -5.81367 139 1.26102
  5 -4.81367 116 1.08957
  6 -3.81367 139 1.4013
  7 -2.81367 118 1.17029
  8 -1.81367 133 1.30565
  9 -0.813671 107 1.02133
  10 0.186329 112 1.10327
  11 1.18633 119 1.19647
  12 2.18633 119 1.11573
  13 3.18633 125 1.22376
  14 4.18633 136 1.30703
  15 5.18633 122 1.15783
  16 6.18633 123 1.18405
  17 7.18633 114 1.00267
  18 8.18633 129 1.21264
  19 9.18633 131 1.33179
  20 10.1863 133 1.42739
  21 11.1863 124 1.1865
  22 12.1863 114 1.08698
  23 13.1863 115 1.16411
  24 14.1863 116 1.22754
  25 15.1863 124 1.22998
  26 16.1863 113 1.18506
  27 17.1863 116 1.11698
  28 18.1863 117 1.1852
  29 19.1863 127 1.13559
  30 20.1863 93 0.897011
17830000 30 3640
  1 -8.81367 122 1.23201
  2 -7.81367 135 1.3405
  3 -6.81367 120 1.27525
  4 -5.81367 132 1.15176
  5 -4.81367 108 1.1834
  6 -3.81367 126 1.26517
  7 -2.81367 129 1.36831
  8 -1.81367 126 1.18102
  9 -0.813671 118 1.17862
  10 0.186329 97 1.00881
  11 1.18633 118 1.1772
  12 2.18633 127 1.2729
  13 3.18633 122 1.22561
  14 4.18633 122 1.17208
  15 5.18633 133 1.3799
  16 6.18633 127 1.15696
  17 7.18633 121 1.14535
  18 8.18633 124 1.21548
  19 9.18633 130 1.32383
  20 10.1863 125 1.37479
  21 11.1863 128 1.27785
  22 12.1863 112 1.07012
  23 13.1863 117 1.1619
  24 14.1863 135 1.45904
  25 15.1863 113 1.11472
  26 16.1863 121 1.30979
  27 17.1863 113 1.15285
  28 18.1863 113 1.21668
  29 19.1863 124 1.00904
  30 20.1863 102 1.03682
17840000 30 3640
  1 -8.81367 105 0.997716
  2 -7.81367 142 1.37963
  3 -6.81367 111 1.12578
  4 -5.81367 130 1.22502
  5 -4.81367 126 1.28149
  6 -3.81367 134 1.35565
  7 -2.81367 127 1.29662
  8 -1.81367 118 1.10697
  9 -0.813671 111 1.10072
  10 0.186329 109 1.04796
  11 1.18633 105 1.1296
  12 2.18633 131 1.2615
  13 3.18633 135 1.24914
  14 4.18633 122 1.25142
  15 5.18633 128 1.23255
  16 6.18633 116 1.12205
  17 7.18633 131 1.16864
  18 8.18633 111 1.13464
  19 9.18633 145 1.46628
  20 10.1863 127 1.23262
  21 11.1863 131 1.39333
  22 12.1863 111 1.07806
  23 13.1863 120 1.19495
  24 14.1863 120 1.1861
  25 15.1863 117 1.23258
  26 16.1863 117 1.1032
  27 17.1863 118 1.32671
  28 18.1863 119 1.22005
  29 19.1863 128 1.00795
  30 20.1863 95 0.988774
17850000 30 3640
  1 -8.81367 88 0.902898
  2 -7.81367 146 1.35068
  3 -6.81367 111 1.08672
  4 -5.81367 132 1.29298
  5 -4.81367 117 1.12051
  6 -3.81367 137 1.39049
  7 -2.81367 130 1.37675
  8 -1.81367 116 1.07175
  9 -0.813671 114 1.08059
  10 0.186329 103 1.06047
  11 1.18633 125 1.19696
  12 2.18633 118 1.15051
  13 3.18633 140 1.31942
  14 4.18633 124 1.29426
  15 5.18633 131 1.19935
  16 6.18633 122 1.20678
  17 7.18633 113 1.06299
  18 8.18633 119 1.02439
  19 9.18633 140 1.52678
  20 10.1863 133 1.32684
  21 11.1863 124 1.24176
  22 12.1863 111 1.05302
  23 13.1863 119 1.24548
  24 14.1863 123 1.16069
  25 15.1863 122 1.24179
  26 16.1863 112 1.21167
  27 17.1863 119 1.21933
  28 18.1863 131 1.23683
  29 19.1863 125 1.10808
  30 20.1863 95 0.967882
17860000 30 3640
  1 -8.81367 97 0.976223
  2 -7.81367 130 1.30578
  3 -6.81367 113 1.12156
  4 -5.81367 134 1.27195
  5 -4.81367 113 1.06392
  6 -3.81367 127 1.36337
  7 -2.81367 132 1.26314
  8 -1.81367 129 1.27692
  9 -0.813671 109 1.05777
  10 0.186329 105 0.998794
  11 1.18633 119 1.30084
  12 2.18633 122 1.11923
  13 3.18633 123 1.18178
  14 4.18633 129 1.27823
  15 5.18633 130 1.31077
  16 6.18633 133 1.15681
  17 7.18633 116 1.1191
  18 8.18633 124 1.10041
  19 9.18633 134 1.36965
  20 10.1863 124 1.32959
  21 11.1863 120 1.24436
  22 12.1863 124 1.16419
  23 13.1863 116 1.18173
  24 14.1863 134 1.36851
  25 15.1863 117 1.19297
  26 16.1863 115 1.16804
  27 17.1863 122 1.24938
  28 18.1863 119 1.19674
  29 19.1863 129 1.15427
  30 20.1863 101 0.917396
17870000 30 3640
  1 -8.81367 99 1.02827
  2 -7.81367 133 1.29402
  3 -6.81367 116 1.16303
  4 -5.81367 140 1.3016
  5 -4.81367 119 1.16929
  6 -3.81367 122 1.333
  7 -2.81367 128 1.24995
  8 -1.81367 133 1.29402
  9 -0.813671 112 1.06609
  10 0.186329 103 1.06736
  11 1.18633 118 1.14424
  12 2.18633 133 1.28403
  13 3.18633 127 1.20718
  14 4.18633 122 1.25498
  15 5.18633 119 1.13282
  16 6.18633 135 1.27899
  17 7.18633 113 1.10378
  18 8.18633 122 1.07751
  19 9.18633 140 1.44524
  20 10.1863 134 1.42629
  21 11.1863 118 1.26622
  22 12.1863 101 0.917361
  23 13.1863 126 1.25885
  24 14.1863 111 1.19587
  25 15.1863 132 1.2764
  26 16.1863 105 1.1289
  27 17.1863 128 1.31807
  28 18.1863 132 1.29656
  29 19.1863 120 1.12279
  30 20.1863 99 0.897166
17880000 30 3640
  1 -8.81367 116 1.13726
  2 -7.81367 132 1.33588
  3 -6.81367 115 1.12208
  4 -5.81367 124 1.15475
  5 -4.81367 132 1.25342
  6 -3.81367 129 1.37202
  7 -2.81367 129 1.34321
  8 -1.81367 122 1.12222
  9 -0.813671 117 1.08238
  10 0.186329 101 1.08969
  11 1.18633 129 1.24349
  12 2.18633 127 1.19225
  13 3.18633 122 1.13365
  14 4.18633 121 1.29817
  15 5.18633 138 1.30094
  16 6.18633 110 1.03099
  17 7.18633 122 1.1048
  18 8.18633 114 0.987404
  19 9.18633 137 1.51066
  20 10.1863 126 1.28708
  21 11.1863 124 1.26844
  22 12.1863 100 0.91094
  23 13.1863 124 1.24973
  24 14.1863 116 1.27954
  25 15.1863 128 1.22973
  26 16.1863 120 1.24968
  27 17.1863 112 1.11596
  28 18.1863 126 1.25464
  29 19.1863 111 0.949849
  30 20.1863 116 1.09218
17890000 30 3640
  1 -8.81367 98 0.994931
  2 -7.81367 147 1.47731
  3 -6.81367 107 1.0933
  4 -5.81367 130 1.19059
  5 -4.81367 117 1.11826
  6 -3.81367 126 1.34138
  7 -2.81367 125 1.18063
  8 -1.81367 120 1.18309
  9 -0.813671 132 1.2542
  10 0.186329 110 1.13703
  11 1.18633 116 1.17325
  12 2.18633 116 1.05232
  13 3.18633 128 1.2592
  14 4.18633 124 1.26039
  15 5.18633 133 1.27293
  16 6.18633 128 1.15699
  17 7.18633 126 1.03374
  18 8.18633 110 1.13827
  19 9.18633 149 1.60437
  20 10.1863 120 1.18934
  21 11.1863 115 1.16311
  22 12.1863 112 1.0697
  23 13.1863 123 1.19569
  24 14.1863 126 1.1595
  25 15.1863 125 1.35388
  26 16.1863 106 1.13191
  27 17.1863 120 1.20314
  28 18.1863 126 1.25168
  29 19.1863 114 0.971326
  30 20.1863 111 1.00738
17900000 30 3640
  1 -8.81367 109 1.02818
  2 -7.81367 134 1.37377
  3 -6.81367 131 1.34717
  4 -5.81367 127 1.23746
  5 -4.81367 121 1.12655
  6 -3.81367 127 1.36861
  7 -2.81367 125 1.19965
  8 -1.81367 130 1.28416
  9 -0.813671 126 1.25267
  10 0.186329 98 0.97146
  11 1.18633 112 1.15687
  12 2.18633 126 1.14049
  13 3.18633 128 1.33843
  14 4.18633 129 1.23753
  15 5.18633 129 1.2514
  16 6.18633 128 1.20984
  17 7.18633 118 1.05473
  18 8.18633 116 1.14296
  19 9.18633 149 1.58818
  20 10.1863 128 1.29176
  21 11.1863 109 1.11504
  22 12.1863 118 1.12657
  23 13.1863 114 1.12906
  24 14.1863 119 1.27667
  25 15.1863 122 1.25386
  26 16.1863 116 1.18074
  27 17.1863 122 1.28424
  28 18.1863 117 1.13534
  29 19.1863 112 1.0433
  30 20.1863 100 0.894491
17910000 30 3640
  1 -8.81367 133 1.1665
  2 -7.81367 138 1.4654
  3 -6.81367 121 1.26128
  4 -5.81367 127 1.24486
  5 -4.81367 119 1.18649
  6 -3.81367 138 1.38938
  7 -2.81367 106 1.09397
  8 -1.81367 150 1.42232
  9 -0.813671 87 0.820308
  10 0.186329 105 1.11441
  11 1.18633 106 1.14598
  12 2.18633 133 1.17533
  13 3.18633 123 1.26014
  14 4.18633 122 1.25368
  15 5.18633 132 1.29309
  16 6.18633 136 1.26392
  17 7.18633 113 1.10422
  18 8.18633 119 1.14858
  19 9.18633 143 1.41106
  20 10.1863 123 1.27902
  21 11.1863 116 1.24733
  22 12.1863 108 0.983765
  23 13.1863 122 1.27654
  24 14.1863 125 1.26405
  25 15.1863 120 1.22457
  26 16.1863 122 1.23464
  27 17.1863 125 1.38944
  28 18.1863 120 1.1701
  29 19.1863 110 1.02438
  30 20.1863 98 0.903866
17920000 30 3640
  1 -8.81367 127 1.35654
  2 -7.81367 150 1.37537
  3 -6.81367 110 1.14714
  4 -5.81367 121 1.14596
  5 -4.81367 117 1.07506
  6 -3.81367 137 1.43109
  7 -2.81367 128 1.2407
  8 -1.81367 119 1.12112
  9 -0.813671 112 1.12605
  10 0.186329 114 1.1462
  11 1.18633 122 1.15595
  12 2.18633 119 1.10877
  13 3.18633 127 1.33532
  14 4.18633 132 1.26313
  15 5.18633 130 1.27435
  16 6.18633 122 1.09502
  17 7.18633 112 1.0551
  18 8.18633 134 1.20219
  19 9.18633 131 1.34658
  20 10.1863 117 1.2331
  21 11.1863 109 1.13468
  22 12.1863 120 1.11628
  23 13.1863 113 1.10239
  24 14.1863 118 1.24691
  25 15.1863 123 1.18839
  26 16.1863 115 1.23808
  27 17.1863 139 1.38275
  28 18.1863 107 1.11853
  29 19.1863 110 0.984147
  30 20.1863 105 0.842179
17930000 30 3640
  1 -8.81367 117 1.16852
  2 -7.81367 140 1.34868
  3 -6.81367 108 1.11598
  4 -5.81367 133 1.27476
  5 -4.81367 123 1.18852
  6 -3.81367 126 1.25482
  7 -2.81367 134 1.37983
  8 -1.81367 121 1.24091
  9 -0.813671 123 1.14743
  10 0.186329 101 0.990938
  11 1.18633 106 1.03849
  12 2.18633 118 1.05106
  13 3.18633 133 1.33737
  14 4.18633 118 1.19972
  15 5.18633 134 1.36747
  16 6.18633 133 1.0986
  17 7.18633 109 1.14588
  18 8.18633 127 1.00989
  19 9.18633 142 1.64377
  20 10.1863 124 1.19227
  21 11.1863 109 1.19715
  22 12.1863 118 1.0685
  23 13.1863 112 1.071
  24 14.1863 130 1.40627
  25 15.1863 115 1.12216
  26 16.1863 125 1.24475
  27 17.1863 125 1.3111
  28 18.1863 116 1.17607
  29 19.1863 113 0.987222
  30 20.1863 107 0.964623
17940000 30 3640
  1 -8.81367 100 0.99683
  2 -7.81367 144 1.47074
  3 -6.81367 110 1.03169
  4 -5.81367 134 1.32223
  5 -4.81367 116 1.09903
  6 -3.81367 132 1.35091
  7 -2.81367 127 1.24751
  8 -1.81367 121 1.14018
  9 -0.813671 118 1.18142
  10 0.186329 107 1.06671
  11 1.18633 107 1.05921
  12 2.18633 127 1.16774
  13 3.18633 134 1.32356
  14 4.18633 133 1.25758
  15 5.18633 113 1.1427
  16 6.18633 137 1.30354
  17 7.18633 125 1.0842
  18 8.18633 119 1.16777
  19 9.18633 149 1.55928
  20 10.1863 119 1.17512
  21 11.1863 114 1.17004
  22 12.1863 115 1.10781
  23 13.1863 122 1.09916
  24 14.1863 131 1.42217
  25 15.1863 117 1.13019
  26 16.1863 133 1.3996
  27 17.1863 116 1.22252
  28 18.1863 115 1.14765
  29 19.1863 120 1.04802
  30 20.1863 85 0.746059
17950000 30 3640
  1 -8.81367 90 0.901683
  2 -7.81367 151 1.51936
  3 -6.81367 114 1.03762
  4 -5.81367 133 1.30796
  5 -4.81367 120 1.09938
  6 -3.81367 146 1.49695
  7 -2.81367 128 1.26234
  8 -1.81367 127 1.22279
  9 -0.813671 117 1.18708
  10 0.186329 107 0.926557
  11 1.18633 101 1.00311
  12 2.18633 136 1.2353
  13 3.18633 131 1.31905
  14 4.18633 123 1.28214
  15 5.18633 135 1.27356
  16 6.18633 120 1.06111
  17 7.18633 119 1.06606
  18 8.18633 123 1.18333
  19 9.18633 146 1.40699
  20 10.1863 115 1.2203
  21 11.1863 107 1.09305
  22 12.1863 130 1.26361
  23 13.1863 130 1.22917
  24 14.1863 134 1.39827
  25 15.1863 111 1.07088
  26 16.1863 126 1.18455
  27 17.1863 126 1.40809
  28 18.1863 118 1.11046
  29 19.1863 115 1.02283
  30 20.1863 61 0.49659
17960000 30 3640
  1 -8.81367 105 1.03272
  2 -7.81367 143 1.44315
  3 -6.81367 127 1.17489
  4 -5.81367 119 1.16731
  5 -4.81367 124 1.14024
  6 -3.81367 120 1.24517
  7 -2.81367 132 1.22194
  8 -1.81367 129 1.34905
  9 -0.813671 118 1.18354
  10 0.186329 103 0.968428
  11 1.18633 107 0.984489
  12 2.18633 130 1.2466
  13 3.18633 138 1.24915
  14 4.18633 112 1.21679
  15 5.18633 144 1.35177
  16 6.18633 115 1.05861
  17 7.18633 122 1.11677
  18 8.18633 117 1.03397
  19 9.18633 146 1.52237
  20 10.1863 115 1.24268
  21 11.1863 123 1.24777
  22 12.1863 120 1.02777
  23 13.1863 126 1.26756
  24 14.1863 128 1.34189
  25 15.1863 118 1.11179
  26 16.1863 127 1.31564
  27 17.1863 115 1.25031
  28 18.1863 116 1.13648
  29 19.1863 121 0.928986
  30 20.1863 80 0.754348
17970000 30 3640
  1 -8.81367 101 0.876483
  2 -7.81367 149 1.49792
  3 -6.81367 114 1.05039
  4 -5.81367 130 1.30742
  5 -4.81367 108 1.01556
  6 -3.81367 141 1.41441
  7 -2.81367 127 1.35477
  8 -1.81367 135 1.22309
  9 -0.813671 118 1.17716
  10 0.186329 100 0.939825
  11 1.18633 106 1.08646
  12 2.18633 133 1.23063
  13 3.18633 125 1.22932
  14 4.18633 127 1.26905
  15 5.18633 123 1.15114
  16 6.18633 121 1.14973
  17 7.18633 128 1.13493
  18 8.18633 124 1.2157
  19 9.18633 148 1.44197
  20 10.1863 120 1.22549
  21 11.1863 118 1.2118
  22 12.1863 122 1.135
  23 13.1863 116 1.26152
  24 14.1863 134 1.35868
  25 15.1863 119 1.14971
  26 16.1863 111 1.06644
  27 17.1863 132 1.47169
  28 18.1863 110 1.064
  29 19.1863 109 0.931094
  30 20.1863 91 0.871256
17980000 30 3640
  1 -8.81367 107 1.15322
  2 -7.81367 136 1.20321
  3 -6.81367 122 1.26155
  4 -5.81367 131 1.29768
  5 -4.81367 123 1.12459
  6 -3.81367 128 1.31648
  7 -2.81367 128 1.26779
  8 -1.81367 120 1.13324
  9 -0.813671 120 1.28411
  10 0.186329 113 0.975082
  11 1.18633 106 1.1196
  12 2.18633 127 1.11463
  13 3.18633 122 1.28414
  14 4.18633 138 1.31023
  15 5.18633 125 1.24555
  16 6.18633 129 1.13581
  17 7.18633 122 1.14826
  18 8.18633 118 1.12582
  19 9.18633 144 1.44866
  20 10.1863 122 1.21433
  21 11.1863 118 1.24779
  22 12.1863 109 1.03356
  23 13.1863 125 1.21681
  24 14.1863 128 1.34647
  25 15.1863 123 1.18442
  26 16.1863 121 1.27901
  27 17.1863 117 1.20677
  28 18.1863 118 1.17566
  29 19.1863 110 0.996189
  30 20.1863 90 0.768046
17990000 30 3640
  1 -8.81367 88 0.827067
  2 -7.81367 148 1.44825
  3 -6.81367 110 1.06633
  4 -5.81367 130 1.28934
  5 -4.81367 117 1.09239
  6 -3.81367 135 1.33032
  7 -2.81367 130 1.29688
  8 -1.81367 117 1.10099
  9 -0.813671 128 1.29571
  10 0.186329 101 0.973386
  11 1.18633 112 1.05278
  12 2.18633 118 1.21638
  13 3.18633 140 1.32912
  14 4.18633 120 1.18293
  15 5.18633 132 1.23253
  16 6.18633 134 1.2411
  17 7.18633 122 1.1482
  18 8.18633 120 1.07013
  19 9.18633 136 1.38746
  20 10.1863 131 1.32414
  21 11.1863 111 1.17526
  22 12.1863 122 1.12965
  23 13.1863 120 1.23616
  24 14.1863 137 1.36644
  25 15.1863 122 1.19896
  26 16.1863 116 1.15549
  27 17.1863 130 1.34526
  28 18.1863 116 1.11598
  29 19.1863 120 1.10602
  30 20.1863 77 0.689367
18000000 30 3640
  1 -8.81367 74 0.734377
  2 -7.81367 145 1.28517
  3 -6.81367 127 1.27897
  4 -5.81367 129 1.23969
  5 -4.81367 130 1.27034
  6 -3.81367 129 1.24582
  7 -2.81367 133 1.312
  8 -1.81367 122 1.13329
  9 -0.813671 121 1.11135
  10 0.186329 113 1.13711
  11 1.18633 99 0.94856
  12 2.18633 131 1.20686
  13 3.18633 132 1.22519
  14 4.18633 126 1.30085
  15 5.18633 133 1.29003
  16 6.18633 116 1.05133
  17 7.18633 125 1.12236
  18 8.18633 115 1.00249
  19 9.18633 156 1.64118
  20 10.1863 109 1.04641
  21 11.1863 125 1.29845
  22 12.1863 121 1.10151
  23 13.1863 118 1.15545
  24 14.1863 125 1.29611
  25 15.1863 129 1.2275
  26 16.1863 133 1.28754
  27 17.1863 122 1.26672
  28 18.1863 115 1.11862
  29 19.1863 116 1.00367
  30 20.1863 71 0.627853
18010000 30 3640
  1 -8.81367 84 0.816643
  2 -7.81367 147 1.47064
  3 -6.81367 117 1.11068
  4 -5.81367 141 1.38113
  5 -4.81367 107 1.01388
  6 -3.81367 125 1.26328
  7 -2.81367 139 1.37749
  8 -1.81367 130 1.2645
  9 -0.813671 120 1.15672
  10 0.186329 99 0.964352
  11 1.18633 118 1.174
  12 2.18633 129 1.11831
  13 3.18633 125 1.28444
  14 4.18633 132 1.33899
  15 5.18633 129 1.22747
  16 6.18633 119 1.05862
  17 7.18633 110 0.973051
  18 8.18633 126 1.272
  19 9.18633 149 1.48678
  20 10.1863 116 1.19126
  21 11.1863 131 1.28319
  22 12.1863 108 1.0561
  23 13.1863 119 1.22486
  24 14.1863 132 1.38623
  25 15.1863 121 1.0884
  26 16.1863 128 1.24717
  27 17.1863 121 1.3291
  28 18.1863 110 1.06852
  29 19.1863 127 1.06743
  30 20.1863 81 0.760709
18020000 30 3640
  1 -8.81367 101 0.988865
  2 -7.81367 156 1.43429
  3 -6.81367 114 1.21567
  4 -5.81367 134 1.28438
  5 -4.81367 111 1.10107
  6 -3.81367 132 1.31553
  7 -2.81367 123 1.28184
  8 -1.81367 133 1.17349
  9 -0.813671 111 1.13235
  10 0.186329 113 1.10373
  11 1.18633 105 1.04379
  12 2.18633 128 1.15861
  13 3.18633 130 1.3304
  14 4.18633 134 1.388
  15 5.18633 122 1.0115
  16 6.18633 124 1.27307
  17 7.18633 124 1.03645
  18 8.18633 130 1.34793
  19 9.18633 129 1.26702
  20 10.1863 122 1.3205
  21 11.1863 116 1.12354
  22 12.1863 113 1.10488
  23 13.1863 131 1.25702
  24 14.1863 130 1.40165
  25 15.1863 112 1.04756
  26 16.1863 103 1.04117
  27 17.1863 134 1.44893
  28 18.1863 120 1.16356
  29 19.1863 104 0.952756
  30 20.1863 101 0.877978
18030000 30 3640
  1 -8.81367 80 0.85862
  2 -7.81367 152 1.35663
  3 -6.81367 122 1.22889
  4 -5.81367 136 1.34654
  5 -4.81367 110 1.04931
  6 -3.81367 130 1.2549
  7 -2.81367 139 1.47534
  8 -1.81367 121 1.13229
  9 -0.813671 122 1.21912
  10 0.186329 109 0.932979
  11 1.18633 104 1.06921
  12 2.18633 125 1.13609
  13 3.18633 139 1.43207
  14 4.18633 126 1.22767
  15 5.18633 136 1.27244
  16 6.18633 123 1.14347
  17 7.18633 115 1.09145
  18 8.18633 130 1.11515
  19 9.18633 132 1.34782
  20 10.1863 127 1.32678
  21 11.1863 120 1.18062
  22 12.1863 123 1.18802
  23 13.1863 115 1.17433
  24 14.1863 133 1.44091
  25 15.1863 129 1.20541
  26 16.1863 113 1.08773
  27 17.1863 117 1.31929
  28 18.1863 122 1.12988
  29 19.1863 116 0.954086
  30 20.1863 74 0.697389
18040000 30 3640
  1 -8.81367 108 1.06013
  2 -7.81367 153 1.41643
  3 -6.81367 102 1.12273
  4 -5.81367 134 1.30078
  5 -4.81367 119 1.089
  6 -3.81367 129 1.33462
  7 -2.81367 130 1.36231
  8 -1.81367 123 1.14911
  9 -0.813671 114 1.17171
  10 0.186329 104 1.0325
  11 1.18633 119 1.16558
  12 2.18633 129 1.14924
  13 3.18633 122 1.25314
  14 4.18633 124 1.2796
  15 5.18633 133 1.20695
  16 6.18633 132 1.2382
  17 7.18633 114 1.13654
  18 8.18633 127 1.18808
  19 9.18633 143 1.37757
  20 10.1863 118 1.2356
  21 11.1863 118 1.23431
  22 12.1863 111 1.07512
  23 13.1863 128 1.29089
  24 14.1863 123 1.29966
  25 15.1863 127 1.22944
  26 16.1863 126 1.26954
  27 17.1863 123 1.34852
  28 18.1863 115 1.08516
  29 19.1863 111 0.992386
  30 20.1863 81 0.746399
18050000 30 3640
  1 -8.81367 109 1.10199
  2 -7.81367 142 1.34199
  3 -6.81367 123 1.22991
  4 -5.81367 123 1.19258
  5 -4.81367 117 1.11057
  6 -3.81367 126 1.30205
  7 -2.81367 134 1.23872
  8 -1.81367 129 1.32062
  9 -0.813671 120 1.17906
  10 0.186329 108 1.01488
  11 1.18633 108 1.08212
  12 2.18633 118 1.04354
  13 3.18633 132 1.37542
  14 4.18633 113 1.08819
  15 5.18633 140 1.33578
  16 6.18633 118 1.12549
  17 7.18633 119 1.0684
  18 8.18633 115 1.14289
  19 9.18633 151 1.36826
  20 10.1863 119 1.30818
  21 11.1863 124 1.29693
  22 12.1863 109 1.0758
  23 13.1863 119 1.10818
  24 14.1863 127 1.27983
  25 15.1863 111 1.04844
  26 16.1863 133 1.36168
  27 17.1863 110 1.17649
  28 18.1863 122 1.33309
  29 19.1863 117 1.00252
  30 20.1863 104 0.878092
18060000 30 3640
  1 -8.81367 73 0.666874
  2 -7.81367 150 1.45064
  3 -6.81367 115 1.10895
  4 -5.81367 132 1.37953
  5 -4.81367 123 1.16117
  6 -3.81367 131 1.24803
  7 -2.81367 136 1.34987
  8 -1.81367 128 1.31747
  9 -0.813671 123 1.26181
  10 0.186329 113 1.00606
  11 1.18633 104 0.941451
  12 2.18633 124 1.18602
  13 3.18633 138 1.31404
  14 4.18633 113 1.13498
  15 5.18633 138 1.42561
  16 6.18633 120 1.07673
  17 7.18633 121 1.11901
  18 8.18633 124 1.05577
  19 9.18633 142 1.56832
  20 10.1863 123 1.20706
  21 11.1863 111 1.12507
  22 12.1863 123 1.21459
  23 13.1863 120 1.17973
  24 14.1863 139 1.36008
  25 15.1863 116 1.16479
  26 16.1863 122 1.21937
  27 17.1863 128 1.3673
  28 18.1863 119 1.16987
  29 19.1863 109 0.888114
  30 20.1863 82 0.81218
18070000 30 3640
  1 -8.81367 105 1.03529
  2 -7.81367 153 1.46806
  3 -6.81367 113 1.11273
  4 -5.81367 126 1.24778
  5 -4.81367 119 1.16906
  6 -3.81367 122 1.2628
  7 -2.81367 128 1.22032
  8 -1.81367 120 1.21643
  9 -0.813671 113 1.17171
  10 0.186329 127 1.19163
  11 1.18633 104 0.980453
  12 2.18633 111 1.03283
  13 3.18633 143 1.42293
  14 4.18633 124 1.36903
  15 5.18633 134 1.16927
  16 6.18633 133 1.18291
  17 7.18633 112 1.02911
  18 8.18633 118 1.17034
  19 9.18633 146 1.48545
  20 10.1863 123 1.32525
  21 11.1863 103 1.00275
  22 12.1863 126 1.21164
  23 13.1863 109 1.09274
  24 14.1863 144 1.48437
  25 15.1863 120 1.16405
  26 16.1863 105 1.10892
  27 17.1863 134 1.36668
  28 18.1863 115 1.24403
  29 19.1863 119 0.934258
  30 20.1863 91 0.850277
18080000 30 3640
  1 -8.81367 93 0.970143
  2 -7.81367 140 1.34889
  3 -6.81367 118 1.14461
  4 -5.81367 130 1.30383
  5 -4.81367 118 1.10845
  6 -3.81367 123 1.34121
  7 -2.81367 118 1.14079
  8 -1.81367 136 1.2927
  9 -0.813671 115 1.11352
  10 0.186329 113 1.12838
  11 1.18633 105 1.01395
  12 2.18633 131 1.32144
  13 3.18633 140 1.3363
  14 4.18633 123 1.24297
  15 5.18633 137 1.26047
  16 6.18633 116 1.05616
  17 7.18633 130 1.13471
  18 8.18633 112 1.05
  19 9.18633 147 1.57285
  20 10.1863 119 1.27401
  21 11.1863 110 1.06237
  22 12.1863 120 1.13214
  23 13.1863 130 1.29892
  24 14.1863 120 1.23811
  25 15.1863 126 1.27153
  26 16.1863 118 1.13454
  27 17.1863 136 1.44841
  28 18.1863 111 1.16072
  29 19.1863 124 1.00648
  30 20.1863 81 0.673857
18090000 30 3640
  1 -8.81367 94 0.981831
  2 -7.81367 156 1.5188
  3 -6.81367 104 1.00912
  4 -5.81367 134 1.24097
  5 -4.81367 111 1.07729
  6 -3.81367 120 1.2261
  7 -2.81367 140 1.41817
  8 -1.81367 126 1.2062
  9 -0.813671 120 1.13072
  10 0.186329 105 1.03776
  11 1.18633 106 1.09968
  12 2.18633 142 1.27706
  13 3.18633 127 1.29191
  14 4.18633 127 1.22729
  15 5.18633 125 1.21008
  16 6.18633 128 1.15054
  17 7.18633 112 1.03894
  18 8.18633 136 1.29568
  19 9.18633 144 1.48393
  20 10.1863 127 1.23972
  21 11.1863 113 1.19619
  22 12.1863 125 1.15188
  23 13.1863 114 1.15542
  24 14.1863 117 1.1456
  25 15.1863 135 1.32529
  26 16.1863 121 1.21486
  27 17.1863 122 1.36
  28 18.1863 116 1.12569
  29 19.1863 112 0.938629
  30 20.1863 81 0.644814
18100000 30 3640
  1 -8.81367 91 0.933733
  2 -7.81367 152 1.44306
  3 -6.81367 114 1.1665
  4 -5.81367 134 1.28478
  5 -4.81367 123 1.2113
  6 -3.81367 128 1.25613
  7 -2.81367 128 1.23754
  8 -1.81367 121 1.18887
  9 -0.813671 127 1.34833
  10 0.186329 99 0.866659
  11 1.18633 113 1.09941
  12 2.18633 123 1.20391
  13 3.18633 131 1.24512
  14 4.18633 125 1.26239
  15 5.18633 124 1.15916
  16 6.18633 131 1.23005
  17 7.18633 116 1.08443
  18 8.18633 121 1.0385
  19 9.18633 153 1.64083
  20 10.1863 116 1.18517
  21 11.1863 125 1.32574
  22 12.1863 110 0.961307
  23 13.1863 123 1.28472
  24 14.1863 125 1.28498
  25 15.1863 139 1.33833
  26 16.1863 111 1.10672
  27 17.1863 125 1.35831
  28 18.1863 117 1.0956
  29 19.1863 123 1.07456
  30 20.1863 72 0.653616
18110000 30 3640
  1 -8.81367 62 0.663712
  2 -7.81367 161 1.57571
  3 -6.81367 121 1.12035
  4 -5.81367 121 1.20977
  5 -4.81367 129 1.21847
  6 -3.81367 121 1.18651
  7 -2.81367 133 1.30193
  8 -1.81367 126 1.20735
  9 -0.813671 127 1.2223
  10 0.186329 106 0.992716
  11 1.18633 106 1.05418
  12 2.18633 134 1.1818
  13 3.18633 129 1.29323
  14 4.18633 124 1.23566
  15 5.18633 136 1.24804
  16 6.18633 126 1.16082
  17 7.18633 118 1.08478
  18 8.18633 124 1.15714
  19 9.18633 140 1.42105
  20 10.1863 135 1.36563
  21 11.1863 112 1.09824
  22 12.1863 123 1.13627
  23 13.1863 107 1.06753
  24 14.1863 130 1.32046
  25 15.1863 132 1.23322
  26 16.1863 128 1.29689
  27 17.1863 118 1.25653
  28 18.1863 117 1.08599
  29 19.1863 116 0.979318
  30 20.1863 78 0.682299
18120000 30 3640
  1 -8.81367 106 1.03263
  2 -7.81367 157 1.59333
  3 -6.81367 111 1.0852
  4 -5.81367 130 1.33602
  5 -4.81367 116 1.08152
  6 -3.81367 125 1.27713
  7 -2.81367 132 1.31102
  8 -1.81367 129 1.25831
  9 -0.813671 111 1.11673
  10 0.186329 111 0.99003
  11 1.18633 99 1.08149
  12 2.18633 127 1.23455
  13 3.18633 124 1.1267
  14 4.18633 121 1.30102
  15 5.18633 140 1.20077
  16 6.18633 123 1.17564
  17 7.18633 122 1.18062
  18 8.18633 122 1.1543
  19 9.18633 136 1.3876
  20 10.1863 122 1.27589
  21 11.1863 109 1.20432
  22 12.1863 107 0.941026
  23 13.1863 125 1.17688
  24 14.1863 122 1.2709
  25 15.1863 137 1.42653
  26 16.1863 131 1.27098
  27 17.1863 124 1.32349
  28 18.1863 111 1.08779
  29 19.1863 113 1.00635
  30 20.1863 97 0.935931
18130000 30 3640
  1 -8.81367 93 0.981146
  2 -7.81367 154 1.45226
  3 -6.81367 117 1.10048
  4 -5.81367 124 1.33514
  5 -4.81367 121 1.16827
  6 -3.81367 130 1.23367
  7 -2.81367 142 1.52362
  8 -1.81367 131 1.16081
  9 -0.813671 109 1.07916
  10 0.186329 109 1.06536
  11 1.18633 98 1.04649
  12 2.18633 141 1.36549
  13 3.18633 130 1.27134
  14 4.18633 122 1.16579
  15 5.18633 135 1.33544
  16 6.18633 111 1.02386
  17 7.18633 124 1.15075
  18 8.18633 103 1.00884
  19 9.18633 155 1.49494
  20 10.1863 120 1.24234
  21 11.1863 115 1.23606
  22 12.1863 117 1.16447
  23 13.1863 119 1.15319
  24 14.1863 131 1.31162
  25 15.1863 113 1.13939
  26 16.1863 124 1.2511
  27 17.1863 116 1.22357
  28 18.1863 120 1.25619
  29 19.1863 128 1.09058
  30 20.1863 88 0.859218
18140000 30 3640
  1 -8.81367 97 1.06956
  2 -7.81367 144 1.28916
  3 -6.81367 117 1.17484
  4 -5.81367 125 1.25504
  5 -4.81367 121 1.13855
  6 -3.81367 125 1.28644
  7 -2.81367 135 1.36792
  8 -1.81367 125 1.16108
  9 -0.813671 112 1.14241
  10 0.186329 111 1.05957
  11 1.18633 104 1.03201
  12 2.18633 124 1.17873
  13 3.18633 124 1.26896
  14 4.18633 125 1.27516
  15 5.18633 136 1.23028
  16 6.18633 112 1.06578
  17 7.18633 125 1.17245
  18 8.18633 123 1.10607
  19 9.18633 145 1.52973
  20 10.1863 125 1.27141
  21 11.1863 119 1.17108
  22 12.1863 121 1.23382
  23 13.1863 112 1.13607
  24 14.1863 127 1.32921
  25 15.1863 122 1.1523
  26 16.1863 115 1.1898
  27 17.1863 129 1.2853
  28 18.1863 125 1.34291
  29 19.1863 118 1.06965
  30 20.1863 97 0.838934
18150000 30 3640
  1 -8.81367 102 1.067
  2 -7.81367 150 1.42561
  3 -6.81367 117 1.13171
  4 -5.81367 111 1.11418
  5 -4.81367 132 1.25869
  6 -3.81367 125 1.21263
  7 -2.81367 135 1.37692
  8 -1.81367 133 1.31835
  9 -0.813671 114 1.10946
  10 0.186329 106 0.963702
  11 1.18633 114 1.15165
  12 2.18633 117 1.14926
  13 3.18633 127 1.2302
  14 4.18633 114 1.15146
  15 5.18633 144 1.28632
  16 6.18633 110 1.08804
  17 7.18633 114 1.04962
  18 8.18633 122 1.14795
  19 9.18633 134 1.29861
  20 10.1863 130 1.39682
  21 11.1863 107 1.10802
  22 12.1863 120 1.11303
  23 13.1863 122 1.19771
  24 14.1863 128 1.33472
  25 15.1863 131 1.26244
  26 16.1863 117 1.21996
  27 17.1863 130 1.36212
  28 18.1863 115 1.09688
  29 19.1863 120 1.03722
  30 20.1863 99 0.910064
18160000 30 3640
  1 -8.81367 97 0.837034
  2 -7.81367 154 1.56337
  3 -6.81367 111 1.02729
  4 -5.81367 126 1.36034
  5 -4.81367 117 1.06956
  6 -3.81367 141 1.45374
  7 -2.81367 133 1.29214
  8 -1.81367 119 1.10684
  9 -0.813671 124 1.19648
  10 0.186329 104 0.987529
  11 1.18633 109 1.15037
  12 2.18633 134 1.3444
  13 3.18633 128 1.19902
  14 4.18633 131 1.22001
  15 5.18633 129 1.18279
  16 6.18633 123 1.24114
  17 7.18633 109 0.951491
  18 8.18633 124 1.14177
  19 9.18633 153 1.59058
  20 10.1863 121 1.21625
  21 11.1863 111 1.18511
  22 12.1863 115 1.07454
  23 13.1863 128 1.2263
  24 14.1863 124 1.29716
  25 15.1863 107 1.0571
  26 16.1863 132 1.31699
  27 17.1863 102 1.08436
  28 18.1863 127 1.30215
  29 19.1863 117 1.00251
  30 20.1863 90 0.853126
18170000 30 3640
  1 -8.81367 82 0.836152
  2 -7.81367 153 1.52783
  3 -6.81367 116 1.07332
  4 -5.81367 137 1.36758
  5 -4.81367 122 1.1292
  6 -3.81367 123 1.26193
  7 -2.81367 128 1.28445
  8 -1.81367 126 1.21483
  9 -0.813671 129 1.21007
  10 0.186329 99 0.950313
  11 1.18633 101 1.07706
  12 2.18633 140 1.25227
  13 3.18633 125 1.22747
  14 4.18633 124 1.22475
  15 5.18633 131 1.27455
  16 6.18633 125 1.1379
  17 7.18633 130 1.2584
  18 8.18633 120 1.1268
  19 9.18633 140 1.39255
  20 10.1863 124 1.1863
  21 11.1863 112 1.24203
  22 12.1863 118 1.10441
  23 13.1863 126 1.282
  24 14.1863 116 1.09944
  25 15.1863 122 1.25212
  26 16.1863 123 1.23477
  27 17.1863 113 1.195
  28 18.1863 123 1.18506
  29 19.1863 120 1.02499
  30 20.1863 92 0.857122
18180000 30 3640
  1 -8.81367 93 0.859916
  2 -7.81367 134 1.42987
  3 -6.81367 127 1.13615
  4 -5.81367 126 1.29844
  5 -4.81367 113 1.09613
  6 -3.81367 132 1.34475
  7 -2.81367 126 1.23482
  8 -1.81367 131 1.20609
  9 -0.813671 116 1.16625
  10 0.186329 111 1.05237
  11 1.18633 97 1.02863
  12 2.18633 141 1.33123
  13 3.18633 120 1.08494
  14 4.18633 124 1.27486
  15 5.18633 123 1.27351
  16 6.18633 133 1.165
  17 7.18633 125 1.14617
  18 8.18633 117 1.12496
  19 9.18633 150 1.54726
  20 10.1863 119 1.24851
  21 11.1863 122 1.2398
  22 12.1863 115 1.09114
  23 13.1863 123 1.20994
  24 14.1863 109 1.12734
  25 15.1863 126 1.21487
  26 16.1863 130 1.28106
  27 17.1863 118 1.26611
  28 18.1863 113 1.18851
  29 19.1863 113 1.01123
  30 20.1863 113 1.02865
18190000 30 3640
  1 -8.81367 106 1.00306
  2 -7.81367 134 1.34814
  3 -6.81367 116 1.11135
  4 -5.81367 125 1.28566
  5 -4.81367 121 1.17983
  6 -3.81367 126 1.17246
  7 -2.81367 133 1.37169
  8 -1.81367 127 1.19232
  9 -0.813671 116 1.24962
  10 0.186329 117 1.04796
  11 1.18633 96 0.919568
  12 2.18633 117 1.03803
  13 3.18633 137 1.43521
  14 4.18633 136 1.34064
  15 5.18633 130 1.24728
  16 6.18633 132 1.17746
  17 7.18633 110 1.08268
  18 8.18633 126 1.14885
  19 9.18633 145 1.54243
  20 10.1863 114 1.16241
  21 11.1863 124 1.25579
  22 12.1863 108 0.956942
  23 13.1863 126 1.29703
  24 14.1863 131 1.35193
  25 15.1863 116 1.10887
  26 16.1863 125 1.30565
  27 17.1863 124 1.23097
  28 18.1863 117 1.16871
  29 19.1863 109 0.994315
  30 20.1863 96 0.86966
18200000 30 3640
  1 -8.81367 101 1.0368
  2 -7.81367 142 1.3382
  3 -6.81367 114 1.13839
  4 -5.81367 118 1.20112
  5 -4.81367 116 1.09203
  6 -3.81367 137 1.42705
  7 -2.81367 134 1.37313
  8 -1.81367 121 1.12344
  9 -0.813671 125 1.20886
  10 0.186329 95 0.932649
  11 1.18633 127 1.29921
  12 2.18633 128 1.2314
  13 3.18633 122 1.20502
  14 4.18633 125 1.22766
  15 5.18633 125 1.18243
  16 6.18633 126 1.17364
  17 7.18633 117 1.14097
  18 8.18633 115 1.09332
  19 9.18633 149 1.4662
  20 10.1863 124 1.29526
  21 11.1863 123 1.29521
  22 12.1863 111 0.998046
  23 13.1863 127 1.31161
  24 14.1863 123 1.30795
  25 15.1863 125 1.17122
  26 16.1863 118 1.20742
  27 17.1863 131 1.43971
  28 18.1863 123 1.19244
  29 19.1863 109 0.977918
  30 20.1863 89 0.773228
18210000 30 3640
  1 -8.81367 88 0.809473
  2 -7.81367 149 1.43607
  3 -6.81367 114 1.18363
  4 -5.81367 126 1.22336
  5 -4.81367 118 1.14383
  6 -3.81367 135 1.3465
  7 -2.81367 123 1.27807
  8 -1.81367 125 1.16378
  9 -0.813671 121 1.16135
  10 0.186329 97 0.973573
  11 1.18633 117 1.12534
  12 2.18633 130 1.22728
  13 3.18633 139 1.3478
  14 4.18633 126 1.29925
  15 5.18633 133 1.17765
  16 6.18633 124 1.18234
  17 7.18633 110 1.02954
  18 8.18633 131 1.2509
  19 9.18633 141 1.46833
  20 10.1863 128 1.2719
  21 11.1863 114 1.16748
  22 12.1863 117 1.03827
  23 13.1863 119 1.2843
  24 14.1863 132 1.29448
  25 15.1863 121 1.20472
  26 16.1863 123 1.16623
  27 17.1863 123 1.39253
  28 18.1863 122 1.16626
  29 19.1863 119 1.02091
  30 20.1863 75 0.687645
18220000 30 3640
  1 -8.81367 85 0.951184
  2 -7.81367 156 1.46693
  3 -6.81367 117 1.14049
  4 -5.81367 131 1.2576
  5 -4.81367 113 1.10195
  6 -3.81367 130 1.31108
  7 -2.81367 131 1.32607
  8 -1.81367 137 1.2912
  9 -0.813671 109 1.08469
  10 0.186329 110 1.08079
  11 1.18633 117 1.13697
  12 2.18633 124 1.11822
  13 3.18633 129 1.26143
  14 4.18633 134 1.41566
  15 5.18633 125 1.12329
  16 6.18633 131 1.21278
  17 7.18633 109 1.05221
  18 8.18633 128 1.23153
  19 9.18633 145 1.42949
  20 10.1863 125 1.2812
  21 11.1863 107 1.12185
  22 12.1863 114 1.07212
  23 13.1863 118 1.13435
  24 14.1863 124 1.32745
  25 15.1863 124 1.18784
  26 16.1863 122 1.1891
  27 17.1863 119 1.32113
  28 18.1863 114 1.05719
  29 19.1863 112 1.03852
  30 20.1863 100 0.850594
18230000 30 3640
  1 -8.81367 80 0.824661
  2 -7.81367 150 1.42385
  3 -6.81367 117 1.11741
  4 -5.81367 117 1.18172
  5 -4.81367 127 1.21533
  6 -3.81367 134 1.33804
  7 -2.81367 130 1.25627
  8 -1.81367 135 1.33307
  9 -0.813671 115 1.08405
  10 0.186329 108 1.05043
  11 1.18633 106 1.09633
  12 2.18633 130 1.18693
  13 3.18633 128 1.27609
  14 4.18633 121 1.20414
  15 5.18633 128 1.17085
  16 6.18633 120 1.15701
  17 7.18633 122 1.03319
  18 8.18633 126 1.21418
  19 9.18633 137 1.42855
  20 10.1863 138 1.36416
  21 11.1863 101 1.02687
  22 12.1863 126 1.18432
  23 13.1863 112 1.14708
  24 14.1863 135 1.36798
  25 15.1863 117 1.16201
  26 16.1863 126 1.18555
  27 17.1863 132 1.38028
  28 18.1863 111 1.19175
  29 19.1863 123 1.01706
  30 20.1863 88 0.812279
18240000 30 3640
  1 -8.81367 124 1.24572
  2 -7.81367 140 1.33489
  3 -6.81367 115 1.15411
  4 -5.81367 118 1.18289
  5 -4.81367 126 1.24193
  6 -3.81367 117 1.10019
  7 -2.81367 128 1.26459
  8 -1.81367 134 1.36225
  9 -0.813671 111 1.158
  10 0.186329 109 0.97619
  11 1.18633 109 1.11906
  12 2.18633 125 1.1053
  13 3.18633 128 1.38748
  14 4.18633 133 1.25083
  15 5.18633 123 1.20313
  16 6.18633 121 1.10775
  17 7.18633 112 1.05131
  18 8.18633 121 1.17173
  19 9.18633 152 1.48927
  20 10.1863 113 1.17287
  21 11.1863 115 1.19047
  22 12.1863 115 1.12021
  23 13.1863 121 1.29087
  24 14.1863 124 1.19455
  25 15.1863 113 1.14529
  26 16.1863 136 1.37236
  27 17.1863 116 1.21062
  28 18.1863 116 1.22565
  29 19.1863 116 1.04508
  30 20.1863 109 0.967351
18250000 30 3640
  1 -8.81367 86 0.876874
  2 -7.81367 152 1.42905
  3 -6.81367 122 1.24618
  4 -5.81367 123 1.26591
  5 -4.81367 126 1.14426
  6 -3.81367 131 1.31446
  7 -2.81367 119 1.1505
  8 -1.81367 131 1.27841
  9 -0.813671 121 1.20402
  10 0.186329 98 0.904234
  11 1.18633 110 1.14548
  12 2.18633 132 1.13444
  13 3.18633 133 1.39412
  14 4.18633 119 1.2499
  15 5.18633 124 1.07595
  16 6.18633 134 1.30335
  17 7.18633 127 1.14799
  18 8.18633 119 1.12817
  19 9.18633 150 1.50984
  20 10.1863 109 1.13169
  21 11.1863 127 1.32197
  22 12.1863 105 0.956479
  23 13.1863 122 1.24118
  24 14.1863 123 1.24748
  25 15.1863 127 1.2052
  26 16.1863 124 1.25854
  27 17.1863 118 1.29594
  28 18.1863 126 1.17656
  29 19.1863 121 1.10076
  30 20.1863 81 0.69402
18260000 30 3640
  1 -8.81367 110 1.10951
  2 -7.81367 142 1.3569
  3 -6.81367 118 1.21424
  4 -5.81367 131 1.24184
  5 -4.81367 116 1.12317
  6 -3.81367 124 1.19442
  7 -2.81367 128 1.34418
  8 -1.81367 130 1.21809
  9 -0.813671 110 1.12581
  10 0.186329 110 0.988321
  11 1.18633 109 1.0983
  12 2.18633 117 1.1195
  13 3.18633 138 1.40919
  14 4.18633 112 1.11192
  15 5.18633 141 1.31566
  16 6.18633 132 1.29309
  17 7.18633 112 0.993365
  18 8.18633 135 1.19329
  19 9.18633 134 1.36689
  20 10.1863 131 1.37665
  21 11.1863 104 1.07813
  22 12.1863 114 1.11569
  23 13.1863 116 1.07705
  24 14.1863 131 1.41551
  25 15.1863 120 1.16944
  26 16.1863 123 1.21555
  27 17.1863 123 1.30808
  28 18.1863 114 1.22308
  29 19.1863 128 1.06712
  30 20.1863 87 0.830788
18270000 30 3640
  1 -8.81367 86 0.804197
  2 -7.81367 149 1.54496
  3 -6.81367 113 1.03175
  4 -5.81367 128 1.3124
  5 -4.81367 125 1.15105
  6 -3.81367 136 1.35349
  7 -2.81367 122 1.28019
  8 -1.81367 137 1.2604
  9 -0.813671 105 0.967149
  10 0.186329 112 1.1771
  11 1.18633 106 1.02052
  12 2.18633 129 1.22812
  13 3.18633 127 1.28021
  14 4.18633 132 1.32007
  15 5.18633 132 1.27904
  16 6.18633 126 1.10508
  17 7.18633 118 1.09883
  18 8.18633 119 1.09643
  19 9.18633 145 1.48903
  20 10.1863 131 1.31624
  21 11.1863 113 1.16454
  22 12.1863 116 1.07768
  23 13.1863 114 1.16723
  24 14.1863 117 1.18459
  25 15.1863 133 1.33117
  26 16.1863 104 1.05276
  27 17.1863 140 1.50766
  28 18.1863 118 1.11002
  29 19.1863 121 0.987073
  30 20.1863 86 0.812958
18280000 30 3640
  1 -8.81367 94 0.870509
  2 -7.81367 148 1.44872
  3 -6.81367 121 1.20152
  4 -5.81367 132 1.32444
  5 -4.81367 121 1.09253
  6 -3.81367 129 1.41209
  7 -2.81367 120 1.14646
  8 -1.81367 121 1.15017
  9 -0.813671 116 1.12638
  10 0.186329 107 1.08629
  11 1.18633 107 1.06118
  12 2.18633 125 1.24177
  13 3.18633 132 1.25547
  14 4.18633 127 1.22927
  15 5.18633 116 1.22038
  16 6.18633 139 1.27818
  17 7.18633 113 1.05237
  18 8.18633 129 1.19044
  19 9.18633 137 1.47118
  20 10.1863 129 1.25926
  21 11.1863 122 1.3144
  22 12.1863 108 0.972098
  23 13.1863 127 1.22922
  24 14.1863 117 1.23297
  25 15.1863 113 1.14512
  26 16.1863 129 1.29817
  27 17.1863 113 1.14012
  28 18.1863 114 1.22288
  29 19.1863 132 1.21921
  30 20.1863 102 0.942036
18290000 30 3640
  1 -8.81367 99 0.907828
  2 -7.81367 144 1.54041
  3 -6.81367 121 1.10919
  4 -5.81367 123 1.23151
  5 -4.81367 121 1.18038
  6 -3.81367 139 1.44404
  7 -2.81367 118 1.15416
  8 -1.81367 130 1.25536
  9 -0.813671 113 1.0905
  10 0.186329 109 1.16792
  11 1.18633 99 0.875363
  12 2.18633 138 1.28803
  13 3.18633 122 1.22158
  14 4.18633 125 1.3479
  15 5.18633 124 1.06432
  16 6.18633 127 1.25656
  17 7.18633 125 1.20299
  18 8.18633 118 1.0742
  19 9.18633 148 1.41921
  20 10.1863 129 1.39414
  21 11.1863 120 1.30526
  22 12.1863 114 1.0117
  23 13.1863 126 1.32291
  24 14.1863 125 1.1905
  25 15.1863 110 1.08534
  26 16.1863 123 1.19784
  27 17.1863 118 1.36537
  28 18.1863 110 1.01418
  29 19.1863 123 1.07546
  30 20.1863 99 0.93038
18300000 30 3640
  1 -8.81367 90 0.871821
  2 -7.81367 156 1.57529
  3 -6.81367 112 1.0452
  4 -5.81367 136 1.3033
  5 -4.81367 123 1.19856
  6 -3.81367 129 1.37675
  7 -2.81367 127 1.22728
  8 -1.81367 129 1.27335
  9 -0.813671 124 1.18239
  10 0.186329 104 0.980478
  11 1.18633 102 1.07272
  12 2.18633 129 1.14258
  13 3.18633 135 1.352
  14 4.18633 123 1.2396
  15 5.18633 126 1.19995
  16 6.18633 121 1.15116
  17 7.18633 125 1.20236
  18 8.18633 117 1.03539
  19 9.18633 148 1.50037
  20 10.1863 121 1.26459
  21 11.1863 129 1.38674
  22 12.1863 112 0.990474
  23 13.1863 121 1.21096
  24 14.1863 119 1.25969
  25 15.1863 126 1.2361
  26 16.1863 111 1.06382
  27 17.1863 129 1.35454
  28 18.1863 116 1.1412
  29 19.1863 110 1.00782
  30 20.1863 90 0.787045
18310000 30 3640
  1 -8.81367 70 0.669976
  2 -7.81367 162 1.55435
  3 -6.81367 124 1.25527
  4 -5.81367 122 1.23786
  5 -4.81367 122 1.07682
  6 -3.81367 135 1.3669
  7 -2.81367 124 1.31351
  8 -1.81367 138 1.24796
  9 -0.813671 111 1.14376
  10 0.186329 104 0.934171
  11 1.18633 107 1.02846
  12 2.18633 130 1.30129
  13 3.18633 136 1.34346
  14 4.18633 121 1.20198
  15 5.18633 129 1.14756
  16 6.18633 114 1.09657
  17 7.18633 124 1.114
  18 8.18633 121 1.18099
  19 9.18633 142 1.37698
  20 10.1863 121 1.26269
  21 11.1863 124 1.22059
  22 12.1863 117 1.16602
  23 13.1863 115 1.13996
  24 14.1863 135 1.34729
  25 15.1863 131 1.31731
  26 16.1863 115 1.14124
  27 17.1863 120 1.2888
  28 18.1863 118 1.18089
  29 19.1863 114 0.98504
  30 20.1863 94 0.79894
18320000 30 3640
  1 -8.81367 92 0.996123
  2 -7.81367 155 1.47869
  3 -6.81367 114 1.16902
  4 -5.81367 127 1.19914
  5 -4.81367 113 1.09515
  6 -3.81367 123 1.29812
  7 -2.81367 127 1.23796
  8 -1.81367 131 1.28053
  9 -0.813671 118 1.21178
  10 0.186329 120 1.15788
  11 1.18633 113 1.07644
  12 2.18633 134 1.20811
  13 3.18633 129 1.29062
  14 4.18633 120 1.32318
  15 5.18633 128 1.14916
  16 6.18633 120 1.13023
  17 7.18633 112 1.07263
  18 8.18633 126 1.27312
  19 9.18633 148 1.41857
  20 10.1863 120 1.24918
  21 11.1863 113 1.17654
  22 12.1863 117 1.04517
  23 13.1863 121 1.24421
  24 14.1863 125 1.29196
  25 15.1863 118 1.22166
  26 16.1863 112 1.07763
  27 17.1863 135 1.47482
  28 18.1863 119 1.11908
  29 19.1863 111 0.932374
  30 20.1863 99 0.900967
18330000 30 3640
  1 -8.81367 102 1.09869
  2 -7.81367 139 1.36117
  3 -6.81367 120 1.1769
  4 -5.81367 130 1.26646
  5 -4.81367 120 1.1341
  6 -3.81367 138 1.43162
  7 -2.81367 142 1.43676
  8 -1.81367 121 1.1845
  9 -0.813671 122 1.14428
  10 0.186329 96 1.0231
  11 1.18633 105 1.01811
  12 2.18633 137 1.3195
  13 3.18633 124 1.25898
  14 4.18633 124 1.20092
  15 5.18633 136 1.28804
  16 6.18633 113 1.05338
  17 7.18633 126 1.18582
  18 8.18633 105 1.09621
  19 9.18633 159 1.53902
  20 10.1863 115 1.24503
  21 11.1863 129 1.28789
  22 12.1863 114 1.11509
  23 13.1863 124 1.33463
  24 14.1863 112 1.14428
  25 15.1863 121 1.18571
  26 16.1863 121 1.21222
  27 17.1863 132 1.41159
  28 18.1863 103 1.0659
  29 19.1863 122 1.00685
  30 20.1863 88 0.81368
18340000 30 3640
  1 -8.81367 83 0.843699
  2 -7.81367 160 1.57345
  3 -6.81367 123 1.16826
  4 -5.81367 128 1.32418
  5 -4.81367 108 0.984978
  6 -3.81367 145 1.44202
  7 -2.81367 128 1.23764
  8 -1.81367 126 1.21157
  9 -0.813671 107 1.07905
  10 0.186329 107 1.03587
  11 1.18633 102 0.984951
  12 2.18633 133 1.25005
  13 3.18633 129 1.25388
  14 4.18633 128 1.27105
  15 5.18633 129 1.24265
  16 6.18633 124 1.16211
  17 7.18633 131 1.12999
  18 8.18633 116 1.07917
  19 9.18633 142 1.48287
  20 10.1863 121 1.17577
  21 11.1863 112 1.25977
  22 12.1863 110 0.945351
  23 13.1863 132 1.30464
  24 14.1863 118 1.26242
  25 15.1863 125 1.21901
  26 16.1863 117 1.16083
  27 17.1863 134 1.34053
  28 18.1863 110 1.14218
  29 19.1863 120 0.999949
  30 20.1863 92 0.827593
18350000 30 3640
  1 -8.81367 96 0.945506
  2 -7.81367 150 1.49266
  3 -6.81367 113 1.03573
  4 -5.81367 129 1.30301
  5 -4.81367 128 1.26414
  6 -3.81367 128 1.32568
  7 -2.81367 118 1.17502
  8 -1.81367 128 1.19887
  9 -0.813671 107 1.08339
  10 0.186329 119 1.15264
  11 1.18633 99 0.975545
  12 2.18633 135 1.33578
  13 3.18633 128 1.28179
  14 4.18633 116 1.1688
  15 5.18633 141 1.33582
  16 6.18633 129 1.13374
  17 7.18633 108 1.0558
  18 8.18633 122 1.17268
  19 9.18633 149 1.52279
  20 10.1863 130 1.29556
  21 11.1863 107 1.16367
  22 12.1863 123 1.16116
  23 13.1863 131 1.28313
  24 14.1863 119 1.25422
  25 15.1863 119 1.15624
  26 16.1863 116 1.30177
  27 17.1863 123 1.20898
  28 18.1863 119 1.23027
  29 19.1863 120 1.05967
  30 20.1863 90 0.793414
18360000 30 3640
  1 -8.81367 127 1.27177
  2 -7.81367 142 1.40903
  3 -6.81367 120 1.1695
  4 -5.81367 118 1.18834
  5 -4.81367 133 1.23265
  6 -3.81367 118 1.28162
  7 -2.81367 137 1.34844
  8 -1.81367 117 1.16569
  9 -0.813671 117 1.11048
  10 0.186329 105 1.05743
  11 1.18633 108 0.997084
  12 2.18633 124 1.21623
  13 3.18633 133 1.4228
  14 4.18633 118 1.09158
  15 5.18633 128 1.2628
  16 6.18633 122 1.16831
  17 7.18633 108 0.981833
  18 8.18633 126 1.17841
  19 9.18633 139 1.47337
  20 10.1863 137 1.30447
  21 11.1863 103 1.12789
  22 12.1863 116 1.20589
  23 13.1863 125 1.15586
  24 14.1863 116 1.2553
  25 15.1863 118 1.16329
  26 16.1863 125 1.28284
  27 17.1863 129 1.37758
  28 18.1863 108 1.07879
  29 19.1863 119 1.07137
  30 20.1863 104 0.956585
18370000 30 3640
  1 -8.81367 87 0.892332
  2 -7.81367 141 1.38358
  3 -6.81367 136 1.41735
  4 -5.81367 128 1.21267
  5 -4.81367 119 1.1097
  6 -3.81367 132 1.34452
  7 -2.81367 123 1.27294
  8 -1.81367 132 1.27798
  9 -0.813671 116 1.16246
  10 0.186329 111 1.07327
  11 1.18633 108 1.06832
  12 2.18633 132 1.21393
  13 3.18633 128 1.33085
  14 4.18633 128 1.28427
  15 5.18633 125 1.14622
  16 6.18633 120 1.12478
  17 7.18633 114 1.09327
  18 8.18633 113 1.04942
  19 9.18633 153 1.56204
  20 10.1863 116 1.20758
  21 11.1863 118 1.22018
  22 12.1863 114 1.14227
  23 13.1863 125 1.14867
  24 14.1863 125 1.32581
  25 15.1863 115 1.17495
  26 16.1863 111 1.12211
  27 17.1863 138 1.42006
  28 18.1863 120 1.25663
  29 19.1863 115 1.03429
  30 20.1863 97 0.830774
18380000 32 3640
  1 -9.81367 1 0.0151376
  2 -8.81367 128 1.26954
  3 -7.81367 135 1.31979
  4 -6.81367 120 1.16718
  5 -5.81367 115 1.14817
  6 -4.81367 117 1.18728
  7 -3.81367 130 1.33368
  8 -2.81367 130 1.23032
  9 -1.81367 113 1.13548
  10 -0.813671 116 1.16974
  11 0.186329 112 1.1143
  12 1.18633 98 0.954031
  13 2.18633 134 1.27078
  14 3.18633 136 1.28327
  15 4.18633 131 1.46232
  16 5.18633 129 1.16736
  17 6.18633 126 1.16847
  18 7.18633 111 1.08389
  19 8.18633 123 1.14465
  20 9.18633 143 1.48636
  21 10.1863 121 1.17226
  22 11.1863 109 1.30068
  23 12.1863 112 0.991815
  24 13.1863 126 1.27332
  25 14.1863 112 1.19741
  26 15.1863 136 1.28965
  27 16.1863 112 1.20736
  28 17.1863 125 1.29341
  29 18.1863 115 1.18358
  30 19.1863 113 0.960419
  31 20.1863 110 1.05364
  32 21.1863 1 0.0151376
18390000 30 3640
  1 -8.81367 99 0.941866
  2 -7.81367 148 1.48655
  3 -6.81367 113 1.10688
  4 -5.81367 122 1.25716
  5 -4.81367 124 1.09589
  6 -3.81367 134 1.31642
  7 -2.81367 126 1.2659
  8 -1.81367 133 1.26835
  9 -0.813671 118 1.15388
  10 0.186329 114 1.02689
  11 1.18633 104 1.12914
  12 2.18633 127 1.1083
  13 3.18633 131 1.27451
  14 4.18633 113 1.14149
  15 5.18633 126 1.18834
  16 6.18633 129 1.10455
  17 7.18633 115 1.13155
  18 8.18633 123 1.19204
  19 9.18633 155 1.48791
  20 10.1863 121 1.21409
  21 11.1863 113 1.22267
  22 12.1863 114 1.06135
  23 13.1863 130 1.27337
  24 14.1863 129 1.24258
  25 15.1863 115 1.21533
  26 16.1863 115 1.08836
  27 17.1863 130 1.36588
  28 18.1863 131 1.22159
  29 19.1863 107 0.992335
  30 20.1863 81 0.642308
18400000 30 3640
  1 -8.81367 113 1.08872
  2 -7.81367 137 1.38063
  3 -6.81367 120 1.20062
  4 -5.81367 123 1.30366
  5 -4.81367 113 1.02076
  6 -3.81367 144 1.4786
  7 -2.81367 124 1.19191
  8 -1.81367 117 1.04839
  9 -0.813671 113 1.22452
  10 0.186329 112 1.12264
  11 1.18633 114 1.11264
  12 2.18633 120 1.1479
  13 3.18633 122 1.20315
  14 4.18633 119 1.20438
  15 5.18633 138 1.33789
  16 6.18633 114 1.14772
  17 7.18633 121 1.04222
  18 8.18633 123 1.16419
  19 9.18633 146 1.53795
  20 10.1863 125 1.23461
  21 11.1863 111 1.20426
  22 12.1863 124 1.18555
  23 13.1863 119 1.17424
  24 14.1863 122 1.29386
  25 15.1863 132 1.2925
  26 16.1863 114 1.1616
  27 17.1863 120 1.29619
  28 18.1863 112 1.11887
  29 19.1863 128 1.0976
  30 20.1863 100 0.938849
18410000 30 3640
  1 -8.81367 92 0.874774
  2 -7.81367 147 1.44927
  3 -6.81367 126 1.17997
  4 -5.81367 116 1.12301
  5 -4.81367 119 1.17613
  6 -3.81367 140 1.35034
  7 -2.81367 121 1.23298
  8 -1.81367 131 1.21202
  9 -0.813671 122 1.21331
  10 0.186329 106 0.969969
  11 1.18633 120 1.2405
  12 2.18633 121 1.04051
  13 3.18633 127 1.29599
  14 4.18633 126 1.3009
  15 5.18633 131 1.17635
  16 6.18633 133 1.23055
  17 7.18633 120 1.12306
  18 8.18633 132 1.27268
  19 9.18633 135 1.31829
  20 10.1863 127 1.27375
  21 11.1863 120 1.32305
  22 12.1863 106 0.952605
  23 13.1863 122 1.1837
  24 14.1863 125 1.23068
  25 15.1863 140 1.42069
  26 16.1863 114 1.08598
  27 17.1863 111 1.19111
  28 18.1863 125 1.15398
  29 19.1863 122 1.07005
  30 20.1863 63 0.63252
18420000 30 3640
  1 -8.81367 92 0.864427
  2 -7.81367 145 1.45679
  3 -6.81367 114 1.12865
  4 -5.81367 135 1.35059
  5 -4.81367 125 1.135
  6 -3.81367 124 1.22224
  7 -2.81367 142 1.46282
  8 -1.81367 125 1.25082
  9 -0.813671 120 1.07777
  10 0.186329 106 1.11373
  11 1.18633 100 0.921897
  12 2.18633 137 1.23733
  13 3.18633 136 1.3943
  14 4.18633 124 1.26332
  15 5.18633 124 1.22106
  16 6.18633 115 1.02779
  17 7.18633 123 1.12256
  18 8.18633 128 1.22737
  19 9.18633 139 1.43168
  20 10.1863 132 1.27594
  21 11.1863 112 1.20465
  22 12.1863 117 1.12626
  23 13.1863 117 1.1998
  24 14.1863 131 1.32207
  25 15.1863 127 1.26087
  26 16.1863 110 1.13981
  27 17.1863 122 1.28593
  28 18.1863 126 1.20856
  29 19.1863 111 0.920568
  30 20.1863 81 0.778211
18430000 30 3640
  1 -8.81367 81 0.82755
  2 -7.81367 155 1.39615
  3 -6.81367 123 1.20567
  4 -5.81367 114 1.14301
  5 -4.81367 126 1.13457
  6 -3.81367 125 1.26211
  7 -2.81367 130 1.26956
  8 -1.81367 135 1.28675
  9 -0.813671 113 1.20939
  10 0.186329 118 1.02665
  11 1.18633 110 1.01549
  12 2.18633 122 1.12244
  13 3.18633 126 1.20448
  14 4.18633 134 1.4623
  15 5.18633 119 1.06583
  16 6.18633 132 1.13094
  17 7.18633 115 1.09525
  18 8.18633 119 1.11868
  19 9.18633 153 1.50779
  20 10.1863 131 1.3015
  21 11.1863 121 1.2805
  22 12.1863 114 1.01428
  23 13.1863 124 1.27692
  24 14.1863 123 1.1776
  25 15.1863 120 1.17257
  26 16.1863 126 1.23636
  27 17.1863 120 1.28805
  28 18.1863 118 1.15782
  29 19.1863 117 0.971389
  30 20.1863 76 0.718343
18440000 30 3640
  1 -8.81367 99 1.07151
  2 -7.81367 149 1.41662
  3 -6.81367 117 1.13253
  4 -5.81367 121 1.19223
  5 -4.81367 123 1.17369
  6 -3.81367 135 1.36041
  7 -2.81367 137 1.42151
  8 -1.81367 125 1.18981
  9 -0.813671 114 1.1314
  10 0.186329 117 1.08907
  11 1.18633 101 0.980554
  12 2.18633 125 1.25221
  13 3.18633 129 1.21481
  14 4.18633 131 1.32061
  15 5.18633 133 1.23734
  16 6.18633 120 1.12876
  17 7.18633 123 1.11396
  18 8.18633 109 1.04536
  19 9.18633 143 1.46024
  20 10.1863 119 1.19606
  21 11.1863 125 1.40021
  22 12.1863 111 0.993094
  23 13.1863 121 1.12262
  24 14.1863 125 1.34567
  25 15.1863 118 1.18102
  26 16.1863 130 1.1924
  27 17.1863 119 1.33433
  28 18.1863 109 1.11754
  29 19.1863 117 0.935878
  30 20.1863 95 0.84478
18450000 30 3640
  1 -8.81367 118 1.21067
  2 -7.81367 138 1.24682
  3 -6.81367 117 1.19935
  4 -5.81367 133 1.30269
  5 -4.81367 110 1.0699
  6 -3.81367 134 1.37734
  7 -2.81367 129 1.26796
  8 -1.81367 135 1.243
  9 -0.813671 96 0.96279
  10 0.186329 114 1.08366
  11 1.18633 117 1.18209
  12 2.18633 113 1.08988
  13 3.18633 125 1.1409
  14 4.18633 133 1.43094
  15 5.18633 126 1.15474
  16 6.18633 125 1.21678
  17 7.18633 118 1.06496
  18 8.18633 126 1.17467
  19 9.18633 144 1.4908
  20 10.1863 127 1.22929
  21 11.1863 104 1.1532
  22 12.1863 120 1.08979
  23 13.1863 117 1.19196
  24 14.1863 121 1.24185
  25 15.1863 125 1.27902
  26 16.1863 122 1.19813
  27 17.1863 119 1.22809
  28 18.1863 115 1.18316
  29 19.1863 121 1.01278
  30 20.1863 98 0.866903
18460000 30 3640
  1 -8.81367 91 0.96504
  2 -7.81367 151 1.41077
  3 -6.81367 113 1.18777
  4 -5.81367 125 1.21645
  5 -4.81367 128 1.15179
  6 -3.81367 125 1.3272
  7 -2.81367 125 1.275
  8 -1.81367 118 1.12938
  9 -0.813671 126 1.23277
  10 0.186329 107 0.965017
  11 1.18633 115 1.0922
  12 2.18633 132 1.23648
  13 3.18633 140 1.45806
  14 4.18633 115 1.16915
  15 5.18633 138 1.27766
  16 6.18633 118 1.097
  17 7.18633 116 1.07833
  18 8.18633 117 1.04726
  19 9.18633 160 1.63747
  20 10.1863 105 1.08695
  21 11.1863 120 1.22386
  22 12.1863 117 1.11812
  23 13.1863 123 1.27006
  24 14.1863 123 1.28017
  25 15.1863 126 1.22514
  26 16.1863 123 1.22395
  27 17.1863 121 1.33355
  28 18.1863 117 1.0535
  29 19.1863 118 1.02739
  30 20.1863 87 0.777021
18470000 32 3640
  1 -9.81367 0 0
  2 -8.81367 119 1.21255
  3 -7.81367 149 1.43867
  4 -6.81367 120 1.25401
  5 -5.81367 125 1.23521
  6 -4.81367 127 1.19732
  7 -3.81367 119 1.2756
  8 -2.81367 132 1.30466
  9 -1.81367 123 1.24026
  10 -0.813671 118 1.14307
  11 0.186329 105 0.980243
  12 1.18633 110 1.15573
  13 2.18633 125 1.14438
  14 3.18633 134 1.31229
  15 4.18633 112 1.13801
  16 5.18633 142 1.41716
  17 6.18633 111 0.960008
  18 7.18633 112 1.16064
  19 8.18633 115 1.06478
  20 9.18633 141 1.35412
  21 10.1863 127 1.36906
  22 11.1863 112 1.32092
  23 12.1863 117 1.00164
  24 13.1863 126 1.26686
  25 14.1863 117 1.25928
  26 15.1863 115 1.11653
  27 16.1863 130 1.31851
  28 17.1863 113 1.18087
  29 18.1863 120 1.2568
  30 19.1863 109 0.987747
  31 20.1863 112 1.01428
  32 21.1863 3 0.00381471
18480000 30 3640
  1 -8.81367 134 1.26844
  2 -7.81367 140 1.45192
  3 -6.81367 116 1.11707
  4 -5.81367 126 1.26072
  5 -4.81367 124 1.23949
  6 -3.81367 115 1.13453
  7 -2.81367 135 1.3495
  8 -1.81367 117 1.06091
  9 -0.813671 108 1.11581
  10 0.186329 111 1.04854
  11 1.18633 112 1.0997
  12 2.18633 135 1.2496
  13 3.18633 135 1.402
  14 4.18633 112 1.11338
  15 5.18633 131 1.29457
  16 6.18633 121 1.06595
  17 7.18633 114 1.05843
  18 8.18633 113 1.08971
  19 9.18633 147 1.43078
  20 10.1863 122 1.26701
  21 11.1863 110 1.19312
  22 12.1863 115 1.09587
  23 13.1863 134 1.29714
  24 14.1863 122 1.27468
  25 15.1863 120 1.15455
  26 16.1863 116 1.16823
  27 17.1863 115 1.18587
  28 18.1863 124 1.27456
  29 19.1863 112 0.998495
  30 20.1863 104 0.939679
18490000 30 3640
  1 -8.81367 107 1.06431
  2 -7.81367 130 1.27395
  3 -6.81367 129 1.26649
  4 -5.81367 120 1.19197
  5 -4.81367 129 1.2442
  6 -3.81367 135 1.37301
  7 -2.81367 120 1.15616
  8 -1.81367 128 1.23417
  9 -0.813671 117 1.16486
  10 0.186329 109 1.00362
  11 1.18633 104 0.981324
  12 2.18633 127 1.23064
  13 3.18633 139 1.37801
  14 4.18633 120 1.23183
  15 5.18633 146 1.30135
  16 6.18633 127 1.22798
  17 7.18633 111 0.996188
  18 8.18633 123 1.16489
  19 9.18633 139 1.39425
  20 10.1863 130 1.36064
  21 11.1863 107 1.11266
  22 12.1863 125 1.1549
  23 13.1863 115 1.12631
  24 14.1863 121 1.23688
  25 15.1863 120 1.11887
  26 16.1863 124 1.24162
  27 17.1863 115 1.25527
  28 18.1863 117 1.16851
  29 19.1863 126 1.1066
  30 20.1863 80 0.678602
18500000 30 3640
  1 -8.81367 105 1.0128
  2 -7.81367 132 1.38186
  3 -6.81367 130 1.21164
  4 -5.81367 128 1.3042
  5 -4.81367 117 1.1128
  6 -3.81367 117 1.11778
  7 -2.81367 129 1.40929
  8 -1.81367 124 1.12411
  9 -0.813671 115 1.13789
  10 0.186329 109 1.07785
  11 1.18633 111 1.14277
  12 2.18633 120 1.02911
  13 3.18633 119 1.19791
  14 4.18633 130 1.37566
  15 5.18633 134 1.20301
  16 6.18633 127 1.23292
  17 7.18633 122 1.09288
  18 8.18633 117 1.16543
  19 9.18633 153 1.57839
  20 10.1863 125 1.2742
  21 11.1863 108 1.13022
  22 12.1863 112 1.07271
  23 13.1863 124 1.15422
  24 14.1863 134 1.38952
  25 15.1863 113 1.15651
  26 16.1863 132 1.29549
  27 17.1863 117 1.25425
  28 18.1863 124 1.21548
  29 19.1863 113 1.04147
  30 20.1863 99 0.870011
18510000 32 3640
  1 -9.81367 2 0.0213267
  2 -8.81367 131 1.31205
  3 -7.81367 127 1.2743
  4 -6.81367 119 1.14125
  5 -5.81367 126 1.2679
  6 -4.81367 118 1.08859
  7 -3.81367 124 1.33435
  8 -2.81367 127 1.2718
  9 -1.81367 127 1.26666
  10 -0.813671 116 1.07742
  11 0.186329 102 1.01694
  12 1.18633 101 1.00822
  13 2.18633 134 1.2406
  14 3.18633 119 1.17511
  15 4.18633 131 1.38214
  16 5.18633 127 1.18286
  17 6.18633 129 1.1689
  18 7.18633 109 1.07342
  19 8.18633 118 1.15389
  20 9.18633 141 1.43247
  21 10.1863 135 1.30945
  22 11.1863 114 1.27417
  23 12.1863 105 1.03323
  24 13.1863 117 1.03334
  25 14.1863 126 1.36612
  26 15.1863 127 1.23406
  27 16.1863 115 1.17129
  28 17.1863 111 1.18264
  29 18.1863 118 1.28931
  30 19.1863 120 0.941848
  31 20.1863 123 1.12872
  32 21.1863 1 0.0150616
18520000 30 3640
  1 -8.81367 104 1.05034
  2 -7.81367 158 1.49367
  3 -6.81367 97 0.98265
  4 -5.81367 126 1.24054
  5 -4.81367 120 1.13925
  6 -3.81367 120 1.26926
  7 -2.81367 129 1.30318
  8 -1.81367 119 1.1367
  9 -0.813671 121 1.19186
  10 0.186329 100 0.947753
  11 1.18633 118 1.16435
  12 2.18633 126 1.21685
  13 3.18633 126 1.24072
  14 4.18633 124 1.29315
  15 5.18633 141 1.2558
  16 6.18633 122 1.17676
  17 7.18633 122 1.19551
  18 8.18633 124 1.06927
  19 9.18633 144 1.5298
  20 10.1863 118 1.19047
  21 11.1863 129 1.36569
  22 12.1863 107 0.949045
  23 13.1863 123 1.24059
  24 14.1863 129 1.35582
  25 15.1863 125 1.25566
  26 16.1863 112 1.12409
  27 17.1863 127 1.45339
  28 18.1863 110 0.956561
  29 19.1863 117 1.03667
  30 20.1863 102 0.941401
18530000 32 3640
  1 -9.81367 2 0.0164539
  2 -8.81367 122 1.3034
  3 -7.81367 132 1.22363
  4 -6.81367 117 1.18174
  5 -5.81367 121 1.21465
  6 -4.81367 115 1.0895
  7 -3.81367 127 1.28432
  8 -2.81367 133 1.37535
  9 -1.81367 117 1.10587
  10 -0.813671 121 1.22498
  11 0.186329 108 1.08438
  12 1.18633 111 1.12628
  13 2.18633 120 1.11487
  14 3.18633 131 1.2805
  15 4.18633 121 1.31345
  16 5.18633 128 1.12506
  17 6.18633 127 1.26402
  18 7.18633 115 1.07308
  19 8.18633 124 1.1503
  20 9.18633 142 1.51589
  21 10.1863 125 1.27416
  22 11.1863 121 1.35246
  23 12.1863 112 1.04014
  24 13.1863 119 1.15789
  25 14.1863 122 1.24016
  26 15.1863 119 1.25387
  27 16.1863 120 1.19448
  28 17.1863 114 1.25903
  29 18.1863 124 1.21091
  30 19.1863 112 0.994689
  31 20.1863 117 1.09075
  32 21.1863 1 0.01518
18540000 30 3640
  1 -8.81367 110 1.08599
  2 -7.81367 136 1.35621
  3 -6.81367 120 1.1525
  4 -5.81367 138 1.32471
  5 -4.81367 124 1.18147
  6 -3.81367 116 1.26545
  7 -2.81367 137 1.34111
  8 -1.81367 123 1.1689
  9 -0.813671 113 1.04714
  10 0.186329 109 1.155
  11 1.18633 104 1.0759
  12 2.18633 140 1.32864
  13 3.18633 121 1.16392
  14 4.18633 129 1.28195
  15 5.18633 124 1.23683
  16 6.18633 130 1.20288
  17 7.18633 124 1.15135
  18 8.18633 110 1.11742
  19 9.18633 136 1.35616
  20 10.1863 141 1.45162
  21 11.1863 114 1.20401
  22 12.1863 107 1.00928
  23 13.1863 124 1.10495
  24 14.1863 124 1.29579
  25 15.1863 110 1.15756
  26 16.1863 123 1.29706
  27 17.1863 117 1.15506
  28 18.1863 107 1.21276
  29 19.1863 120 1.0559
  30 20.1863 109 0.971617
18550000 30 3640
  1 -8.81367 98 0.962347
  2 -7.81367 130 1.30386
  3 -6.81367 129 1.31008
  4 -5.81367 136 1.26135
  5 -4.81367 115 1.12367
  6 -3.81367 130 1.29754
  7 -2.81367 134 1.34388
  8 -1.81367 112 1.16863
  9 -0.813671 109 1.02872
  10 0.186329 110 1.06995
  11 1.18633 106 1.05499
  12 2.18633 129 1.19383
  13 3.18633 122 1.18377
  14 4.18633 144 1.50785
  15 5.18633 116 1.00615
  16 6.18633 140 1.3627
  17 7.18633 115 1.11121
  18 8.18633 121 1.20508
  19 9.18633 141 1.34901
  20 10.1863 124 1.28628
  21 11.1863 124 1.31255
  22 12.1863 120 1.12375
  23 13.1863 130 1.24507
  24 14.1863 114 1.18883
  25 15.1863 129 1.32891
  26 16.1863 126 1.24127
  27 17.1863 106 1.08737
  28 18.1863 114 1.18879
  29 19.1863 124 1.10502
  30 20.1863 92 0.79843
18560000 30 3640
  1 -8.81367 82 0.881374
  2 -7.81367 150 1.45886
  3 -6.81367 113 1.0863
  4 -5.81367 138 1.36376
  5 -4.81367 117 1.16003
  6 -3.81367 136 1.33755
  7 -2.81367 130 1.31631
  8 -1.81367 133 1.25383
  9 -0.813671 110 1.13011
  10 0.186329 119 1.10774
  11 1.18633 112 1.07264
  12 2.18633 120 1.12513
  13 3.18633 137 1.46505
  14 4.18633 122 1.1601
  15 5.18633 134 1.29143
  16 6.18633 118 1.17004
  17 7.18633 123 1.09271
  18 8.18633 119 1.04522
  19 9.18633 144 1.46141
  20 10.1863 120 1.31492
  21 11.1863 111 1.07253
  22 12.1863 119 1.15633
  23 13.1863 131 1.24026
  24 14.1863 117 1.19895
  25 15.1863 106 1.10995
  26 16.1863 129 1.4162
  27 17.1863 121 1.17387
  28 18.1863 110 1.18132
  29 19.1863 121 1.01772
  30 20.1863 98 0.853875
18570000 30 3640
  1 -8.81367 122 1.21162
  2 -7.81367 150 1.45717
  3 -6.81367 101 1.0235
  4 -5.81367 132 1.25786
  5 -4.81367 112 1.07498
  6 -3.81367 132 1.42564
  7 -2.81367 132 1.28669
  8 -1.81367 129 1.20649
  9 -0.813671 109 1.04121
  10 0.186329 105 1.08627
  11 1.18633 118 1.21291
  12 2.18633 122 1.16768
  13 3.18633 127 1.22037
  14 4.18633 123 1.25161
  15 5.18633 137 1.29804
  16 6.18633 120 1.14514
  17 7.18633 121 1.08633
  18 8.18633 117 1.13392
  19 9.18633 133 1.28057
  20 10.1863 136 1.41936
  21 11.1863 124 1.32161
  22 12.1863 109 1.02121
  23 13.1863 135 1.20791
  24 14.1863 127 1.45081
  25 15.1863 120 1.14764
  26 16.1863 122 1.22649
  27 17.1863 116 1.31925
  28 18.1863 108 1.09249
  29 19.1863 114 0.977337
  30 20.1863 87 0.743026
18580000 30 3640
  1 -8.81367 119 1.17899
  2 -7.81367 127 1.24481
  3 -6.81367 122 1.19499
  4 -5.81367 123 1.13922
  5 -4.81367 131 1.24843
  6 -3.81367 121 1.2731
  7 -2.81367 125 1.2732
  8 -1.81367 131 1.18271
  9 -0.813671 108 1.04996
  10 0.186329 106 1.04864
  11 1.18633 106 1.0102
  12 2.18633 140 1.3541
  13 3.18633 114 1.03378
  14 4.18633 123 1.37369
  15 5.18633 124 1.22235
  16 6.18633 126 1.01033
  17 7.18633 118 1.17891
  18 8.18633 117 1.08971
  19 9.18633 156 1.55623
  20 10.1863 112 1.13297
  21 11.1863 124 1.30912
  22 12.1863 114 1.05113
  23 13.1863 123 1.20631
  24 14.1863 122 1.17532
  25 15.1863 123 1.27565
  26 16.1863 116 1.17513
  27 17.1863 141 1.45443
  28 18.1863 110 1.09336
  29 19.1863 116 0.963147
  30 20.1863 102 0.955539
18590000 30 3640
  1 -8.81367 118 1.2191
  2 -7.81367 134 1.26653
  3 -6.81367 119 1.21654
  4 -5.81367 124 1.26129
  5 -4.81367 118 1.03971
  6 -3.81367 131 1.41217
  7 -2.81367 133 1.29382
  8 -1.81367 132 1.25267
  9 -0.813671 111 1.05103
  10 0.186329 113 1.14553
  11 1.18633 106 1.01221
  12 2.18633 123 1.1955
  13 3.18633 128 1.19413
  14 4.18633 127 1.30882
  15 5.18633 135 1.31881
  16 6.18633 125 1.15805
  17 7.18633 114 1.01603
  18 8.18633 124 1.19918
  19 9.18633 134 1.36242
  20 10.1863 130 1.36485
  21 11.1863 116 1.14428
  22 12.1863 114 1.0832
  23 13.1863 117 1.15555
  24 14.1863 121 1.20292
  25 15.1863 121 1.22038
  26 16.1863 118 1.26631
  27 17.1863 116 1.17043
  28 18.1863 123 1.23163
  29 19.1863 108 1.00097
  30 20.1863 107 0.849021
18600000 30 3640
  1 -8.81367 106 1.03807
  2 -7.81367 150 1.52414
  3 -6.81367 113 1.04431
  4 -5.81367 126 1.22121
  5 -4.81367 126 1.27856
  6 -3.81367 118 1.17881
  7 -2.81367 135 1.36454
  8 -1.81367 131 1.19264
  9 -0.813671 120 1.2039
  10 0.186329 97 0.892385
  11 1.18633 96 0.960858
  12 2.18633 124 1.1641
  13 3.18633 135 1.35333
  14 4.18633 124 1.2773
  15 5.18633 131 1.27244
  16 6.18633 130 1.2026
  17 7.18633 118 0.992126
  18 8.18633 132 1.25255
  19 9.18633 140 1.46301
  20 10.1863 125 1.26361
  21 11.1863 115 1.2934
  22 12.1863 115 1.04311
  23 13.1863 113 1.1054
  24 14.1863 126 1.30367
  25 15.1863 120 1.13279
  26 16.1863 129 1.33702
  27 17.1863 118 1.18397
  28 18.1863 123 1.29847
  29 19.1863 113 0.92611
  30 20.1863 91 0.840004
18610000 30 3640
  1 -8.81367 76 0.706007
  2 -7.81367 144 1.36734
  3 -6.81367 113 1.17111
  4 -5.81367 129 1.24308
  5 -4.81367 119 1.11418
  6 -3.81367 135 1.35352
  7 -2.81367 130 1.34358
  8 -1.81367 131 1.27413
  9 -0.813671 114 1.13289
  10 0.186329 114 1.01373
  11 1.18633 102 1.00255
  12 2.18633 130 1.21967
  13 3.18633 130 1.31269
  14 4.18633 135 1.35229
  15 5.18633 129 1.15405
  16 6.18633 134 1.26424
  17 7.18633 121 1.09563
  18 8.18633 122 1.1663
  19 9.18633 149 1.41572
  20 10.1863 119 1.2828
  21 11.1863 115 1.16492
  22 12.1863 114 1.08685
  23 13.1863 133 1.31269
  24 14.1863 129 1.36736
  25 15.1863 116 1.07319
  26 16.1863 125 1.3026
  27 17.1863 119 1.299
  28 18.1863 127 1.18988
  29 19.1863 111 0.935627
  30 20.1863 75 0.729555
18620000 30 3640
  1 -8.81367 94 0.916497
  2 -7.81367 143 1.40134
  3 -6.81367 122 1.19538
  4 -5.81367 127 1.24864
  5 -4.81367 120 1.19288
  6 -3.81367 123 1.15574
  7 -2.81367 131 1.35658
  8 -1.81367 129 1.19415
  9 -0.813671 129 1.265
  10 0.186329 106 0.989601
  11 1.18633 102 0.993296
  12 2.18633 131 1.34927
  13 3.18633 133 1.25751
  14 4.18633 124 1.23007
  15 5.18633 120 1.08149
  16 6.18633 129 1.24006
  17 7.18633 123 1.12602
  18 8.18633 130 1.15713
  19 9.18633 147 1.5513
  20 10.1863 121 1.21023
  21 11.1863 119 1.27218
  22 12.1863 111 1.00947
  23 13.1863 119 1.12976
  24 14.1863 133 1.40139
  25 15.1863 124 1.19166
  26 16.1863 125 1.23379
  27 17.1863 109 1.23376
  28 18.1863 121 1.19794
  29 19.1863 121 1.04303
  30 20.1863 74 0.603953
18630000 30 3640
  1 -8.81367 95 0.958214
  2 -7.81367 148 1.53422
  3 -6.81367 118 1.0099
  4 -5.81367 119 1.23415
  5 -4.81367 128 1.30722
  6 -3.81367 128 1.19517
  7 -2.81367 133 1.3829
  8 -1.81367 120 1.14095
  9 -0.813671 122 1.16376
  10 0.186329 101 1.02497
  11 1.18633 101 1.02627
  12 2.18633 135 1.32133
  13 3.18633 120 1.17243
  14 4.18633 138 1.42584
  15 5.18633 123 1.18005
  16 6.18633 134 1.21162
  17 7.18633 114 1.11826
  18 8.18633 132 1.20282
  19 9.18633 126 1.37918
  20 10.1863 126 1.27576
  21 11.1863 119 1.21016
  22 12.1863 109 1.06283
  23 13.1863 132 1.33639
  24 14.1863 122 1.21035
  25 15.1863 117 1.20897
  26 16.1863 121 1.34252
  27 17.1863 129 1.19021
  28 18.1863 113 1.1548
  29 19.1863 126 1.17878
  30 20.1863 91 0.858559
18640000 30 3640
  1 -8.81367 73 0.758308
  2 -7.81367 141 1.39811
  3 -6.81367 117 1.1264
  4 -5.81367 127 1.28564
  5 -4.81367 119 1.1128
  6 -3.81367 136 1.35358
  7 -2.81367 120 1.14001
  8 -1.81367 127 1.261
  9 -0.813671 116 1.15609
  10 0.186329 116 1.0746
  11 1.18633 104 1.02771
  12 2.18633 132 1.22909
  13 3.18633 127 1.21157
  14 4.18633 130 1.324
  15 5.18633 123 1.0982
  16 6.18633 138 1.29066
  17 7.18633 109 1.06712
  18 8.18633 137 1.26118
  19 9.18633 155 1.49578
  20 10.1863 113 1.1794
  21 11.1863 120 1.31524
  22 12.1863 118 1.01413
  23 13.1863 130 1.30058
  24 14.1863 131 1.32784
  25 15.1863 129 1.24986
  26 16.1863 124 1.24615
  27 17.1863 110 1.15856
  28 18.1863 128 1.16353
  29 19.1863 119 1.0228
  30 20.1863 71 0.637391
18650000 30 3640
  1 -8.81367 96 0.916473
  2 -7.81367 145 1.47495
  3 -6.81367 109 0.980479
  4 -5.81367 131 1.36558
  5 -4.81367 124 1.23637
  6 -3.81367 122 1.12727
  7 -2.81367 138 1.42846
  8 -1.81367 120 1.17863
  9 -0.813671 126 1.2503
  10 0.186329 108 1.06709
  11 1.18633 105 1.00433
  12 2.18633 127 1.10985
  13 3.18633 124 1.30675
  14 4.18633 119 1.26519
  15 5.18633 135 1.26412
  16 6.18633 134 1.23656
  17 7.18633 120 1.16114
  18 8.18633 114 1.01194
  19 9.18633 148 1.54016
  20 10.1863 122 1.34055
  21 11.1863 113 1.19493
  22 12.1863 113 1.05198
  23 13.1863 121 1.13991
  24 14.1863 132 1.43857
  25 15.1863 124 1.23008
  26 16.1863 126 1.22395
  27 17.1863 110 1.19378
  28 18.1863 115 1.08084
  29 19.1863 113 0.972948
  30 20.1863 106 1.07067
18660000 30 3640
  1 -8.81367 119 1.18634
  2 -7.81367 130 1.26751
  3 -6.81367 119 1.17747
  4 -5.81367 129 1.25749
  5 -4.81367 121 1.11745
  6 -3.81367 130 1.30877
  7 -2.81367 130 1.39511
  8 -1.81367 130 1.24749
  9 -0.813671 109 1.05376
  10 0.186329 112 1.0699
  11 1.18633 104 1.08493
  12 2.18633 134 1.16018
  13 3.18633 116 1.17738
  14 4.18633 126 1.33133
  15 5.18633 132 1.21766
  16 6.18633 134 1.25003
  17 7.18633 115 1.11867
  18 8.18633 121 1.07376
  19 9.18633 133 1.40517
  20 10.1863 135 1.36892
  21 11.1863 117 1.23365
  22 12.1863 102 0.976079
  23 13.1863 133 1.18763
  24 14.1863 122 1.40392
  25 15.1863 113 1.06982
  26 16.1863 122 1.19001
  27 17.1863 109 1.22371
  28 18.1863 125 1.30625
  29 19.1863 121 0.957508
  30 20.1863 97 0.932171
18670000 30 3640
  1 -8.81367 118 1.12923
  2 -7.81367 143 1.48759
  3 -6.81367 107 1.07765
  4 -5.81367 145 1.43215
  5 -4.81367 106 0.988404
  6 -3.81367 132 1.38439
  7 -2.81367 128 1.20843
  8 -1.81367 128 1.30638
  9 -0.813671 106 1.03877
  10 0.186329 106 1.03368
  11 1.18633 117 1.2261
  12 2.18633 122 1.04516
  13 3.18633 134 1.36925
  14 4.18633 125 1.29271
  15 5.18633 131 1.14944
  16 6.18633 124 1.21974
  17 7.18633 121 1.13808
  18 8.18633 124 1.23111
  19 9.18633 142 1.47496
  20 10.1863 129 1.31775
  21 11.1863 116 1.24606
  22 12.1863 117 1.04505
  23 13.1863 119 1.20215
  24 14.1863 121 1.23116
  25 15.1863 112 1.08643
  26 16.1863 116 1.29499
  27 17.1863 117 1.09917
  28 18.1863 115 1.19833
  29 19.1863 112 0.990998
  30 20.1863 107 0.980859
18680000 30 3640
  1 -8.81367 113 1.06846
  2 -7.81367 152 1.42364
  3 -6.81367 114 1.16835
  4 -5.81367 122 1.19592
  5 -4.81367 113 1.10711
  6 -3.81367 148 1.44609
  7 -2.81367 122 1.34844
  8 -1.81367 126 1.15467
  9 -0.813671 111 1.10603
  10 0.186329 101 0.943309
  11 1.18633 124 1.23853
  12 2.18633 129 1.14106
  13 3.18633 128 1.33611
  14 4.18633 118 1.23333
  15 5.18633 154 1.46132
  16 6.18633 107 0.979599
  17 7.18633 122 1.1584
  18 8.18633 114 1.05228
  19 9.18633 148 1.45735
  20 10.1863 118 1.22473
  21 11.1863 115 1.30336
  22 12.1863 106 1.01328
  23 13.1863 117 1.0698
  24 14.1863 118 1.20348
  25 15.1863 126 1.27099
  26 16.1863 120 1.22961
  27 17.1863 123 1.25231
  28 18.1863 109 1.19716
  29 19.1863 122 1.03845
  30 20.1863 100 0.918335
18690000 30 3640
  1 -8.81367 98 0.884775
  2 -7.81367 151 1.47612
  3 -6.81367 112 1.10089
  4 -5.81367 122 1.26842
  5 -4.81367 113 0.994124
  6 -3.81367 135 1.41508
  7 -2.81367 130 1.30459
  8 -1.81367 129 1.27231
  9 -0.813671 118 1.12457
  10 0.186329 108 0.995449
  11 1.18633 113 1.0587
  12 2.18633 117 1.1159
  13 3.18633 134 1.37292
  14 4.18633 121 1.17171
  15 5.18633 141 1.33957
  16 6.18633 116 1.11693
  17 7.18633 120 1.13201
  18 8.18633 115 1.06615
  19 9.18633 147 1.40412
  20 10.1863 129 1.30837
  21 11.1863 116 1.24359
  22 12.1863 114 1.07237
  23 13.1863 124 1.27105
  24 14.1863 126 1.22902
  25 15.1863 117 1.15058
  26 16.1863 111 1.08217
  27 17.1863 136 1.5183
  28 18.1863 129 1.21897
  29 19.1863 105 0.893483
  30 20.1863 93 0.897126
18700000 30 3640
  1 -8.81367 80 0.764698
  2 -7.81367 157 1.50323
  3 -6.81367 107 1.04651
  4 -5.81367 126 1.27471
  5 -4.81367 125 1.24107
  6 -3.81367 130 1.2997
  7 -2.81367 133 1.31722
  8 -1.81367 128 1.22736
  9 -0.813671 111 1.10527
  10 0.186329 117 1.0841
  11 1.18633 109 1.11026
  12 2.18633 127 1.09656
  13 3.18633 121 1.26977
  14 4.18633 141 1.45692
  15 5.18633 128 1.14773
  16 6.18633 129 1.2897
  17 7.18633 117 1.06909
  18 8.18633 130 1.16643
  19 9.18633 140 1.49434
  20 10.1863 127 1.27725
  21 11.1863 114 1.221
  22 12.1863 124 1.11405
  23 13.1863 119 1.16886
  24 14.1863 124 1.2475
  25 15.1863 116 1.24844
  26 16.1863 129 1.16384
  27 17.1863 119 1.36212
  28 18.1863 109 1.05527
  29 19.1863 119 0.994324
  30 20.1863 84 0.820732
18710000 30 3640
  1 -8.81367 106 1.11891
  2 -7.81367 138 1.2164
  3 -6.81367 112 1.13008
  4 -5.81367 136 1.29755
  5 -4.81367 112 1.07089
  6 -3.81367 134 1.38628
  7 -2.81367 121 1.17313
  8 -1.81367 134 1.34924
  9 -0.813671 117 1.10428
  10 0.186329 113 1.05747
  11 1.18633 113 1.10423
  12 2.18633 127 1.18799
  13 3.18633 134 1.29275
  14 4.18633 122 1.21133
  15 5.18633 130 1.2004
  16 6.18633 128 1.21999
  17 7.18633 116 0.989737
  18 8.18633 126 1.29019
  19 9.18633 137 1.33087
  20 10.1863 126 1.24837
  21 11.1863 114 1.23095
  22 12.1863 113 0.946517
  23 13.1863 129 1.27801
  24 14.1863 116 1.23847
  25 15.1863 131 1.24958
  26 16.1863 121 1.23718
  27 17.1863 119 1.18547
  28 18.1863 126 1.23734
  29 19.1863 104 0.877542
  30 20.1863 85 0.746808
18720000 32 3640
  1 -9.81367 0 0
  2 -8.81367 131 1.31498
  3 -7.81367 138 1.38554
  4 -6.81367 107 1.08266
  5 -5.81367 124 1.22902
  6 -4.81367 131 1.2783
  7 -3.81367 127 1.24302
  8 -2.81367 123 1.28573
  9 -1.81367 138 1.31484
  10 -0.813671 106 1.02219
  11 0.186329 103 1.03235
  12 1.18633 116 1.24804
  13 2.18633 128 1.185
  14 3.18633 124 1.2367
  15 4.18633 115 1.11804
  16 5.18633 126 1.18749
  17 6.18633 123 1.20387
  18 7.18633 109 1.02092
  19 8.18633 130 1.25437
  20 9.18633 139 1.41338
  21 10.1863 127 1.2909
  22 11.1863 107 1.18601
  23 12.1863 114 1.10417
  24 13.1863 123 1.21272
  25 14.1863 119 1.26572
  26 15.1863 130 1.27327
  27 16.1863 108 1.13819
  28 17.1863 133 1.36415
  29 18.1863 109 1.12554
  30 19.1863 113 0.936467
  31 20.1863 117 1.09661
  32 21.1863 2 0.00254084
18730000 30 3640
  1 -8.81367 61 0.673582
  2 -7.81367 160 1.49273
  3 -6.81367 110 1.01227
  4 -5.81367 133 1.28313
  5 -4.81367 122 1.16003
  6 -3.81367 131 1.28437
  7 -2.81367 139 1.44811
  8 -1.81367 121 1.09848
  9 -0.813671 125 1.24265
  10 0.186329 104 0.961826
  11 1.18633 113 1.14035
  12 2.18633 126 1.09247
  13 3.18633 129 1.32386
  14 4.18633 128 1.28193
  15 5.18633 129 1.22045
  16 6.18633 129 1.20686
  17 7.18633 123 1.04074
  18 8.18633 128 1.17974
  19 9.18633 150 1.58374
  20 10.1863 120 1.16373
  21 11.1863 115 1.20427
  22 12.1863 125 1.13061
  23 13.1863 122 1.24129
  24 14.1863 122 1.25737
  25 15.1863 130 1.28558
  26 16.1863 121 1.18101
  27 17.1863 127 1.33982
  28 18.1863 107 0.985205
  29 19.1863 124 1.11946
  30 20.1863 66 0.548066
18740000 30 3640
  1 -8.81367 101 0.992832
  2 -7.81367 147 1.47556
  3 -6.81367 115 1.097
  4 -5.81367 132 1.25334
  5 -4.81367 114 1.15899
  6 -3.81367 132 1.32034
  7 -2.81367 131 1.32408
  8 -1.81367 126 1.20868
  9 -0.813671 113 1.10828
  10 0.186329 105 0.958141
  11 1.18633 114 1.16537
  12 2.18633 123 1.04996
  13 3.18633 133 1.34896
  14 4.18633 117 1.20618
  15 5.18633 124 1.12573
  16 6.18633 130 1.23473
  17 7.18633 114 1.06233
  18 8.18633 122 1.09343
  19 9.18633 145 1.56853
  20 10.1863 135 1.31667
  21 11.1863 103 1.08205
  22 12.1863 121 1.10948
  23 13.1863 108 1.10697
  24 14.1863 137 1.4185
  25 15.1863 117 1.11066
  26 16.1863 118 1.18504
  27 17.1863 128 1.35027
  28 18.1863 116 1.07225
  29 19.1863 114 1.00531
  30 20.1863 105 0.945646
18750000 30 3640
  1 -8.81367 106 1.12512
  2 -7.81367 139 1.34588
  3 -6.81367 117 1.12282
  4 -5.81367 117 1.17866
  5 -4.81367 119 1.13769
  6 -3.81367 124 1.22733
  7 -2.81367 138 1.41305
  8 -1.81367 126 1.23729
  9 -0.813671 117 1.12159
  10 0.186329 113 1.10784
  11 1.18633 109 1.06799
  12 2.18633 121 1.17018
  13 3.18633 137 1.38064
  14 4.18633 127 1.15522
  15 5.18633 128 1.291
  16 6.18633 125 1.14017
  17 7.18633 131 1.14907
  18 8.18633 119 1.16513
  19 9.18633 140 1.52517
  20 10.1863 119 1.16012
  21 11.1863 116 1.21481
  22 12.1863 115 1.09041
  23 13.1863 124 1.16516
  24 14.1863 124 1.38323
  25 15.1863 137 1.23739
  26 16.1863 97 1.01671
  27 17.1863 123 1.35325
  28 18.1863 115 1.10657
  29 19.1863 116 1.0219
  30 20.1863 101 0.790208
18760000 30 3640
  1 -8.81367 74 0.706801
  2 -7.81367 155 1.5162
  3 -6.81367 116 1.1555
  4 -5.81367 132 1.27199
  5 -4.81367 116 1.1282
  6 -3.81367 140 1.35504
  7 -2.81367 137 1.37247
  8 -1.81367 125 1.16166
  9 -0.813671 121 1.22256
  10 0.186329 105 0.995556
  11 1.18633 112 1.12711
  12 2.18633 132 1.20885
  13 3.18633 133 1.31051
  14 4.18633 131 1.18036
  15 5.18633 132 1.32907
  16 6.18633 113 1.08239
  17 7.18633 117 1.12204
  18 8.18633 115 0.972186
  19 9.18633 153 1.58192
  20 10.1863 122 1.2014
  21 11.1863 124 1.35616
  22 12.1863 107 1.01542
  23 13.1863 131 1.27834
  24 14.1863 118 1.17173
  25 15.1863 122 1.21489
  26 16.1863 116 1.10964
  27 17.1863 118 1.26463
  28 18.1863 125 1.21131
  29 19.1863 109 0.953494
  30 20.1863 89 0.844304
18770000 30 3640
  1 -8.81367 99 1.15213
  2 -7.81367 145 1.29475
  3 -6.81367 117 1.10734
  4 -5.81367 124 1.22581
  5 -4.81367 123 1.22712
  6 -3.81367 130 1.27828
  7 -2.81367 124 1.28828
  8 -1.81367 122 1.16095
  9 -0.813671 128 1.3121
  10 0.186329 101 0.922641
  11 1.18633 104 1.07246
  12 2.18633 129 1.17486
  13 3.18633 137 1.35692
  14 4.18633 127 1.33326
  15 5.18633 138 1.27218
  16 6.18633 113 1.0524
  17 7.18633 123 1.07749
  18 8.18633 117 1.11982
  19 9.18633 140 1.46313
  20 10.1863 132 1.34193
  21 11.1863 109 1.15221
  22 12.1863 111 1.07356
  23 13.1863 119 1.11244
  24 14.1863 131 1.32085
  25 15.1863 116 1.19094
  26 16.1863 121 1.16467
  27 17.1863 121 1.32452
  28 18.1863 121 1.24336
  29 19.1863 117 1.0101
  30 20.1863 101 0.840275
18780000 30 3640
  1 -8.81367 116 1.2473
  2 -7.81367 146 1.47725
  3 -6.81367 117 1.10635
  4 -5.81367 121 1.20028
  5 -4.81367 123 1.22186
  6 -3.81367 127 1.30061
  7 -2.81367 133 1.41364
  8 -1.81367 127 1.18004
  9 -0.813671 114 1.10261
  10 0.186329 98 0.988332
  11 1.18633 114 1.21813
  12 2.18633 121 1.11152
  13 3.18633 126 1.29432
  14 4.18633 121 1.19649
  15 5.18633 129 1.3058
  16 6.18633 123 1.10259
  17 7.18633 123 1.12039
  18 8.18633 125 1.22831
  19 9.18633 145 1.5839
  20 10.1863 119 1.17748
  21 11.1863 106 1.12526
  22 12.1863 117 1.16599
  23 13.1863 117 1.18651
  24 14.1863 131 1.32232
  25 15.1863 121 1.19143
  26 16.1863 115 1.22058
  27 17.1863 125 1.31206
  28 18.1863 111 1.17114
  29 19.1863 115 1.00102
  30 20.1863 114 1.01623
18790000 30 3640
  1 -8.81367 96 1.03854
  2 -7.81367 140 1.31669
  3 -6.81367 121 1.20804
  4 -5.81367 119 1.16194
  5 -4.81367 127 1.18945
  6 -3.81367 118 1.19305
  7 -2.81367 128 1.39748
  8 -1.81367 127 1.18817
  9 -0.813671 121 1.12225
  10 0.186329 97 0.910179
  11 1.18633 120 1.25435
  12 2.18633 128 1.15839
  13 3.18633 133 1.35635
  14 4.18633 117 1.13589
  15 5.18633 143 1.35162
  16 6.18633 124 1.16196
  17 7.18633 120 1.10351
  18 8.18633 128 1.21201
  19 9.18633 129 1.35013
  20 10.1863 127 1.2816
  21 11.1863 112 1.19311
  22 12.1863 120 1.0997
  23 13.1863 116 1.19193
  24 14.1863 122 1.23808
  25 15.1863 112 1.1258
  26 16.1863 124 1.18817
  27 17.1863 128 1.43998
  28 18.1863 120 1.05238
  29 19.1863 120 1.09349
  30 20.1863 103 0.906441
18800000 30 3640
  1 -8.81367 119 1.1416
  2 -7.81367 134 1.25177
  3 -6.81367 118 1.21077
  4 -5.81367 130 1.18489
  5 -4.81367 125 1.22318
  6 -3.81367 127 1.3356
  7 -2.81367 135 1.2542
  8 -1.81367 122 1.14902
  9 -0.813671 107 1.07607
  10 0.186329 117 1.1059
  11 1.18633 108 1.05008
  12 2.18633 122 1.09967
  13 3.18633 129 1.28007
  14 4.18633 114 1.20717
  15 5.18633 140 1.32712
  16 6.18633 114 1.03032
  17 7.18633 125 1.15649
  18 8.18633 109 0.999417
  19 9.18633 154 1.53498
  20 10.1863 124 1.26764
  21 11.1863 106 1.09698
  22 12.1863 120 1.13048
  23 13.1863 126 1.17138
  24 14.1863 129 1.29627
  25 15.1863 108 1.09332
  26 16.1863 116 1.20084
  27 17.1863 127 1.31718
  28 18.1863 124 1.26404
  29 19.1863 111 0.925316
  30 20.1863 100 0.954825
18810000 30 3640
  1 -8.81367 116 1.23407
  2 -7.81367 151 1.43436
  3 -6.81367 113 1.1164
  4 -5.81367 112 1.13758
  5 -4.81367 127 1.19654
  6 -3.81367 133 1.32282
  7 -2.81367 133 1.44048
  8 -1.81367 120 1.06513
  9 -0.813671 125 1.31547
  10 0.186329 99 0.906291
  11 1.18633 107 1.01132
  12 2.18633 123 1.19783
  13 3.18633 133 1.27043
  14 4.18633 127 1.3016
  15 5.18633 125 1.24914
  16 6.18633 129 1.21651
  17 7.18633 122 1.06275
  18 8.18633 116 1.10648
  19 9.18633 136 1.41919
  20 10.1863 122 1.30038
  21 11.1863 113 1.09387
  22 12.1863 121 1.15779
  23 13.1863 119 1.16283
  24 14.1863 130 1.38293
  25 15.1863 116 1.11645
  26 16.1863 114 1.16262
  27 17.1863 124 1.32298
  28 18.1863 103 1.09004
  29 19.1863 120 0.980197
  30 20.1863 111 0.98381
18820000 30 3640
  1 -8.81367 93 0.979763
  2 -7.81367 149 1.37334
  3 -6.81367 114 1.08493
  4 -5.81367 128 1.27409
  5 -4.81367 122 1.03804
  6 -3.81367 129 1.36931
  7 -2.81367 130 1.34835
  8 -1.81367 130 1.24574
  9 -0.813671 122 1.14075
  10 0.186329 95 0.930233
  11 1.18633 111 1.06656
  12 2.18633 125 1.15804
  13 3.18633 135 1.34965
  14 4.18633 120 1.24319
  15 5.18633 144 1.27441
  16 6.18633 104 1.00449
  17 7.18633 132 1.21118
  18 8.18633 108 0.983661
  19 9.18633 147 1.48203
  20 10.1863 127 1.3347
  21 11.1863 121 1.24571
  22 12.1863 113 0.968761
  23 13.1863 125 1.31986
  24 14.1863 129 1.35099
  25 15.1863 126 1.15799
  26 16.1863 116 1.2023
  27 17.1863 129 1.40907
  28 18.1863 109 0.987268
  29 19.1863 125 1.14808
  30 20.1863 82 0.661926
18830000 30 3640
  1 -8.81367 96 0.889807
  2 -7.81367 150 1.47374
  3 -6.81367 112 1.09756
  4 -5.81367 132 1.26202
  5 -4.81367 111 1.04438
  6 -3.81367 135 1.32764
  7 -2.81367 132 1.31902
  8 -1.81367 125 1.22245
  9 -0.813671 117 1.18672
  10 0.186329 101 0.882385
  11 1.18633 117 1.12734
  12 2.18633 120 1.23859
  13 3.18633 137 1.21769
  14 4.18633 123 1.28559
  15 5.18633 131 1.17691
  16 6.18633 117 1.12597
  17 7.18633 130 1.19537
  18 8.18633 115 1.05434
  19 9.18633 142 1.52812
  20 10.1863 131 1.32147
  21 11.1863 117 1.13222
  22 12.1863 113 1.10123
  23 13.1863 123 1.16443
  24 14.1863 129 1.35751
  25 15.1863 115 1.03202
  26 16.1863 120 1.21376
  27 17.1863 129 1.43038
  28 18.1863 115 1.13342
  29 19.1863 111 0.921995
  30 20.1863 94 0.888404
18840000 30 3640
  1 -8.81367 81 0.78568
  2 -7.81367 159 1.54511
  3 -6.81367 117 1.16283
  4 -5.81367 128 1.25894
  5 -4.81367 121 1.17533
  6 -3.81367 133 1.3264
  7 -2.81367 124 1.27772
  8 -1.81367 119 1.18405
  9 -0.813671 119 1.13173
  10 0.186329 108 1.02927
  11 1.18633 115 1.15927
  12 2.18633 120 1.09673
  13 3.18633 126 1.27398
  14 4.18633 126 1.23906
  15 5.18633 139 1.31663
  16 6.18633 118 1.09168
  17 7.18633 118 1.10421
  18 8.18633 117 1.08799
  19 9.18633 131 1.34029
  20 10.1863 131 1.3763
  21 11.1863 117 1.17407
  22 12.1863 122 1.23772
  23 13.1863 116 1.13427
  24 14.1863 123 1.23036
  25 15.1863 124 1.19785
  26 16.1863 121 1.20527
  27 17.1863 121 1.33274
  28 18.1863 127 1.24902
  29 19.1863 109 0.931947
  30 20.1863 110 1.02925
18850000 30 3640
  1 -8.81367 107 1.08718
  2 -7.81367 140 1.36756
  3 -6.81367 118 1.22281
  4 -5.81367 126 1.1877
  5 -4.81367 131 1.29701
  6 -3.81367 120 1.20022
  7 -2.81367 128 1.31589
  8 -1.81367 117 1.15369
  9 -0.813671 128 1.26074
  10 0.186329 104 0.944002
  11 1.18633 110 1.11489
  12 2.18633 130 1.13385
  13 3.18633 124 1.28821
  14 4.18633 130 1.3498
  15 5.18633 134 1.29971
  16 6.18633 121 1.11861
  17 7.18633 117 1.14748
  18 8.18633 128 1.11255
  19 9.18633 139 1.47674
  20 10.1863 124 1.28315
  21 11.1863 109 1.21643
  22 12.1863 126 1.1878
  23 13.1863 115 1.06722
  24 14.1863 127 1.24682
  25 15.1863 118 1.2129
  26 16.1863 114 1.22531
  27 17.1863 118 1.22666
  28 18.1863 122 1.25935
  29 19.1863 111 1.01057
  30 20.1863 104 0.893706
18860000 30 3640
  1 -8.81367 98 0.924862
  2 -7.81367 145 1.40306
  3 -6.81367 112 1.15941
  4 -5.81367 131 1.20974
  5 -4.81367 114 1.08922
  6 -3.81367 139 1.48937
  7 -2.81367 121 1.24103
  8 -1.81367 130 1.20968
  9 -0.813671 111 1.10312
  10 0.186329 114 1.07804
  11 1.18633 106 1.09181
  12 2.18633 133 1.24754
  13 3.18633 123 1.28479
  14 4.18633 122 1.1496
  15 5.18633 132 1.28506
  16 6.18633 125 1.22724
  17 7.18633 125 1.07684
  18 8.18633 115 1.13821
  19 9.18633 142 1.44185
  20 10.1863 129 1.34897
  21 11.1863 117 1.22469
  22 12.1863 116 1.04658
  23 13.1863 120 1.24116
  24 14.1863 116 1.16965
  25 15.1863 134 1.34136
  26 16.1863 105 1.05407
  27 17.1863 134 1.39042
  28 18.1863 124 1.25991
  29 19.1863 110 0.986485
  30 20.1863 97 0.938629
18870000 30 3640
  1 -8.81367 85 0.824021
  2 -7.81367 127 1.36268
  3 -6.81367 124 1.09591
  4 -5.81367 125 1.223
  5 -4.81367 113 1.06992
  6 -3.81367 134 1.33415
  7 -2.81367 119 1.22798
  8 -1.81367 139 1.30092
  9 -0.813671 112 1.04281
  10 0.186329 120 1.154
  11 1.18633 95 0.989594
  12 2.18633 131 1.24168
  13 3.18633 125 1.11073
  14 4.18633 132 1.37264
  15 5.18633 140 1.31698
  16 6.18633 113 0.987186
  17 7.18633 128 1.23055
  18 8.18633 110 0.974851
  19 9.18633 156 1.6061
  20 10.1863 123 1.27855
  21 11.1863 123 1.22557
  22 12.1863 115 1.09088
  23 13.1863 125 1.22186
  24 14.1863 122 1.23427
  25 15.1863 120 1.18357
  26 16.1863 121 1.23539
  27 17.1863 119 1.23796
  28 18.1863 125 1.2107
  29 19.1863 120 1.02679
  30 20.1863 99 0.885846
18880000 30 3640
  1 -8.81367 64 0.575901
  2 -7.81367 155 1.49473
  3 -6.81367 114 1.11973
  4 -5.81367 136 1.32064
  5 -4.81367 122 1.11979
  6 -3.81367 141 1.41798
  7 -2.81367 127 1.2985
  8 -1.81367 118 1.08272
  9 -0.813671 124 1.2147
  10 0.186329 108 1.02365
  11 1.18633 112 1.08156
  12 2.18633 120 1.10008
  13 3.18633 128 1.264
  14 4.18633 127 1.29974
  15 5.18633 140 1.31588
  16 6.18633 119 1.0926
  17 7.18633 129 1.14822
  18 8.18633 112 1.06795
  19 9.18633 148 1.50572
  20 10.1863 133 1.32928
  21 11.1863 121 1.21465
  22 12.1863 112 1.03712
  23 13.1863 135 1.34423
  24 14.1863 122 1.20976
  25 15.1863 129 1.34656
  26 16.1863 125 1.18878
  27 17.1863 117 1.27013
  28 18.1863 114 1.0581
  29 19.1863 116 1.05195
  30 20.1863 72 0.637586
18890000 30 3640
  1 -8.81367 99 0.94756
  2 -7.81367 152 1.51401
  3 -6.81367 112 1.06697
  4 -5.81367 124 1.20388
  5 -4.81367 118 1.13547
  6 -3.81367 135 1.32593
  7 -2.81367 132 1.34582
  8 -1.81367 130 1.30093
  9 -0.813671 111 1.13066
  10 0.186329 109 0.940065
  11 1.18633 108 1.12933
  12 2.18633 126 1.20524
  13 3.18633 130 1.12186
  14 4.18633 129 1.41052
  15 5.18633 132 1.25634
  16 6.18633 118 1.08569
  17 7.18633 108 1.0334
  18 8.18633 128 1.10204
  19 9.18633 147 1.55995
  20 10.1863 128 1.24879
  21 11.1863 110 1.20006
  22 12.1863 125 1.17166
  23 13.1863 123 1.20401
  24 14.1863 131 1.39572
  25 15.1863 114 1.15277
  26 16.1863 112 1.01848
  27 17.1863 132 1.47283
  28 18.1863 113 1.07079
  29 19.1863 110 0.977411
  30 20.1863 94 0.84293
18900000 30 3640
  1 -8.81367 95 0.952608
  2 -7.81367 139 1.2606
  3 -6.81367 118 1.15082
  4 -5.81367 129 1.36377
  5 -4.81367 122 1.05868
  6 -3.81367 139 1.39756
  7 -2.81367 129 1.39003
  8 -1.81367 124 1.17568
  9 -0.813671 127 1.26935
  10 0.186329 107 1.04612
  11 1.18633 109 0.983834
  12 2.18633 128 1.25552
  13 3.18633 133 1.2892
  14 4.18633 124 1.21818
  15 5.18633 140 1.3752
  16 6.18633 112 1.0785
  17 7.18633 124 1.14092
  18 8.18633 113 0.99134
  19 9.18633 148 1.53853
  20 10.1863 125 1.24674
  21 11.1863 124 1.37382
  22 12.1863 113 1.01989
  23 13.1863 130 1.24438
  24 14.1863 126 1.29555
  25 15.1863 116 1.17815
  26 16.1863 127 1.23923
  27 17.1863 119 1.31158
  28 18.1863 112 1.11092
  29 19.1863 109 0.891639
  30 20.1863 79 0.772963
18910000 30 3640
  1 -8.81367 96 0.995591
  2 -7.81367 132 1.30423
  3 -6.81367 128 1.18107
  4 -5.81367 131 1.35501
  5 -4.81367 125 1.17483
  6 -3.81367 129 1.29908
  7 -2.81367 125 1.28301
  8 -1.81367 123 1.10385
  9 -0.813671 123 1.22585
  10 0.186329 93 0.95328
  11 1.18633 108 1.02559
  12 2.18633 130 1.23086
  13 3.18633 130 1.21212
  14 4.18633 118 1.23446
  15 5.18633 136 1.28317
  16 6.18633 130 1.24443
  17 7.18633 122 1.10517
  18 8.18633 127 1.24206
  19 9.18633 154 1.49962
  20 10.1863 122 1.3451
  21 11.1863 121 1.21705
  22 12.1863 117 0.974581
  23 13.1863 122 1.25061
  24 14.1863 127 1.32422
  25 15.1863 120 1.18096
  26 16.1863 124 1.26184
  27 17.1863 111 1.21825
  28 18.1863 117 1.07531
  29 19.1863 116 1.0044
  30 20.1863 83 0.749178
18920000 30 3640
  1 -8.81367 93 0.861513
  2 -7.81367 145 1.37955
  3 -6.81367 110 1.14591
  4 -5.81367 138 1.29589
  5 -4.81367 120 1.22339
  6 -3.81367 131 1.32074
  7 -2.81367 123 1.14738
  8 -1.81367 130 1.2833
  9 -0.813671 113 1.10374
  10 0.186329 104 1.01136
  11 1.18633 129 1.29964
  12 2.18633 117 1.10614
  13 3.18633 127 1.18477
  14 4.18633 127 1.34574
  15 5.18633 129 1.2373
  16 6.18633 126 1.18352
  17 7.18633 114 0.975153
  18 8.18633 138 1.3696
  19 9.18633 133 1.3408
  20 10.1863 129 1.31205
  21 11.1863 116 1.21211
  22 12.1863 110 1.01125
  23 13.1863 125 1.24733
  24 14.1863 125 1.25842
  25 15.1863 122 1.2546
  26 16.1863 112 1.12858
  27 17.1863 131 1.42314
  28 18.1863 117 1.13859
  29 19.1863 115 0.960208
  30 20.1863 91 0.906332
18930000 30 3640
  1 -8.81367 88 0.958542
  2 -7.81367 141 1.25473
  3 -6.81367 115 1.17772
  4 -5.81367 133 1.26813
  5 -4.81367 115 1.08984
  6 -3.81367 144 1.4217
  7 -2.81367 122 1.19883
  8 -1.81367 127 1.2706
  9 -0.813671 113 1.11226
  10 0.186329 108 0.956154
  11 1.18633 116 1.17044
  12 2.18633 119 1.17413
  13 3.18633 133 1.21871
  14 4.18633 132 1.36605
  15 5.18633 123 1.1407
  16 6.18633 136 1.28182
  17 7.18633 117 1.0305
  18 8.18633 120 1.1952
  19 9.18633 154 1.51336
  20 10.1863 117 1.21616
  21 11.1863 115 1.14548
  22 12.1863 125 1.16179
  23 13.1863 113 1.09987
  24 14.1863 113 1.18278
  25 15.1863 132 1.23601
  26 16.1863 116 1.20363
  27 17.1863 128 1.39824
  28 18.1863 111 1.07006
  29 19.1863 135 1.18531
  30 20.1863 79 0.684954
18940000 30 3640
  1 -8.81367 123 1.23923
  2 -7.81367 133 1.25553
  3 -6.81367 122 1.29941
  4 -5.81367 126 1.19013
  5 -4.81367 127 1.16256
  6 -3.81367 131 1.39482
  7 -2.81367 121 1.26051
  8 -1.81367 126 1.23786
  9 -0.813671 116 1.05586
  10 0.186329 107 1.04318
  11 1.18633 101 1.07331
  12 2.18633 120 1.10486
  13 3.18633 130 1.27555
  14 4.18633 123 1.21535
  15 5.18633 134 1.32461
  16 6.18633 128 1.22793
  17 7.18633 120 1.04451
  18 8.18633 112 1.12237
  19 9.18633 141 1.43389
  20 10.1863 142 1.46913
  21 11.1863 114 1.20887
  22 12.1863 109 1.05451
  23 13.1863 123 1.19403
  24 14.1863 126 1.21659
  25 15.1863 117 1.2542
  26 16.1863 115 1.09463
  27 17.1863 120 1.35352
  28 18.1863 121 1.21652
  29 19.1863 107 0.926372
  30 20.1863 105 0.956468
18950000 30 3640
  1 -8.81367 98 1.04897
  2 -7.81367 143 1.3843
  3 -6.81367 104 1.02788
  4 -5.81367 141 1.3162
  5 -4.81367 118 1.15534
  6 -3.81367 136 1.3149
  7 -2.81367 113 1.18503
  8 -1.81367 134 1.24316
  9 -0.813671 121 1.20863
  10 0.186329 110 0.951367
  11 1.18633 111 1.09487
  12 2.18633 125 1.2049
  13 3.18633 134 1.24955
  14 4.18633 122 1.27771
  15 5.18633 134 1.2063
  16 6.18633 130 1.31975
  17 7.18633 125 1.09363
  18 8.18633 126 1.23092
  19 9.18633 157 1.49685
  20 10.1863 114 1.18248
  21 11.1863 111 1.15653
  22 12.1863 114 1.05644
  23 13.1863 118 1.23701
  24 14.1863 134 1.27925
  25 15.1863 125 1.24436
  26 16.1863 112 1.08975
  27 17.1863 123 1.33846
  28 18.1863 110 1.0379
  29 19.1863 118 0.992214
  30 20.1863 79 0.717454
18960000 30 3640
  1 -8.81367 125 1.27523
  2 -7.81367 135 1.36467
  3 -6.81367 130 1.22971
  4 -5.81367 112 1.09605
  5 -4.81367 127 1.25111
  6 -3.81367 128 1.26
  7 -2.81367 108 1.21698
  8 -1.81367 132 1.2688
  9 -0.813671 117 1.07724
  10 0.186329 109 1.07086
  11 1.18633 113 1.15427
  12 2.18633 123 1.19445
  13 3.18633 143 1.38618
  14 4.18633 122 1.30663
  15 5.18633 125 1.14154
  16 6.18633 127 1.25743
  17 7.18633 116 1.0395
  18 8.18633 128 1.25875
  19 9.18633 125 1.30913
  20 10.1863 131 1.27019
  21 11.1863 120 1.30901
  22 12.1863 107 0.971234
  23 13.1863 123 1.20347
  24 14.1863 118 1.18931
  25 15.1863 115 1.21839
  26 16.1863 113 1.20058
  27 17.1863 127 1.36475
  28 18.1863 118 1.16665
  29 19.1863 112 0.981434
  30 20.1863 111 1.00147
18970000 30 3640
  1 -8.81367 120 1.16956
  2 -7.81367 136 1.44505
  3 -6.81367 120 1.19212
  4 -5.81367 123 1.21365
  5 -4.81367 131 1.22635
  6 -3.81367 124 1.36277
  7 -2.81367 119 1.19215
  8 -1.81367 132 1.24534
  9 -0.813671 109 1.11644
  10 0.186329 96 0.853515
  11 1.18633 128 1.31492
  12 2.18633 122 1.14175
  13 3.18633 120 1.26289
  14 4.18633 134 1.32753
  15 5.18633 119 1.10767
  16 6.18633 122 1.14412
  17 7.18633 124 1.17972
  18 8.18633 114 1.10125
  19 9.18633 148 1.55115
  20 10.1863 125 1.22007
  21 11.1863 109 1.19965
  22 12.1863 118 1.11899
  23 13.1863 123 1.18973
  24 14.1863 112 1.23011
  25 15.1863 126 1.24661
  26 16.1863 126 1.26923
  27 17.1863 124 1.39831
  28 18.1863 112 1.05698
  29 19.1863 112 1.04308
  30 20.1863 112 1.00009
18980000 30 3640
  1 -8.81367 111 1.08659
  2 -7.81367 144 1.37198
  3 -6.81367 109 1.12754
  4 -5.81367 134 1.25963
  5 -4.81367 113 1.13504
  6 -3.81367 130 1.2933
  7 -2.81367 134 1.38797
  8 -1.81367 136 1.25102
  9 -0.813671 109 1.0293
  10 0.186329 102 0.998101
  11 1.18633 115 1.17382
  12 2.18633 134 1.21124
  13 3.18633 124 1.21106
  14 4.18633 136 1.39683
  15 5.18633 107 1.02546
  16 6.18633 135 1.27338
  17 7.18633 115 1.04674
  18 8.18633 130 1.25723
  19 9.18633 139 1.38566
  20 10.1863 121 1.22723
  21 11.1863 115 1.12634
  22 12.1863 119 1.20985
  23 13.1863 121 1.18625
  24 14.1863 125 1.28465
  25 15.1863 121 1.23225
  26 16.1863 129 1.25345
  27 17.1863 119 1.28966
  28 18.1863 109 1.11137
  29 19.1863 113 0.903534
  30 20.1863 91 0.85223
18990000 30 3640
  1 -8.81367 95 0.902147
  2 -7.81367 151 1.51433
  3 -6.81367 98 0.985818
  4 -5.81367 136 1.32433
  5 -4.81367 120 1.17444
  6 -3.81367 134 1.27941
  7 -2.81367 136 1.38556
  8 -1.81367 127 1.25688
  9 -0.813671 122 1.20208
  10 0.186329 101 1.00089
  11 1.18633 114 1.09336
  12 2.18633 117 1.07206
  13 3.18633 136 1.37686
  14 4.18633 126 1.23069
  15 5.18633 132 1.28825
  16 6.18633 117 1.11076
  17 7.18633 126 1.13333
  18 8.18633 116 1.10836
  19 9.18633 135 1.36938
  20 10.1863 118 1.20192
  21 11.1863 123 1.31801
  22 12.1863 119 1.1009
  23 13.1863 129 1.2182
  24 14.1863 126 1.40816
  25 15.1863 121 1.08207
  26 16.1863 113 1.25061
  27 17.1863 119 1.24815
  28 18.1863 121 1.14326
  29 19.1863 108 1.01457
  30 20.1863 104 0.902175
19000000 30 3640
  1 -8.81367 108 1.05622
  2 -7.81367 139 1.48609
  3 -6.81367 116 0.992576
  4 -5.81367 122 1.20231
  5 -4.81367 128 1.28988
  6 -3.81367 125 1.31975
  7 -2.81367 136 1.29999
  8 -1.81367 128 1.23862
  9 -0.813671 113 1.14005
  10 0.186329 95 0.871243
  11 1.18633 118 1.18009
  12 2.18633 121 1.09499
  13 3.18633 124 1.19118
  14 4.18633 127 1.37981
  15 5.18633 127 1.18132
  16 6.18633 125 1.19244
  17 7.18633 122 1.08255
  18 8.18633 121 1.14131
  19 9.18633 134 1.41728
  20 10.1863 126 1.24371
  21 11.1863 126 1.35973
  22 12.1863 118 1.05378
  23 13.1863 124 1.26379
  24 14.1863 121 1.25739
  25 15.1863 123 1.16876
  26 16.1863 111 1.15103
  27 17.1863 138 1.50866
  28 18.1863 108 0.945077
  29 19.1863 117 1.08372
  30 20.1863 99 0.91749
19010000 30 3640
  1 -8.81367 92 0.905903
  2 -7.81367 139 1.29638
  3 -6.81367 114 1.09984
  4 -5.81367 137 1.37898
  5 -4.81367 111 0.977566
  6 -3.81367 142 1.44817
  7 -2.81367 128 1.30739
  8 -1.81367 134 1.26413
  9 -0.813671 113 1.13452
  10 0.186329 107 0.987409
  11 1.18633 95 0.982463
  12 2.18633 135 1.14821
  13 3.18633 136 1.44209
  14 4.18633 129 1.18021
  15 5.18633 130 1.29016
  16 6.18633 117 1.11337
  17 7.18633 124 1.11232
  18 8.18633 121 1.04065
  19 9.18633 147 1.58912
  20 10.1863 128 1.26168
  21 11.1863 107 1.05905
  22 12.1863 118 1.09976
  23 13.1863 117 1.21227
  24 14.1863 140 1.36572
  25 15.1863 121 1.21346
  26 16.1863 122 1.23321
  27 17.1863 122 1.25185
  28 18.1863 109 1.04791
  29 19.1863 121 1.02583
  30 20.1863 84 0.836514
19020000 30 3640
  1 -8.81367 111 1.18536
  2 -7.81367 141 1.22778
  3 -6.81367 120 1.25887
  4 -5.81367 125 1.16774
  5 -4.81367 119 1.16535
  6 -3.81367 131 1.37478
  7 -2.81367 145 1.39739
  8 -1.81367 116 1.09422
  9 -0.813671 116 1.14291
  10 0.186329 107 1.00572
  11 1.18633 107 1.23013
  12 2.18633 124 1.1155
  13 3.18633 141 1.40121
  14 4.18633 113 1.08424
  15 5.18633 142 1.29888
  16 6.18633 122 1.20524
  17 7.18633 118 1.0382
  18 8.18633 115 1.14161
  19 9.18633 145 1.40493
  20 10.1863 133 1.41351
  21 11.1863 108 1.15029
  22 12.1863 116 1.04559
  23 13.1863 127 1.2003
  24 14.1863 126 1.33014
  25 15.1863 110 1.10288
  26 16.1863 127 1.24138
  27 17.1863 114 1.22014
  28 18.1863 113 1.19777
  29 19.1863 112 0.974533
  30 20.1863 96 0.829741
19030000 30 3640
  1 -8.81367 85 0.852281
  2 -7.81367 139 1.28166
  3 -6.81367 131 1.2644
  4 -5.81367 122 1.15977
  5 -4.81367 126 1.21761
  6 -3.81367 135 1.34669
  7 -2.81367 130 1.27663
  8 -1.81367 129 1.24714
  9 -0.813671 122 1.24601
  10 0.186329 107 0.939809
  11 1.18633 112 1.10947
  12 2.18633 124 1.12056
  13 3.18633 133 1.30743
  14 4.18633 134 1.2742
  15 5.18633 138 1.36892
  16 6.18633 120 1.08244
  17 7.18633 112 0.971753
  18 8.18633 120 1.21645
  19 9.18633 139 1.31971
  20 10.1863 138 1.40089
  21 11.1863 110 1.12654
  22 12.1863 115 1.03812
  23 13.1863 120 1.14881
  24 14.1863 114 1.17337
  25 15.1863 121 1.18203
  26 16.1863 116 1.19534
  27 17.1863 129 1.31246
  28 18.1863 123 1.21271
  29 19.1863 125 1.04682
  30 20.1863 71 0.699861
19040000 30 3640
  1 -8.81367 99 1.02907
  2 -7.81367 140 1.35365
  3 -6.81367 133 1.28943
  4 -5.81367 120 1.16107
  5 -4.81367 114 1.12841
  6 -3.81367 117 1.28549
  7 -2.81367 136 1.33476
  8 -1.81367 134 1.32721
  9 -0.813671 110 1.04294
  10 0.186329 105 1.02284
  11 1.18633 111 1.07822
  12 2.18633 134 1.31344
  13 3.18633 124 1.20645
  14 4.18633 134 1.39504
  15 5.18633 126 1.26062
  16 6.18633 121 1.02036
  17 7.18633 122 1.12221
  18 8.18633 123 1.13105
  19 9.18633 125 1.41138
  20 10.1863 135 1.41143
  21 11.1863 112 1.1636
  22 12.1863 117 1.05812
  23 13.1863 127 1.27307
  24 14.1863 124 1.30468
  25 15.1863 120 1.19001
  26 16.1863 117 1.1221
  27 17.1863 123 1.32845
  28 18.1863 132 1.33981
  29 19.1863 111 0.998973
  30 20.1863 94 0.837938
19050000 30 3640
  1 -8.81367 97 0.978107
  2 -7.81367 142 1.4013
  3 -6.81367 122 1.18534
  4 -5.81367 118 1.13809
  5 -4.81367 127 1.18037
  6 -3.81367 122 1.23738
  7 -2.81367 131 1.31807
  8 -1.81367 128 1.16056
  9 -0.813671 116 1.11339
  10 0.186329 113 1.14202
  11 1.18633 102 1.06862
  12 2.18633 123 1.11844
  13 3.18633 129 1.25107
  14 4.18633 135 1.34546
  15 5.18633 131 1.27848
  16 6.18633 128 1.18409
  17 7.18633 126 1.08625
  18 8.18633 119 1.18782
  19 9.18633 145 1.42364
  20 10.1863 131 1.32058
  21 11.1863 102 1.12185
  22 12.1863 118 1.10972
  23 13.1863 129 1.19166
  24 14.1863 114 1.20268
  25 15.1863 127 1.19406
  26 16.1863 118 1.16418
  27 17.1863 123 1.41116
  28 18.1863 112 1.09965
  29 19.1863 121 0.991881
  30 20.1863 91 0.855158
19060000 30 3640
  1 -8.81367 95 0.961559
  2 -7.81367 146 1.40594
  3 -6.81367 123 1.18243
  4 -5.81367 117 1.17124
  5 -4.81367 137 1.26647
  6 -3.81367 125 1.24774
  7 -2.81367 120 1.20597
  8 -1.81367 137 1.30707
  9 -0.813671 120 1.2109
  10 0.186329 96 0.831964
  11 1.18633 117 1.17772
  12 2.18633 122 1.13071
  13 3.18633 125 1.28243
  14 4.18633 129 1.24287
  15 5.18633 124 1.12095
  16 6.18633 132 1.31816
  17 7.18633 120 1.0604
  18 8.18633 123 1.11839
  19 9.18633 153 1.54286
  20 10.1863 124 1.23301
  21 11.1863 112 1.18857
  22 12.1863 115 1.07139
  23 13.1863 128 1.19375
  24 14.1863 130 1.38365
  25 15.1863 127 1.25887
  26 16.1863 114 1.17503
  27 17.1863 125 1.24182
  28 18.1863 119 1.13431
  29 19.1863 119 0.985176
  30 20.1863 66 0.613426
19070000 30 3640
  1 -8.81367 90 0.869452
  2 -7.81367 135 1.28738
  3 -6.81367 115 1.19554
  4 -5.81367 132 1.24388
  5 -4.81367 114 1.15828
  6 -3.81367 134 1.28736
  7 -2.81367 132 1.35672
  8 -1.81367 131 1.27117
  9 -0.813671 116 1.08152
  10 0.186329 104 0.956411
  11 1.18633 125 1.24901
  12 2.18633 115 1.05671
  13 3.18633 139 1.39277
  14 4.18633 123 1.27733
  15 5.18633 142 1.27513
  16 6.18633 121 1.21039
  17 7.18633 121 1.03201
  18 8.18633 115 1.14107
  19 9.18633 158 1.4995
  20 10.1863 112 1.20537
  21 11.1863 124 1.27859
  22 12.1863 110 1.04677
  23 13.1863 125 1.21923
  24 14.1863 117 1.19191
  25 15.1863 117 1.17813
  26 16.1863 127 1.21788
  27 17.1863 123 1.32582
  28 18.1863 130 1.22537
  29 19.1863 105 0.91168
  30 20.1863 88 0.791291
19080000 30 3640
  1 -8.81367 91 1.0008
  2 -7.81367 149 1.41356
  3 -6.81367 105 1.02575
  4 -5.81367 134 1.34212
  5 -4.81367 114 1.06587
  6 -3.81367 132 1.32714
  7 -2.81367 126 1.28218
  8 -1.81367 131 1.26213
  9 -0.813671 110 1.10587
  10 0.186329 114 1.10348
  11 1.18633 101 0.998249
  12 2.18633 129 1.26229
  13 3.18633 125 1.15963
  14 4.18633 128 1.32604
  15 5.18633 130 1.25843
  16 6.18633 125 1.12715
  17 7.18633 127 1.11223
  18 8.18633 119 1.16587
  19 9.18633 152 1.65119
  20 10.1863 120 1.17335
  21 11.1863 116 1.21459
  22 12.1863 118 1.10464
  23 13.1863 123 1.20089
  24 14.1863 131 1.36613
  25 15.1863 120 1.11338
  26 16.1863 112 1.18948
  27 17.1863 128 1.33475
  28 18.1863 120 1.26715
  29 19.1863 119 0.953422
  30 20.1863 91 0.831888
19090000 30 3640
  1 -8.81367 107 1.12
  2 -7.81367 146 1.30775
  3 -6.81367 108 1.1561
  4 -5.81367 133 1.29746
  5 -4.81367 116 1.07378
  6 -3.81367 129 1.33498
  7 -2.81367 124 1.27987
  8 -1.81367 130 1.23625
  9 -0.813671 115 1.10134
  10 0.186329 102 1.0264
  11 1.18633 118 1.19128
  12 2.18633 122 1.0989
  13 3.18633 128 1.29998
  14 4.18633 127 1.23506
  15 5.18633 128 1.20013
  16 6.18633 123 1.19618
  17 7.18633 121 1.07639
  18 8.18633 127 1.26632
  19 9.18633 126 1.27755
  20 10.1863 128 1.30491
  21 11.1863 129 1.33369
  22 12.1863 116 1.06508
  23 13.1863 119 1.245
  24 14.1863 115 1.16879
  25 15.1863 138 1.34382
  26 16.1863 113 1.20366
  27 17.1863 122 1.21885
  28 18.1863 118 1.12504
  29 19.1863 108 1.06998
  30 20.1863 104 0.85889
19100000 30 3640
  1 -8.81367 83 0.78441
  2 -7.81367 145 1.3798
  3 -6.81367 113 1.07891
  4 -5.81367 125 1.3037
  5 -4.81367 130 1.24046
  6 -3.81367 116 1.21799
  7 -2.81367 144 1.40453
  8 -1.81367 114 1.02296
  9 -0.813671 121 1.33748
  10 0.186329 111 0.977033
  11 1.18633 117 1.13496
  12 2.18633 124 1.13861
  13 3.18633 131 1.24914
  14 4.18633 128 1.37851
  15 5.18633 123 1.13365
  16 6.18633 133 1.24293
  17 7.18633 114 1.00196
  18 8.18633 128 1.17837
  19 9.18633 137 1.42576
  20 10.1863 122 1.23915
  21 11.1863 116 1.26397
  22 12.1863 122 1.1038
  23 13.1863 125 1.2927
  24 14.1863 123 1.24056
  25 15.1863 124 1.15722
  26 16.1863 127 1.28516
  27 17.1863 123 1.397
  28 18.1863 118 1.09883
  29 19.1863 117 0.988303
  30 20.1863 86 0.8141
19110000 30 3640
  1 -8.81367 90 0.924457
  2 -7.81367 146 1.43464
  3 -6.81367 115 1.07378
  4 -5.81367 127 1.25776
  5 -4.81367 119 1.15459
  6 -3.81367 126 1.24292
  7 -2.81367 139 1.41958
  8 -1.81367 128 1.27021
  9 -0.813671 125 1.21938
  10 0.186329 109 1.02534
  11 1.18633 99 0.912144
  12 2.18633 115 1.14472
  13 3.18633 126 1.2454
  14 4.18633 131 1.29398
  15 5.18633 144 1.44829
  16 6.18633 119 1.05016
  17 7.18633 118 1.00797
  18 8.18633 127 1.26043
  19 9.18633 141 1.39107
  20 10.1863 129 1.32744
  21 11.1863 116 1.1757
  22 12.1863 120 1.19073
  23 13.1863 117 1.13598
  24 14.1863 128 1.35502
  25 15.1863 120 1.08995
  26 16.1863 126 1.30873
  27 17.1863 123 1.33379
  28 18.1863 123 1.10376
  29 19.1863 107 0.963085
  30 20.1863 87 0.78634
19120000 30 3640
  1 -8.81367 84 0.889648
  2 -7.81367 143 1.3278
  3 -6.81367 123 1.17429
  4 -5.81367 131 1.35972
  5 -4.81367 117 1.06299
  6 -3.81367 132 1.33376
  7 -2.81367 125 1.23738
  8 -1.81367 131 1.21141
  9 -0.813671 120 1.25845
  10 0.186329 101 0.884802
  11 1.18633 118 1.13731
  12 2.18633 120 1.11123
  13 3.18633 136 1.45024
  14 4.18633 118 1.13466
  15 5.18633 145 1.37976
  16 6.18633 120 1.05678
  17 7.18633 124 1.04944
  18 8.18633 117 1.22008
  19 9.18633 144 1.3525
  20 10.1863 113 1.25086
  21 11.1863 129 1.27937
  22 12.1863 106 1.01718
  23 13.1863 129 1.27947
  24 14.1863 126 1.31046
  25 15.1863 126 1.18665
  26 16.1863 127 1.28801
  27 17.1863 123 1.33885
  28 18.1863 121 1.1137
  29 19.1863 104 0.897213
  30 20.1863 87 0.758571
19130000 30 3640
  1 -8.81367 110 1.09818
  2 -7.81367 137 1.34602
  3 -6.81367 128 1.20968
  4 -5.81367 118 1.18857
  5 -4.81367 125 1.19359
  6 -3.81367 128 1.34219
  7 -2.81367 128 1.22705
  8 -1.81367 128 1.24186
  9 -0.813671 117 1.16273
  10 0.186329 105 0.896255
  11 1.18633 104 1.15639
  12 2.18633 129 1.09208
  13 3.18633 130 1.32005
  14 4.18633 121 1.24305
  15 5.18633 136 1.23713
  16 6.18633 117 1.14274
  17 7.18633 132 1.19117
  18 8.18633 124 1.11067
  19 9.18633 138 1.44641
  20 10.1863 119 1.15886
  21 11.1863 107 1.22686
  22 12.1863 116 1.004
  23 13.1863 122 1.2507
  24 14.1863 123 1.25067
  25 15.1863 124 1.20962
  26 16.1863 130 1.30752
  27 17.1863 115 1.18254
  28 18.1863 119 1.16508
  29 19.1863 112 0.979262
  30 20.1863 98 0.830516
19140000 30 3640
  1 -8.81367 94 0.967125
  2 -7.81367 141 1.41199
  3 -6.81367 112 1.11408
  4 -5.81367 128 1.29876
  5 -4.81367 121 1.08154
  6 -3.81367 125 1.36019
  7 -2.81367 122 1.23351
  8 -1.81367 122 1.14182
  9 -0.813671 119 1.15444
  10 0.186329 115 1.15684
  11 1.18633 100 0.925935
  12 2.18633 126 1.23232
  13 3.18633 134 1.32526
  14 4.18633 133 1.42813
  15 5.18633 126 1.13443
  16 6.18633 131 1.21714
  17 7.18633 121 1.13685
  18 8.18633 127 1.12059
  19 9.18633 142 1.59896
  20 10.1863 122 1.25476
  21 11.1863 115 1.23086
  22 12.1863 115 1.02889
  23 13.1863 124 1.21093
  24 14.1863 125 1.26256
  25 15.1863 117 1.22204
  26 16.1863 114 1.07399
  27 17.1863 127 1.38928
  28 18.1863 117 1.18072
  29 19.1863 125 1.14942
  30 20.1863 100 0.844216
19150000 30 3640
  1 -8.81367 113 1.22612
  2 -7.81367 134 1.28657
  3 -6.81367 123 1.14574
  4 -5.81367 121 1.18959
  5 -4.81367 123 1.1897
  6 -3.81367 129 1.37192
  7 -2.81367 140 1.45491
  8 -1.81367 114 1.04381
  9 -0.813671 117 1.13574
  10 0.186329 104 1.04758
  11 1.18633 112 1.08544
  12 2.18633 130 1.26513
  13 3.18633 135 1.3369
  14 4.18633 117 1.24622
  15 5.18633 137 1.27529
  16 6.18633 117 1.14185
  17 7.18633 130 1.16341
  18 8.18633 115 1.07157
  19 9.18633 152 1.5419
  20 10.1863 119 1.26497
  21 11.1863 117 1.21727
  22 12.1863 112 1.06903
  23 13.1863 124 1.19603
  24 14.1863 122 1.28784
  25 15.1863 115 1.16702
  26 16.1863 123 1.23989
  27 17.1863 120 1.32176
  28 18.1863 112 1.12551
  29 19.1863 117 0.967281
  30 20.1863 96 0.85397
19160000 30 3640
  1 -8.81367 91 0.912189
  2 -7.81367 141 1.39007
  3 -6.81367 109 1.06516
  4 -5.81367 132 1.24937
  5 -4.81367 127 1.2431
  6 -3.81367 120 1.22322
  7 -2.81367 121 1.20333
  8 -1.81367 143 1.39486
  9 -0.813671 111 1.12261
  10 0.186329 119 1.02303
  11 1.18633 109 1.13993
  12 2.18633 116 1.0815
  13 3.18633 135 1.34019
  14 4.18633 121 1.22444
  15 5.18633 137 1.25697
  16 6.18633 137 1.27808
  17 7.18633 118 1.11379
  18 8.18633 117 1.15238
  19 9.18633 147 1.43985
  20 10.1863 121 1.24183
  21 11.1863 111 1.17712
  22 12.1863 119 1.08517
  23 13.1863 119 1.18843
  24 14.1863 129 1.40744
  25 15.1863 121 1.14609
  26 16.1863 113 1.12616
  27 17.1863 126 1.31166
  28 18.1863 109 1.05029
  29 19.1863 121 1.09644
  30 20.1863 100 0.868659
19170000 30 3640
  1 -8.81367 87 0.839383
  2 -7.81367 142 1.39268
  3 -6.81367 121 1.19403
  4 -5.81367 124 1.18413
  5 -4.81367 123 1.22022
  6 -3.81367 127 1.32512
  7 -2.81367 127 1.22411
  8 -1.81367 131 1.29643
  9 -0.813671 117 1.07555
  10 0.186329 104 1.03931
  11 1.18633 121 1.13305
  12 2.18633 130 1.23539
  13 3.18633 123 1.27513
  14 4.18633 122 1.20663
  15 5.18633 125 1.23537
  16 6.18633 139 1.30529
  17 7.18633 121 1.05064
  18 8.18633 123 1.23778
  19 9.18633 152 1.45642
  20 10.1863 116 1.24399
  21 11.1863 123 1.30507
  22 12.1863 111 1.0893
  23 13.1863 128 1.20915
  24 14.1863 102 1.03923
  25 15.1863 132 1.35514
  26 16.1863 115 1.08293
  27 17.1863 122 1.36145
  28 18.1863 125 1.15668
  29 19.1863 115 1.02305
  30 20.1863 92 0.893113
19180000 32 3640
  1 -9.81367 0 0
  2 -8.81367 118 1.0809
  3 -7.81367 134 1.40909
  4 -6.81367 133 1.37476
  5 -5.81367 133 1.25894
  6 -4.81367 118 1.1139
  7 -3.81367 125 1.30718
  8 -2.81367 137 1.44477
  9 -1.81367 113 1.11763
  10 -0.813671 116 1.06947
  11 0.186329 98 1.06162
  12 1.18633 114 1.09235
  13 2.18633 132 1.37353
  14 3.18633 139 1.31888
  15 4.18633 120 1.16863
  16 5.18633 121 1.21062
  17 6.18633 107 1.0553
  18 7.18633 121 1.14826
  19 8.18633 122 1.17373
  20 9.18633 141 1.44736
  21 10.1863 120 1.19162
  22 11.1863 127 1.40266
  23 12.1863 100 0.940702
  24 13.1863 125 1.27301
  25 14.1863 107 1.09104
  26 15.1863 121 1.24493
  27 16.1863 113 1.19519
  28 17.1863 131 1.39906
  29 18.1863 130 1.28702
  30 19.1863 108 0.935746
  31 20.1863 115 1.1609
  32 21.1863 1 0.0203422
19190000 30 3640
  1 -8.81367 100 0.944578
  2 -7.81367 135 1.37157
  3 -6.81367 113 1.08596
  4 -5.81367 131 1.30259
  5 -4.81367 124 1.12237
  6 -3.81367 126 1.30132
  7 -2.81367 124 1.33136
  8 -1.81367 137 1.24132
  9 -0.813671 107 1.10852
  10 0.186329 109 1.02725
  11 1.18633 98 0.949538
  12 2.18633 133 1.24275
  13 3.18633 120 1.18991
  14 4.18633 126 1.31758
  15 5.18633 128 1.22767
  16 6.18633 133 1.27758
  17 7.18633 113 1.03967
  18 8.18633 105 1.01218
  19 9.18633 145 1.44552
  20 10.1863 145 1.50547
  21 11.1863 122 1.26754
  22 12.1863 105 0.963302
  23 13.1863 129 1.36779
  24 14.1863 119 1.13243
  25 15.1863 128 1.28388
  26 16.1863 118 1.17856
  27 17.1863 131 1.38542
  28 18.1863 126 1.14744
  29 19.1863 114 1.07854
  30 20.1863 96 0.936848
19200000 30 3640
  1 -8.81367 113 1.03384
  2 -7.81367 139 1.3635
  3 -6.81367 112 1.10588
  4 -5.81367 134 1.34457
  5 -4.81367 114 1.13445
  6 -3.81367 119 1.15438
  7 -2.81367 131 1.34967
  8 -1.81367 128 1.13455
  9 -0.813671 115 1.27009
  10 0.186329 112 0.908299
  11 1.18633 106 1.096
  12 2.18633 126 1.15448
  13 3.18633 121 1.13336
  14 4.18633 130 1.35461
  15 5.18633 135 1.35225
  16 6.18633 124 1.16064
  17 7.18633 127 1.18927
  18 8.18633 114 1.02146
  19 9.18633 144 1.46412
  20 10.1863 126 1.25522
  21 11.1863 121 1.32219
  22 12.1863 113 0.995201
  23 13.1863 127 1.28269
  24 14.1863 123 1.30244
  25 15.1863 127 1.20413
  26 16.1863 113 1.09466
  27 17.1863 123 1.32107
  28 18.1863 119 1.15571
  29 19.1863 120 1.06994
  30 20.1863 84 0.812259
19210000 30 3640
  1 -8.81367 80 0.788608
  2 -7.81367 154 1.50676
  3 -6.81367 118 1.08848
  4 -5.81367 131 1.28449
  5 -4.81367 117 1.10453
  6 -3.81367 127 1.24875
  7 -2.81367 136 1.41408
  8 -1.81367 133 1.21061
  9 -0.813671 117 1.21063
  10 0.186329 103 0.896043
  11 1.18633 110 1.11187
  12 2.18633 123 1.14039
  13 3.18633 134 1.29076
  14 4.18633 138 1.36988
  15 5.18633 134 1.26615
  16 6.18633 111 1.04765
  17 7.18633 124 1.11687
  18 8.18633 117 1.00837
  19 9.18633 138 1.46476
  20 10.1863 135 1.33642
  21 11.1863 112 1.22771
  22 12.1863 121 1.17108
  23 13.1863 120 1.13293
  24 14.1863 124 1.24526
  25 15.1863 126 1.13902
  26 16.1863 114 1.14518
  27 17.1863 125 1.43132
  28 18.1863 126 1.17979
  29 19.1863 119 0.924519
  30 20.1863 73 0.753872
19220000 30 3640
  1 -8.81367 97 0.945286
  2 -7.81367 143 1.4368
  3 -6.81367 123 1.13411
  4 -5.81367 120 1.21029
  5 -4.81367 112 1.06031
  6 -3.81367 132 1.30037
  7 -2.81367 132 1.38656
  8 -1.81367 130 1.27037
  9 -0.813671 118 1.09047
  10 0.186329 98 0.98035
  11 1.18633 115 1.16914
  12 2.18633 131 1.15557
  13 3.18633 133 1.37662
  14 4.18633 129 1.33165
  15 5.18633 137 1.31797
  16 6.18633 128 1.17793
  17 7.18633 121 1.10161
  18 8.18633 122 1.16928
  19 9.18633 140 1.41665
  20 10.1863 123 1.28905
  21 11.1863 113 1.19406
  22 12.1863 122 1.09296
  23 13.1863 117 1.15658
  24 14.1863 135 1.30808
  25 15.1863 110 1.19028
  26 16.1863 121 1.25665
  27 17.1863 116 1.21406
  28 18.1863 111 1.15903
  29 19.1863 122 1.06921
  30 20.1863 89 0.762841
19230000 30 3640
  1 -8.81367 95 0.895456
  2 -7.81367 144 1.41132
  3 -6.81367 125 1.215
  4 -5.81367 127 1.28442
  5 -4.81367 111 1.02352
  6 -3.81367 138 1.36156
  7 -2.81367 133 1.36783
  8 -1.81367 132 1.25967
  9 -0.813671 116 1.13917
  10 0.186329 104 0.977482
  11 1.18633 115 1.17392
  12 2.18633 130 1.14046
  13 3.18633 130 1.26479
  14 4.18633 120 1.29813
  15 5.18633 135 1.31815
  16 6.18633 120 1.06203
  17 7.18633 115 1.03101
  18 8.18633 111 0.975005
  19 9.18633 152 1.63518
  20 10.1863 128 1.29452
  21 11.1863 106 1.11912
  22 12.1863 129 1.19131
  23 13.1863 119 1.22478
  24 14.1863 127 1.30218
  25 15.1863 112 1.0744
  26 16.1863 115 1.11539
  27 17.1863 125 1.40139
  28 18.1863 113 1.05831
  29 19.1863 124 1.11804
  30 20.1863 89 0.794654
19240000 30 3640
  1 -8.81367 99 0.918003
  2 -7.81367 150 1.46561
  3 -6.81367 117 1.17184
  4 -5.81367 128 1.24368
  5 -4.81367 123 1.17311
  6 -3.81367 128 1.31308
  7 -2.81367 139 1.4183
  8 -1.81367 119 1.08397
  9 -0.813671 114 1.15464
  10 0.186329 110 1.01587
  11 1.18633 115 1.07662
  12 2.18633 123 1.14233
  13 3.18633 126 1.26969
  14 4.18633 127 1.25614
  15 5.18633 140 1.38749
  16 6.18633 114 1.04804
  17 7.18633 118 1.06299
  18 8.18633 128 1.15839
  19 9.18633 142 1.49277
  20 10.1863 125 1.25729
  21 11.1863 103 1.10738
  22 12.1863 120 1.10135
  23 13.1863 117 1.09889
  24 14.1863 133 1.38502
  25 15.1863 116 1.13346
  26 16.1863 126 1.2474
  27 17.1863 117 1.24628
  28 18.1863 117 1.22137
  29 19.1863 127 1.04699
  30 20.1863 79 0.695003
19250000 30 3640
  1 -8.81367 96 0.918837
  2 -7.81367 154 1.52144
  3 -6.81367 110 1.07945
  4 -5.81367 128 1.25486
  5 -4.81367 118 1.12175
  6 -3.81367 135 1.37309
  7 -2.81367 131 1.33213
  8 -1.81367 131 1.2499
  9 -0.813671 120 1.18042
  10 0.186329 106 1.0272
  11 1.18633 111 1.00733
  12 2.18633 119 1.24249
  13 3.18633 139 1.27374
  14 4.18633 118 1.22374
  15 5.18633 133 1.26003
  16 6.18633 125 1.14669
  17 7.18633 112 1.08439
  18 8.18633 133 1.23886
  19 9.18633 137 1.3683
  20 10.1863 131 1.34453
  21 11.1863 117 1.21504
  22 12.1863 110 1.0919
  23 13.1863 122 1.18402
  24 14.1863 133 1.33722
  25 15.1863 122 1.14293
  26 16.1863 114 1.25977
  27 17.1863 128 1.31349
  28 18.1863 103 0.938815
  29 19.1863 111 1.06945
  30 20.1863 93 0.768281
19260000 30 3640
  1 -8.81367 91 0.924713
  2 -7.81367 158 1.48324
  3 -6.81367 104 1.02261
  4 -5.81367 127 1.24464
  5 -4.81367 129 1.17201
  6 -3.81367 131 1.36
  7 -2.81367 132 1.3789
  8 -1.81367 126 1.23208
  9 -0.813671 124 1.18093
  10 0.186329 98 1.06026
  11 1.18633 104 1.00753
  12 2.18633 129 1.22977
  13 3.18633 141 1.29998
  14 4.18633 120 1.24219
  15 5.18633 123 1.14195
  16 6.18633 126 1.22837
  17 7.18633 124 1.16319
  18 8.18633 118 1.10306
  19 9.18633 139 1.46048
  20 10.1863 129 1.30111
  21 11.1863 117 1.26088
  22 12.1863 120 1.06292
  23 13.1863 120 1.20576
  24 14.1863 117 1.26232
  25 15.1863 124 1.13317
  26 16.1863 124 1.25214
  27 17.1863 123 1.42159
  28 18.1863 114 1.07282
  29 19.1863 113 1.0177
  30 20.1863 95 0.922267
19270000 30 3640
  1 -8.81367 79 0.766041
  2 -7.81367 153 1.50629
  3 -6.81367 130 1.18014
  4 -5.81367 114 1.27282
  5 -4.81367 118 1.07108
  6 -3.81367 134 1.26934
  7 -2.81367 129 1.41795
  8 -1.81367 132 1.25195
  9 -0.813671 118 1.01911
  10 0.186329 111 1.09715
  11 1.18633 108 1.11567
  12 2.18633 136 1.27194
  13 3.18633 121 1.11076
  14 4.18633 132 1.29044
  15 5.18633 118 1.23585
  16 6.18633 127 1.07235
  17 7.18633 126 1.2557
  18 8.18633 126 1.14923
  19 9.18633 140 1.41933
  20 10.1863 120 1.19738
  21 11.1863 124 1.32009
  22 12.1863 118 1.11329
  23 13.1863 121 1.12068
  24 14.1863 123 1.27428
  25 15.1863 124 1.22473
  26 16.1863 125 1.30155
  27 17.1863 120 1.24698
  28 18.1863 123 1.20121
  29 19.1863 112 1.01898
  30 20.1863 78 0.623623
19280000 30 3640
  1 -8.81367 109 1.05983
  2 -7.81367 143 1.42995
  3 -6.81367 111 1.06718
  4 -5.81367 131 1.27455
  5 -4.81367 110 1.07216
  6 -3.81367 129 1.28946
  7 -2.81367 129 1.27466
  8 -1.81367 133 1.26468
  9 -0.813671 118 1.20392
  10 0.186329 100 0.90576
  11 1.18633 107 1.06476
  12 2.18633 130 1.21882
  13 3.18633 130 1.25603
  14 4.18633 132 1.32437
  15 5.18633 134 1.2971
  16 6.18633 119 1.07966
  17 7.18633 124 1.17279
  18 8.18633 115 1.07966
  19 9.18633 148 1.45613
  20 10.1863 122 1.28446
  21 11.1863 108 1.0337
  22 12.1863 125 1.22366
  23 13.1863 118 1.13807
  24 14.1863 129 1.30335
  25 15.1863 119 1.25098
  26 16.1863 136 1.31682
  27 17.1863 111 1.2237
  28 18.1863 124 1.22498
  29 19.1863 108 0.900871
  30 20.1863 88 0.80255
19290000 30 3640
  1 -8.81367 104 1.07644
  2 -7.81367 148 1.40848
  3 -6.81367 119 1.13737
  4 -5.81367 120 1.19446
  5 -4.81367 120 1.19079
  6 -3.81367 138 1.31013
  7 -2.81367 137 1.37229
  8 -1.81367 125 1.22804
  9 -0.813671 121 1.2258
  10 0.186329 109 1.00443
  11 1.18633 113 1.02805
  12 2.18633 99 0.979591
  13 3.18633 138 1.33003
  14 4.18633 123 1.26909
  15 5.18633 134 1.29166
  16 6.18633 123 1.18327
  17 7.18633 118 1.05296
  18 8.18633 119 1.03437
  19 9.18633 137 1.49771
  20 10.1863 127 1.21697
  21 11.1863 113 1.17832
  22 12.1863 122 1.16098
  23 13.1863 112 1.04065
  24 14.1863 127 1.34374
  25 15.1863 116 1.17579
  26 16.1863 121 1.2703
  27 17.1863 125 1.2605
  28 18.1863 110 1.15966
  29 19.1863 119 0.954827
  30 20.1863 103 0.937282
19300000 30 3640
  1 -8.81367 98 0.878635
  2 -7.81367 149 1.5291
  3 -6.81367 118 1.11867
  4 -5.81367 129 1.3399
  5 -4.81367 120 1.07762
  6 -3.81367 148 1.47438
  7 -2.81367 130 1.33753
  8 -1.81367 127 1.13604
  9 -0.813671 111 1.10123
  10 0.186329 99 1.02774
  11 1.18633 109 1.10249
  12 2.18633 124 1.11752
  13 3.18633 132 1.29153
  14 4.18633 127 1.27918
  15 5.18633 119 1.14599
  16 6.18633 118 1.11981
  17 7.18633 124 1.11126
  18 8.18633 101 1.01042
  19 9.18633 153 1.51548
  20 10.1863 123 1.22684
  21 11.1863 122 1.25171
  22 12.1863 111 1.10733
  23 13.1863 128 1.21686
  24 14.1863 123 1.23581
  25 15.1863 126 1.18829
  26 16.1863 118 1.23417
  27 17.1863 119 1.29779
  28 18.1863 122 1.14226
  29 19.1863 120 1.10249
  30 20.1863 92 0.83119
19310000 30 3640
  1 -8.81367 89 0.815301
  2 -7.81367 146 1.45315
  3 -6.81367 105 1.03325
  4 -5.81367 130 1.2625
  5 -4.81367 125 1.25125
  6 -3.81367 137 1.29747
  7 -2.81367 129 1.38328
  8 -1.81367 123 1.13044
  9 -0.813671 128 1.23526
  10 0.186329 90 0.855077
  11 1.18633 126 1.27256
  12 2.18633 115 1.12675
  13 3.18633 132 1.27875
  14 4.18633 136 1.33608
  15 5.18633 134 1.29247
  16 6.18633 125 1.22768
  17 7.18633 125 1.10187
  18 8.18633 115 1.08198
  19 9.18633 152 1.58653
  20 10.1863 126 1.26501
  21 11.1863 108 1.11415
  22 12.1863 121 1.17155
  23 13.1863 121 1.10683
  24 14.1863 118 1.29755
  25 15.1863 132 1.24882
  26 16.1863 115 1.19017
  27 17.1863 120 1.23769
  28 18.1863 121 1.19145
  29 19.1863 115 0.981033
  30 20.1863 81 0.782646
19320000 30 3640
  1 -8.81367 96 0.950127
  2 -7.81367 145 1.37548
  3 -6.81367 125 1.21001
  4 -5.81367 122 1.19006
  5 -4.81367 121 1.17018
  6 -3.81367 136 1.30821
  7 -2.81367 129 1.39021
  8 -1.81367 127 1.18513
  9 -0.813671 120 1.18518
  10 0.186329 104 0.986283
  11 1.18633 107 1.0609
  12 2.18633 128 1.17029
  13 3.18633 130 1.37913
  14 4.18633 124 1.19509
  15 5.18633 137 1.24608
  16 6.18633 121 1.12548
  17 7.18633 117 1.08326
  18 8.18633 119 1.15654
  19 9.18633 149 1.46496
  20 10.1863 113 1.18255
  21 11.1863 113 1.17884
  22 12.1863 113 1.03479
  23 13.1863 124 1.26467
  24 14.1863 124 1.23623
  25 15.1863 131 1.29705
  26 16.1863 120 1.19136
  27 17.1863 125 1.3604
  28 18.1863 110 1.04341
  29 19.1863 116 1.04469
  30 20.1863 94 0.863046
19330000 30 3640
  1 -8.81367 97 0.959175
  2 -7.81367 160 1.56261
  3 -6.81367 116 1.13019
  4 -5.81367 125 1.22183
  5 -4.81367 117 1.18165
  6 -3.81367 136 1.286
  7 -2.81367 123 1.26459
  8 -1.81367 127 1.26209
  9 -0.813671 115 1.17803
  10 0.186329 117 1.11758
  11 1.18633 111 1.05238
  12 2.18633 121 1.14277
  13 3.18633 127 1.30364
  14 4.18633 123 1.20182
  15 5.18633 135 1.3351
  16 6.18633 113 1.02833
  17 7.18633 111 1.05603
  18 8.18633 125 1.18668
  19 9.18633 144 1.53624
  20 10.1863 121 1.20433
  21 11.1863 111 1.10369
  22 12.1863 119 1.20182
  23 13.1863 114 1.12631
  24 14.1863 137 1.35279
  25 15.1863 122 1.20941
  26 16.1863 116 1.21173
  27 17.1863 126 1.35013
  28 18.1863 123 1.24707
  29 19.1863 116 1.03093
  30 20.1863 92 0.871248
19340000 30 3640
  1 -8.81367 121 1.21218
  2 -7.81367 131 1.30241
  3 -6.81367 119 1.13823
  4 -5.81367 120 1.23708
  5 -4.81367 112 1.04299
  6 -3.81367 142 1.35378
  7 -2.81367 132 1.4076
  8 -1.81367 123 1.17827
  9 -0.813671 111 1.12703
  10 0.186329 96 0.932612
  11 1.18633 117 1.14205
  12 2.18633 124 1.20348
  13 3.18633 131 1.20343
  14 4.18633 126 1.35501
  15 5.18633 134 1.23977
  16 6.18633 127 1.25974
  17 7.18633 124 1.10575
  18 8.18633 120 1.12951
  19 9.18633 156 1.60449
  20 10.1863 112 1.13813
  21 11.1863 108 1.17571
  22 12.1863 106 0.960299
  23 13.1863 128 1.21218
  24 14.1863 124 1.33251
  25 15.1863 120 1.21466
  26 16.1863 125 1.30617
  27 17.1863 122 1.21085
  28 18.1863 121 1.21093
  29 19.1863 107 0.981576
  30 20.1863 101 0.895046
19350000 30 3640
  1 -8.81367 82 0.836735
  2 -7.81367 130 1.27548
  3 -6.81367 120 1.12097
  4 -5.81367 141 1.37426
  5 -4.81367 114 1.032
  6 -3.81367 141 1.41373
  7 -2.81367 122 1.2297
  8 -1.81367 130 1.25811
  9 -0.813671 122 1.17415
  10 0.186329 105 0.975185
  11 1.18633 111 1.10253
  12 2.18633 135 1.18908
  13 3.18633 127 1.39774
  14 4.18633 128 1.17659
  15 5.18633 127 1.21993
  16 6.18633 134 1.21742
  17 7.18633 117 1.08268
  18 8.18633 124 1.19883
  19 9.18633 143 1.38673
  20 10.1863 126 1.28655
  21 11.1863 115 1.19742
  22 12.1863 117 1.06546
  23 13.1863 120 1.24577
  24 14.1863 134 1.29414
  25 15.1863 124 1.26423
  26 16.1863 129 1.19388
  27 17.1863 121 1.36812
  28 18.1863 122 1.12099
  29 19.1863 113 1.07525
  30 20.1863 66 0.536452
19360000 30 3640
  1 -8.81367 75 0.695105
  2 -7.81367 145 1.46256
  3 -6.81367 135 1.31274
  4 -5.81367 120 1.1015
  5 -4.81367 125 1.20097
  6 -3.81367 121 1.20952
  7 -2.81367 131 1.29919
  8 -1.81367 133 1.28196
  9 -0.813671 128 1.22937
  10 0.186329 103 0.964045
  11 1.18633 119 1.11883
  12 2.18633 127 1.17537
  13 3.18633 128 1.2929
  14 4.18633 126 1.22201
  15 5.18633 136 1.34587
  16 6.18633 116 1.04999
  17 7.18633 126 1.10411
  18 8.18633 128 1.1348
  19 9.18633 139 1.37538
  20 10.1863 120 1.26965
  21 11.1863 117 1.21436
  22 12.1863 129 1.19741
  23 13.1863 120 1.18755
  24 14.1863 133 1.28953
  25 15.1863 114 1.14072
  26 16.1863 114 1.10884
  27 17.1863 131 1.42818
  28 18.1863 108 0.992275
  29 19.1863 110 0.921112
  30 20.1863 83 0.758931
19370000 30 3640
  1 -8.81367 98 0.942502
  2 -7.81367 144 1.33334
  3 -6.81367 117 1.20955
  4 -5.81367 129 1.24079
  5 -4.81367 120 1.13601
  6 -3.81367 128 1.34928
  7 -2.81367 128 1.30698
  8 -1.81367 126 1.15599
  9 -0.813671 116 1.1385
  10 0.186329 117 1.16357
  11 1.18633 112 1.11363
  12 2.18633 130 1.21217
  13 3.18633 124 1.18479
  14 4.18633 129 1.34925
  15 5.18633 132 1.21233
  16 6.18633 126 1.18343
  17 7.18633 108 1.03236
  18 8.18633 136 1.22979
  19 9.18633 132 1.36931
  20 10.1863 124 1.28951
  21 11.1863 118 1.24317
  22 12.1863 113 0.977557
  23 13.1863 122 1.25469
  24 14.1863 123 1.3332
  25 15.1863 127 1.18965
  26 16.1863 114 1.22078
  27 17.1863 123 1.23095
  28 18.1863 110 1.13339
  29 19.1863 121 1.1173
  30 20.1863 93 0.811544
19380000 30 3640
  1 -8.81367 68 0.658521
  2 -7.81367 160 1.46044
  3 -6.81367 119 1.20327
  4 -5.81367 128 1.25879
  5 -4.81367 126 1.1762
  6 -3.81367 138 1.33046
  7 -2.81367 120 1.30201
  8 -1.81367 130 1.25882
  9 -0.813671 119 1.16018
  10 0.186329 119 1.09105
  11 1.18633 94 0.93644
  12 2.18633 133 1.27012
  13 3.18633 135 1.27861
  14 4.18633 124 1.20707
  15 5.18633 122 1.1799
  16 6.18633 127 1.20451
  17 7.18633 131 1.12811
  18 8.18633 124 1.26385
  19 9.18633 145 1.38377
  20 10.1863 128 1.27118
  21 11.1863 119 1.29585
  22 12.1863 115 1.01933
  23 13.1863 114 1.15012
  24 14.1863 136 1.36894
  25 15.1863 123 1.19713
  26 16.1863 123 1.17489
  27 17.1863 116 1.3144
  28 18.1863 118 1.08725
  29 19.1863 117 1.04154
  30 20.1863 69 0.623905
19390000 30 3640
  1 -8.81367 101 0.985737
  2 -7.81367 132 1.3223
  3 -6.81367 122 1.07122
  4 -5.81367 124 1.30097
  5 -4.81367 117 1.10331
  6 -3.81367 138 1.37277
  7 -2.81367 129 1.28015
  8 -1.81367 128 1.21946
  9 -0.813671 117 1.21339
  10 0.186329 114 1.00201
  11 1.18633 97 0.947507
  12 2.18633 129 1.18997
  13 3.18633 117 1.20463
  14 4.18633 139 1.32963
  15 5.18633 120 1.16271
  16 6.18633 125 1.13918
  17 7.18633 119 1.12186
  18 8.18633 119 1.04774
  19 9.18633 145 1.50889
  20 10.1863 128 1.26038
  21 11.1863 114 1.20089
  22 12.1863 117 1.08722
  23 13.1863 116 1.10325
  24 14.1863 133 1.45957
  25 15.1863 129 1.2405
  26 16.1863 120 1.10577
  27 17.1863 129 1.43843
  28 18.1863 112 1.05257
  29 19.1863 122 1.05763
  30 20.1863 88 0.80766
19400000 30 3640
  1 -8.81367 111 1.02254
  2 -7.81367 159 1.49809
  3 -6.81367 113 1.23494
  4 -5.81367 121 1.21503
  5 -4.81367 111 1.13744
  6 -3.81367 133 1.20393
  7 -2.81367 127 1.3214
  8 -1.81367 132 1.32765
  9 -0.813671 111 1.11771
  10 0.186329 107 0.878577
  11 1.18633 107 1.08626
  12 2.18633 132 1.29904
  13 3.18633 124 1.23759
  14 4.18633 133 1.29397
  15 5.18633 123 1.19771
  16 6.18633 125 1.16505
  17 7.18633 115 1.11128
  18 8.18633 124 1.20141
  19 9.18633 130 1.23652
  20 10.1863 136 1.39148
  21 11.1863 109 1.11618
  22 12.1863 119 1.13757
  23 13.1863 117 1.21132
  24 14.1863 127 1.27655
  25 15.1863 119 1.18006
  26 16.1863 123 1.25387
  27 17.1863 116 1.23757
  28 18.1863 116 1.1976
  29 19.1863 127 1.13638
  30 20.1863 93 0.828448
19410000 30 3640
  1 -8.81367 109 1.03433
  2 -7.81367 145 1.3919
  3 -6.81367 120 1.1262
  4 -5.81367 117 1.18312
  5 -4.81367 130 1.19698
  6 -3.81367 134 1.37681
  7 -2.81367 124 1.30484
  8 -1.81367 122 1.07654
  9 -0.813671 113 1.1262
  10 0.186329 124 1.20823
  11 1.18633 100 0.968553
  12 2.18633 130 1.14982
  13 3.18633 121 1.25145
  14 4.18633 131 1.32614
  15 5.18633 140 1.32731
  16 6.18633 123 1.10755
  17 7.18633 111 1.05665
  18 8.18633 123 1.21929
  19 9.18633 138 1.37073
  20 10.1863 125 1.24784
  21 11.1863 100 1.06027
  22 12.1863 113 1.06154
  23 13.1863 115 1.16593
  24 14.1863 135 1.26276
  25 15.1863 111 1.11881
  26 16.1863 120 1.28239
  27 17.1863 129 1.22308
  28 18.1863 120 1.28633
  29 19.1863 112 0.992152
  30 20.1863 105 0.969716
19420000 32 3640
  1 -9.81367 8 0.0835968
  2 -8.81367 113 0.999769
  3 -7.81367 145 1.46633
  4 -6.81367 108 1.09316
  5 -5.81367 129 1.26287
  6 -4.81367 123 1.20921
  7 -3.81367 121 1.20541
  8 -2.81367 133 1.31166
  9 -1.81367 125 1.23538
  10 -0.813671 118 1.11323
  11 0.186329 102 1.02471
  12 1.18633 106 1.05835
  13 2.18633 136 1.22062
  14 3.18633 133 1.30406
  15 4.18633 121 1.28532
  16 5.18633 121 1.10582
  17 6.18633 115 1.09818
  18 7.18633 115 1.11816
  19 8.18633 120 1.08717
  20 9.18633 139 1.32532
  21 10.1863 127 1.37518
  22 11.1863 108 1.1767
  23 12.1863 122 1.11697
  24 13.1863 127 1.26422
  25 14.1863 116 1.14938
  26 15.1863 116 1.14317
  27 16.1863 134 1.29906
  28 17.1863 110 1.19421
  29 18.1863 109 1.16061
  30 19.1863 119 1.06087
  31 20.1863 113 1.00841
  32 21.1863 8 0.0973117
19430000 30 3640
  1 -8.81367 76 0.691687
  2 -7.81367 150 1.46558
  3 -6.81367 132 1.28165
  4 -5.81367 123 1.19198
  5 -4.81367 117 1.0989
  6 -3.81367 142 1.42738
  7 -2.81367 130 1.21179
  8 -1.81367 117 1.14295
  9 -0.813671 125 1.20196
  10 0.186329 108 1.05365
  11 1.18633 112 1.11978
  12 2.18633 120 1.08176
  13 3.18633 131 1.22275
  14 4.18633 132 1.30739
  15 5.18633 141 1.31606
  16 6.18633 119 1.09395
  17 7.18633 119 1.04872
  18 8.18633 119 1.06587
  19 9.18633 147 1.56603
  20 10.1863 121 1.22763
  21 11.1863 113 1.14666
  22 12.1863 113 1.0486
  23 13.1863 124 1.22637
  24 14.1863 133 1.31985
  25 15.1863 119 1.11847
  26 16.1863 114 1.12577
  27 17.1863 121 1.28892
  28 18.1863 122 1.15171
  29 19.1863 125 1.11611
  30 20.1863 75 0.679552
19440000 30 3640
  1 -8.81367 101 1.03439
  2 -7.81367 142 1.31567
  3 -6.81367 122 1.2554
  4 -5.81367 123 1.25039
  5 -4.81367 116 1.01325
  6 -3.81367 131 1.45649
  7 -2.81367 140 1.30301
  8 -1.81367 106 1.03062
  9 -0.813671 118 1.10322
  10 0.186329 109 1.00584
  11 1.18633 108 1.20168
  12 2.18633 123 1.09209
  13 3.18633 131 1.31915
  14 4.18633 125 1.26807
  15 5.18633 130 1.20561
  16 6.18633 129 1.24798
  17 7.18633 125 1.16569
  18 8.18633 116 1.11687
  19 9.18633 157 1.55913
  20 10.1863 108 1.06308
  21 11.1863 134 1.38033
  22 12.1863 108 1.00573
  23 13.1863 129 1.32056
  24 14.1863 113 1.1806
  25 15.1863 124 1.25419
  26 16.1863 116 1.16681
  27 17.1863 122 1.21804
  28 18.1863 120 1.27422
  29 19.1863 108 0.952049
  30 20.1863 106 0.932024
19450000 30 3640
  1 -8.81367 102 0.993111
  2 -7.81367 150 1.43686
  3 -6.81367 118 1.18904
  4 -5.81367 130 1.32856
  5 -4.81367 111 1.06345
  6 -3.81367 130 1.28591
  7 -2.81367 131 1.33489
  8 -1.81367 128 1.21802
  9 -0.813671 116 1.1403
  10 0.186329 110 1.11
  11 1.18633 102 1.02064
  12 2.18633 139 1.36017
  13 3.18633 119 1.19416
  14 4.18633 128 1.23824
  15 5.18633 128 1.22438
  16 6.18633 117 1.04462
  17 7.18633 123 1.17664
  18 8.18633 129 1.24826
  19 9.18633 132 1.37388
  20 10.1863 124 1.29468
  21 11.1863 116 1.16274
  22 12.1863 112 1.10362
  23 13.1863 120 1.13266
  24 14.1863 126 1.28846
  25 15.1863 113 1.14647
  26 16.1863 128 1.26576
  27 17.1863 124 1.35255
  28 18.1863 113 1.1677
  29 19.1863 117 1.03841
  30 20.1863 104 0.97922
19460000 30 3640
  1 -8.81367 91 0.866165
  2 -7.81367 150 1.53614
  3 -6.81367 111 1.02661
  4 -5.81367 132 1.22146
  5 -4.81367 122 1.23497
  6 -3.81367 135 1.32756
  7 -2.81367 123 1.21288
  8 -1.81367 138 1.29426
  9 -0.813671 117 1.11174
  10 0.186329 96 0.898311
  11 1.18633 108 1.06985
  12 2.18633 130 1.28323
  13 3.18633 129 1.2646
  14 4.18633 137 1.30922
  15 5.18633 123 1.15623
  16 6.18633 127 1.15855
  17 7.18633 123 1.09698
  18 8.18633 118 1.15248
  19 9.18633 150 1.57677
  20 10.1863 114 1.01554
  21 11.1863 105 1.20148
  22 12.1863 121 1.1365
  23 13.1863 130 1.21169
  24 14.1863 127 1.2832
  25 15.1863 125 1.15129
  26 16.1863 121 1.34345
  27 17.1863 118 1.12525
  28 18.1863 121 1.22773
  29 19.1863 108 0.925458
  30 20.1863 90 0.831652
19470000 30 3640
  1 -8.81367 136 1.38024
  2 -7.81367 123 1.2112
  3 -6.81367 126 1.30057
  4 -5.81367 122 1.21221
  5 -4.81367 116 1.1052
  6 -3.81367 126 1.32327
  7 -2.81367 132 1.27046
  8 -1.81367 120 1.1946
  9 -0.813671 115 1.13433
  10 0.186329 105 1.03574
  11 1.18633 103 0.971553
  12 2.18633 126 1.18101
  13 3.18633 127 1.31073
  14 4.18633 129 1.33467
  15 5.18633 127 1.22768
  16 6.18633 128 1.14297
  17 7.18633 116 1.07999
  18 8.18633 109 1.10898
  19 9.18633 157 1.54791
  20 10.1863 121 1.21871
  21 11.1863 106 1.10377
  22 12.1863 113 1.18706
  23 13.1863 124 1.15706
  24 14.1863 132 1.44201
  25 15.1863 117 1.13663
  26 16.1863 115 1.17949
  27 17.1863 134 1.38648
  28 18.1863 121 1.28301
  29 19.1863 115 1.00056
  30 20.1863 99 0.875555
19480000 30 3640
  1 -8.81367 88 0.919121
  2 -7.81367 147 1.35887
  3 -6.81367 113 1.11527
  4 -5.81367 130 1.30765
  5 -4.81367 125 1.18615
  6 -3.81367 131 1.32136
  7 -2.81367 126 1.22217
  8 -1.81367 131 1.26676
  9 -0.813671 119 1.28543
  10 0.186329 106 0.905575
  11 1.18633 95 0.932873
  12 2.18633 139 1.27557
  13 3.18633 140 1.39106
  14 4.18633 125 1.26558
  15 5.18633 133 1.24457
  16 6.18633 120 1.17981
  17 7.18633 121 1.08313
  18 8.18633 125 1.09185
  19 9.18633 139 1.43827
  20 10.1863 127 1.28786
  21 11.1863 104 1.16608
  22 12.1863 117 1.00489
  23 13.1863 132 1.37611
  24 14.1863 123 1.17999
  25 15.1863 119 1.17989
  26 16.1863 114 1.12146
  27 17.1863 132 1.49406
  28 18.1863 115 1.11035
  29 19.1863 111 0.914254
  30 20.1863 93 0.858218
19490000 30 3640
  1 -8.81367 94 0.904204
  2 -7.81367 145 1.45786
  3 -6.81367 118 1.13733
  4 -5.81367 129 1.24948
  5 -4.81367 116 1.06629
  6 -3.81367 134 1.41525
  7 -2.81367 128 1.20853
  8 -1.81367 128 1.33293
  9 -0.813671 125 1.302
  10 0.186329 111 1.02525
  11 1.18633 100 0.880594
  12 2.18633 128 1.16369
  13 3.18633 133 1.40406
  14 4.18633 125 1.33065
  15 5.18633 147 1.34189
  16 6.18633 128 1.19597
  17 7.18633 116 1.12737
  18 8.18633 122 1.00038
  19 9.18633 144 1.56753
  20 10.1863 114 1.1186
  21 11.1863 107 1.21574
  22 12.1863 128 1.09875
  23 13.1863 129 1.32951
  24 14.1863 117 1.16354
  25 15.1863 118 1.14732
  26 16.1863 109 1.13468
  27 17.1863 125 1.29201
  28 18.1863 123 1.20225
  29 19.1863 108 0.975307
  30 20.1863 91 0.840547
19500000 30 3640
  1 -8.81367 72 0.617368
  2 -7.81367 140 1.41936
  3 -6.81367 117 1.12804
  4 -5.81367 133 1.32013
  5 -4.81367 122 1.06315
  6 -3.81367 137 1.46087
  7 -2.81367 131 1.21865
  8 -1.81367 124 1.19407
  9 -0.813671 107 1.06178
  10 0.186329 105 1.00196
  11 1.18633 119 1.11339
  12 2.18633 124 1.17701
  13 3.18633 143 1.34351
  14 4.18633 116 1.15124
  15 5.18633 140 1.32402
  16 6.18633 122 1.06189
  17 7.18633 132 1.2823
  18 8.18633 134 1.15262
  19 9.18633 150 1.60061
  20 10.1863 118 1.17195
  21 11.1863 115 1.18059
  22 12.1863 114 1.07773
  23 13.1863 128 1.2187
  24 14.1863 123 1.27618
  25 15.1863 125 1.17814
  26 16.1863 118 1.18916
  27 17.1863 122 1.26388
  28 18.1863 122 1.11211
  29 19.1863 120 1.03865
  30 20.1863 67 0.591548
19510000 30 3640
  1 -8.81367 87 0.689145
  2 -7.81367 146 1.51024
  3 -6.81367 110 1.04142
  4 -5.81367 136 1.4024
  5 -4.81367 121 1.05018
  6 -3.81367 125 1.34432
  7 -2.81367 134 1.29992
  8 -1.81367 120 1.14774
  9 -0.813671 110 1.11814
  10 0.186329 115 1.07246
  11 1.18633 108 1.05636
  12 2.18633 123 1.17758
  13 3.18633 124 1.14912
  14 4.18633 136 1.34068
  15 5.18633 135 1.35317
  16 6.18633 111 0.945045
  17 7.18633 123 1.1231
  18 8.18633 119 1.0836
  19 9.18633 148 1.51888
  20 10.1863 127 1.2121
  21 11.1863 109 1.22678
  22 12.1863 121 1.17376
  23 13.1863 132 1.27029
  24 14.1863 123 1.24071
  25 15.1863 118 1.14899
  26 16.1863 133 1.26533
  27 17.1863 118 1.31215
  28 18.1863 121 1.19237
  29 19.1863 120 0.984716
  30 20.1863 87 0.886701
19520000 30 3640
  1 -8.81367 111 1.13598
  2 -7.81367 148 1.43027
  3 -6.81367 109 1.04952
  4 -5.81367 138 1.37495
  5 -4.81367 114 1.0695
  6 -3.81367 120 1.27853
  7 -2.81367 131 1.35129
  8 -1.81367 125 1.20854
  9 -0.813671 121 1.17099
  10 0.186329 107 1.01459
  11 1.18633 116 1.09845
  12 2.18633 129 1.27372
  13 3.18633 135 1.33879
  14 4.18633 126 1.23863
  15 5.18633 129 1.25492
  16 6.18633 125 1.21103
  17 7.18633 115 1.00074
  18 8.18633 128 1.24374
  19 9.18633 137 1.37128
  20 10.1863 131 1.33254
  21 11.1863 103 1.13821
  22 12.1863 123 1.18857
  23 13.1863 117 1.14848
  24 14.1863 115 1.21862
  25 15.1863 128 1.24862
  26 16.1863 128 1.32373
  27 17.1863 133 1.40009
  28 18.1863 103 1.00067
  29 19.1863 116 0.964501
  30 20.1863 79 0.701329
19530000 30 3640
  1 -8.81367 101 0.936832
  2 -7.81367 145 1.38333
  3 -6.81367 120 1.21522
  4 -5.81367 136 1.29609
  5 -4.81367 117 1.14191
  6 -3.81367 122 1.25874
  7 -2.81367 124 1.29359
  8 -1.81367 133 1.20544
  9 -0.813671 110 1.16927
  10 0.186329 108 0.971651
  11 1.18633 123 1.11343
  12 2.18633 124 1.18303
  13 3.18633 139 1.46152
  14 4.18633 114 1.1134
  15 5.18633 131 1.27501
  16 6.18633 138 1.20794
  17 7.18633 118 1.12454
  18 8.18633 116 1.07241
  19 9.18633 145 1.48146
  20 10.1863 125 1.27497
  21 11.1863 109 1.20397
  22 12.1863 111 1.01256
  23 13.1863 127 1.20927
  24 14.1863 131 1.37705
  25 15.1863 119 1.18415
  26 16.1863 121 1.21772
  27 17.1863 121 1.22657
  28 18.1863 113 1.16177
  29 19.1863 118 0.992793
  30 20.1863 81 0.77369
19540000 30 3640
  1 -8.81367 89 0.848181
  2 -7.81367 158 1.49042
  3 -6.81367 104 1.01459
  4 -5.81367 136 1.33242
  5 -4.81367 109 0.977424
  6 -3.81367 130 1.32125
  7 -2.81367 139 1.44045
  8 -1.81367 124 1.23681
  9 -0.813671 122 1.11908
  10 0.186329 90 0.806113
  11 1.18633 118 1.23074
  12 2.18633 130 1.16375
  13 3.18633 122 1.25918
  14 4.18633 135 1.3325
  15 5.18633 125 1.22579
  16 6.18633 134 1.21707
  17 7.18633 117 1.04202
  18 8.18633 111 1.10642
  19 9.18633 142 1.32532
  20 10.1863 123 1.33979
  21 11.1863 123 1.26908
  22 12.1863 117 1.0805
  23 13.1863 124 1.28897
  24 14.1863 133 1.34755
  25 15.1863 125 1.17732
  26 16.1863 125 1.22194
  27 17.1863 117 1.27299
  28 18.1863 118 1.19331
  29 19.1863 123 0.997402
  30 20.1863 77 0.80218
19550000 30 3640
  1 -8.81367 73 0.774116
  2 -7.81367 153 1.51015
  3 -6.81367 126 1.15016
  4 -5.81367 122 1.22767
  5 -4.81367 124 1.13413
  6 -3.81367 130 1.30288
  7 -2.81367 131 1.38545
  8 -1.81367 125 1.12301
  9 -0.813671 119 1.11821
  10 0.186329 121 1.23521
  11 1.18633 106 0.939455
  12 2.18633 131 1.22288
  13 3.18633 129 1.31537
  14 4.18633 135 1.39411
  15 5.18633 130 1.15272
  16 6.18633 115 1.06996
  17 7.18633 128 1.14901
  18 8.18633 123 1.16249
  19 9.18633 135 1.32881
  20 10.1863 121 1.24389
  21 11.1863 110 1.13399
  22 12.1863 119 1.07001
  23 13.1863 128 1.27094
  24 14.1863 126 1.26482
  25 15.1863 125 1.22413
  26 16.1863 118 1.16606
  27 17.1863 121 1.29926
  28 18.1863 117 1.19942
  29 19.1863 120 1.02697
  30 20.1863 79 0.623852
19560000 30 3640
  1 -8.81367 98 1.03676
  2 -7.81367 144 1.34676
  3 -6.81367 116 1.12761
  4 -5.81367 117 1.13125
  5 -4.81367 135 1.31179
  6 -3.81367 116 1.19719
  7 -2.81367 132 1.2944
  8 -1.81367 132 1.23836
  9 -0.813671 108 0.978372
  10 0.186329 110 1.09784
  11 1.18633 109 1.15245
  12 2.18633 121 1.13645
  13 3.18633 127 1.20106
  14 4.18633 118 1.22091
  15 5.18633 143 1.36791
  16 6.18633 123 1.20348
  17 7.18633 119 0.987148
  18 8.18633 127 1.21236
  19 9.18633 132 1.36527
  20 10.1863 132 1.3677
  21 11.1863 118 1.15123
  22 12.1863 110 1.0579
  23 13.1863 128 1.30941
  24 14.1863 126 1.29571
  25 15.1863 120 1.11389
  26 16.1863 122 1.17735
  27 17.1863 126 1.45236
  28 18.1863 109 1.07161
  29 19.1863 119 1.0493
  30 20.1863 103 0.904863
19570000 30 3640
  1 -8.81367 105 1.11781
  2 -7.81367 144 1.3055
  3 -6.81367 111 1.12272
  4 -5.81367 126 1.32393
  5 -4.81367 129 1.15912
  6 -3.81367 132 1.36648
  7 -2.81367 114 1.01915
  8 -1.81367 113 1.17015
  9 -0.813671 131 1.3116
  10 0.186329 107 1.01164
  11 1.18633 94 0.944092
  12 2.18633 132 1.28916
  13 3.18633 135 1.27167
  14 4.18633 118 1.28648
  15 5.18633 126 1.07673
  16 6.18633 131 1.32524
  17 7.18633 122 1.14284
  18 8.18633 118 1.01801
  19 9.18633 146 1.4878
  20 10.1863 113 1.15028
  21 11.1863 123 1.33523
  22 12.1863 109 1.00023
  23 13.1863 127 1.28913
  24 14.1863 123 1.25801
  25 15.1863 119 1.154
  26 16.1863 127 1.33151
  27 17.1863 115 1.18904
  28 18.1863 116 1.1903
  29 19.1863 124 1.04917
  30 20.1863 110 1.02527
19580000 30 3640
  1 -8.81367 99 0.935024
  2 -7.81367 146 1.5112
  3 -6.81367 116 1.07502
  4 -5.81367 133 1.38102
  5 -4.81367 116 1.08746
  6 -3.81367 129 1.29614
  7 -2.81367 133 1.36115
  8 -1.81367 127 1.15119
  9 -0.813671 119 1.24876
  10 0.186329 105 0.975027
  11 1.18633 105 1.08497
  12 2.18633 129 1.21875
  13 3.18633 128 1.17508
  14 4.18633 130 1.40865
  15 5.18633 120 1.12002
  16 6.18633 131 1.18129
  17 7.18633 125 1.16001
  18 8.18633 118 1.10013
  19 9.18633 144 1.50356
  20 10.1863 131 1.40611
  21 11.1863 112 1.15117
  22 12.1863 114 1.08122
  23 13.1863 135 1.30001
  24 14.1863 116 1.13882
  25 15.1863 109 1.11116
  26 16.1863 122 1.26987
  27 17.1863 119 1.25996
  28 18.1863 120 1.20617
  29 19.1863 107 0.882624
  30 20.1863 102 0.929989
19590000 30 3640
  1 -8.81367 68 0.665996
  2 -7.81367 141 1.41642
  3 -6.81367 119 1.11903
  4 -5.81367 136 1.32803
  5 -4.81367 124 1.21604
  6 -3.81367 129 1.23598
  7 -2.81367 124 1.32424
  8 -1.81367 140 1.31441
  9 -0.813671 122 1.18761
  10 0.186329 115 1.08423
  11 1.18633 98 1.01312
  12 2.18633 134 1.27595
  13 3.18633 140 1.29329
  14 4.18633 124 1.25342
  15 5.18633 145 1.38173
  16 6.18633 113 1.12018
  17 7.18633 120 1.08048
  18 8.18633 116 1.05941
  19 9.18633 147 1.50482
  20 10.1863 135 1.40765
  21 11.1863 109 1.1065
  22 12.1863 120 1.08797
  23 13.1863 124 1.28702
  24 14.1863 127 1.26843
  25 15.1863 109 1.03934
  26 16.1863 120 1.24582
  27 17.1863 122 1.3132
  28 18.1863 115 1.17245
  29 19.1863 133 1.11669
  30 20.1863 71 0.642296
19600000 30 3640
  1 -8.81367 89 0.875576
  2 -7.81367 144 1.45725
  3 -6.81367 124 1.23051
  4 -5.81367 126 1.2355
  5 -4.81367 125 1.09984
  6 -3.81367 130 1.35746
  7 -2.81367 129 1.28782
  8 -1.81367 112 1.08603
  9 -0.813671 123 1.16349
  10 0.186329 110 1.09736
  11 1.18633 104 1.00889
  12 2.18633 138 1.30044
  13 3.18633 130 1.29527
  14 4.18633 126 1.28168
  15 5.18633 126 1.22931
  16 6.18633 132 1.26167
  17 7.18633 122 1.01156
  18 8.18633 121 1.23429
  19 9.18633 146 1.46843
  20 10.1863 127 1.21195
  21 11.1863 106 1.16063
  22 12.1863 128 1.136
  23 13.1863 127 1.29657
  24 14.1863 120 1.25927
  25 15.1863 115 1.06623
  26 16.1863 119 1.2292
  27 17.1863 115 1.21689
  28 18.1863 121 1.26662
  29 19.1863 112 0.924341
  30 20.1863 93 0.834552
19610000 30 3640
  1 -8.81367 109 1.10405
  2 -7.81367 135 1.37535
  3 -6.81367 120 1.20574
  4 -5.81367 123 1.12162
  5 -4.81367 117 1.12542
  6 -3.81367 131 1.37654
  7 -2.81367 125 1.25968
  8 -1.81367 125 1.19946
  9 -0.813671 114 1.05651
  10 0.186329 116 1.2548
  11 1.18633 102 0.913199
  12 2.18633 136 1.3202
  13 3.18633 124 1.21079
  14 4.18633 127 1.26481
  15 5.18633 117 1.17944
  16 6.18633 127 1.20829
  17 7.18633 127 1.19958
  18 8.18633 112 1.09409
  19 9.18633 143 1.39417
  20 10.1863 133 1.41047
  21 11.1863 126 1.31371
  22 12.1863 110 1.00119
  23 13.1863 115 1.16176
  24 14.1863 126 1.32145
  25 15.1863 130 1.23219
  26 16.1863 112 1.15421
  27 17.1863 117 1.27857
  28 18.1863 117 1.12677
  29 19.1863 121 1.03635
  30 20.1863 103 0.984744
19620000 30 3640
  1 -8.81367 88 0.96164
  2 -7.81367 139 1.29765
  3 -6.81367 118 1.21892
  4 -5.81367 130 1.26878
  5 -4.81367 123 1.14031
  6 -3.81367 135 1.38118
  7 -2.81367 127 1.24267
  8 -1.81367 122 1.13777
  9 -0.813671 123 1.199
  10 0.186329 105 1.04915
  11 1.18633 109 1.09293
  12 2.18633 134 1.25276
  13 3.18633 130 1.23764
  14 4.18633 127 1.35506
  15 5.18633 116 1.07537
  16 6.18633 131 1.22269
  17 7.18633 131 1.23277
  18 8.18633 121 1.06917
  19 9.18633 142 1.62834
  20 10.1863 126 1.2053
  21 11.1863 114 1.21509
  22 12.1863 113 1.05787
  23 13.1863 130 1.18657
  24 14.1863 121 1.21404
  25 15.1863 123 1.23764
  26 16.1863 104 1.08768
  27 17.1863 130 1.40378
  28 18.1863 124 1.24262
  29 19.1863 117 1.02048
  30 20.1863 87 0.746935
19630000 30 3640
  1 -8.81367 103 0.982278
  2 -7.81367 123 1.22049
  3 -6.81367 123 1.13577
  4 -5.81367 130 1.30652
  5 -4.81367 122 1.15314
  6 -3.81367 126 1.35516
  7 -2.81367 124 1.24426
  8 -1.81367 122 1.16686
  9 -0.813671 117 1.05353
  10 0.186329 103 1.03088
  11 1.18633 115 1.10962
  12 2.18633 127 1.25429
  13 3.18633 140 1.32157
  14 4.18633 128 1.26056
  15 5.18633 124 1.28914
  16 6.18633 133 1.16328
  17 7.18633 113 1.05209
  18 8.18633 127 1.21945
  19 9.18633 151 1.54619
  20 10.1863 122 1.25049
  21 11.1863 114 1.24412
  22 12.1863 112 0.981017
  23 13.1863 127 1.20817
  24 14.1863 123 1.23436
  25 15.1863 122 1.28161
  26 16.1863 112 1.20921
  27 17.1863 114 1.13071
  28 18.1863 115 1.11458
  29 19.1863 129 1.19812
  30 20.1863 99 0.938537
19640000 30 3640
  1 -8.81367 95 0.868638
  2 -7.81367 149 1.38031
  3 -6.81367 111 1.16002
  4 -5.81367 127 1.28832
  5 -4.81367 117 1.11745
  6 -3.81367 130 1.3285
  7 -2.81367 139 1.38018
  8 -1.81367 124 1.2091
  9 -0.813671 117 1.10754
  10 0.186329 107 1.05966
  11 1.18633 101 1.11497
  12 2.18633 129 1.16777
  13 3.18633 133 1.35887
  14 4.18633 126 1.21413
  15 5.18633 127 1.21689
  16 6.18633 128 1.25941
  17 7.18633 122 1.07482
  18 8.18633 108 1.02573
  19 9.18633 145 1.48447
  20 10.1863 128 1.3085
  21 11.1863 120 1.27446
  22 12.1863 118 1.07853
  23 13.1863 125 1.3487
  24 14.1863 122 1.1402
  25 15.1863 126 1.29966
  26 16.1863 107 1.07587
  27 17.1863 122 1.28964
  28 18.1863 122 1.26327
  29 19.1863 120 1.03966
  30 20.1863 95 0.976557
19650000 30 3640
  1 -8.81367 60 0.540681
  2 -7.81367 140 1.34262
  3 -6.81367 128 1.20102
  4 -5.81367 130 1.28266
  5 -4.81367 127 1.1961
  6 -3.81367 135 1.28758
  7 -2.81367 132 1.32913
  8 -1.81367 127 1.23882
  9 -0.813671 130 1.25223
  10 0.186329 104 0.94841
  11 1.18633 108 1.01806
  12 2.18633 128 1.2401
  13 3.18633 136 1.284
  14 4.18633 132 1.28403
  15 5.18633 140 1.26457
  16 6.18633 122 1.10093
  17 7.18633 119 1.12046
  18 8.18633 126 1.12299
  19 9.18633 146 1.50973
  20 10.1863 117 1.16072
  21 11.1863 125 1.21683
  22 12.1863 119 1.05088
  23 13.1863 119 1.26447
  24 14.1863 127 1.2219
  25 15.1863 116 1.13497
  26 16.1863 119 1.16313
  27 17.1863 120 1.27056
  28 18.1863 119 1.05952
  29 19.1863 111 1.01305
  30 20.1863 78 0.750639
19660000 30 3640
  1 -8.81367 76 0.808314
  2 -7.81367 145 1.37968
  3 -6.81367 111 1.10197
  4 -5.81367 143 1.34511
  5 -4.81367 115 1.08476
  6 -3.81367 133 1.36836
  7 -2.81367 128 1.20814
  8 -1.81367 128 1.26117
  9 -0.813671 121 1.27851
  10 0.186329 109 1.00587
  11 1.18633 98 0.894811
  12 2.18633 130 1.17613
  13 3.18633 130 1.30312
  14 4.18633 131 1.30558
  15 5.18633 134 1.23053
  16 6.18633 132 1.27965
  17 7.18633 108 0.97003
  18 8.18633 130 1.18728
  19 9.18633 140 1.36369
  20 10.1863 133 1.33268
  21 11.1863 106 1.14258
  22 12.1863 115 1.06379
  23 13.1863 131 1.32538
  24 14.1863 130 1.36247
  25 15.1863 123 1.13166
  26 16.1863 119 1.14768
  27 17.1863 128 1.42769
  28 18.1863 125 1.11567
  29 19.1863 118 1.02314
  30 20.1863 70 0.631824
19670000 30 3640
  1 -8.81367 84 0.941738
  2 -7.81367 151 1.37486
  3 -6.81367 110 1.09107
  4 -5.81367 132 1.3311
  5 -4.81367 123 1.20173
  6 -3.81367 123 1.16327
  7 -2.81367 133 1.45793
  8 -1.81367 132 1.20429
  9 -0.813671 113 1.13222
  10 0.186329 110 0.999173
  11 1.18633 107 1.12843
  12 2.18633 123 1.08129
  13 3.18633 136 1.39333
  14 4.18633 127 1.1944
  15 5.18633 137 1.39216
  16 6.18633 122 1.0576
  17 7.18633 118 1.17812
  18 8.18633 131 1.14595
  19 9.18633 138 1.36988
  20 10.1863 128 1.356
  21 11.1863 119 1.23779
  22 12.1863 108 1.04131
  23 13.1863 116 1.19811
  24 14.1863 140 1.33131
  25 15.1863 116 1.13713
  26 16.1863 122 1.21167
  27 17.1863 115 1.30628
  28 18.1863 126 1.20062
  29 19.1863 110 0.900883
  30 20.1863 90 0.785083
19680000 30 3640
  1 -8.81367 92 0.83812
  2 -7.81367 137 1.42082
  3 -6.81367 129 1.20665
  4 -5.81367 120 1.24258
  5 -4.81367 121 1.05729
  6 -3.81367 139 1.36843
  7 -2.81367 138 1.46303
  8 -1.81367 117 1.1095
  9 -0.813671 117 1.1817
  10 0.186329 108 1.00385
  11 1.18633 110 1.08213
  12 2.18633 125 1.18175
  13 3.18633 137 1.31996
  14 4.18633 123 1.24772
  15 5.18633 137 1.31377
  16 6.18633 118 1.14436
  17 7.18633 120 1.06724
  18 8.18633 115 1.02125
  19 9.18633 147 1.53287
  20 10.1863 123 1.2377
  21 11.1863 109 1.16413
  22 12.1863 118 1.06846
  23 13.1863 135 1.31503
  24 14.1863 112 1.23527
  25 15.1863 119 1.07348
  26 16.1863 122 1.26749
  27 17.1863 115 1.29873
  28 18.1863 125 1.18051
  29 19.1863 110 0.990048
  30 20.1863 102 0.942635
19690000 30 3640
  1 -8.81367 85 0.79239
  2 -7.81367 150 1.55718
  3 -6.81367 110 1.01329
  4 -5.81367 127 1.27389
  5 -4.81367 130 1.19915
  6 -3.81367 125 1.29383
  7 -2.81367 128 1.32508
  8 -1.81367 125 1.1741
  9 -0.813671 111 1.13553
  10 0.186329 110 1.0757
  11 1.18633 112 1.09316
  12 2.18633 127 1.17164
  13 3.18633 133 1.36256
  14 4.18633 125 1.17548
  15 5.18633 126 1.27402
  16 6.18633 126 1.21281
  17 7.18633 126 1.05331
  18 8.18633 116 1.09685
  19 9.18633 144 1.49602
  20 10.1863 125 1.30888
  21 11.1863 119 1.22021
  22 12.1863 120 1.06819
  23 13.1863 118 1.24897
  24 14.1863 135 1.29541
  25 15.1863 116 1.18659
  26 16.1863 124 1.25889
  27 17.1863 123 1.35009
  28 18.1863 119 1.18911
  29 19.1863 116 0.928563
  30 20.1863 89 0.818533
19700000 30 3640
  1 -8.81367 87 0.937511
  2 -7.81367 159 1.51204
  3 -6.81367 114 1.12981
  4 -5.81367 116 1.18879
  5 -4.81367 127 1.15877
  6 -3.81367 132 1.33844
  7 -2.81367 131 1.43632
  8 -1.81367 118 1.11976
  9 -0.813671 125 1.14763
  10 0.186329 100 1.04318
  11 1.18633 122 1.14249
  12 2.18633 121 1.20282
  13 3.18633 130 1.25295
  14 4.18633 118 1.21288
  15 5.18633 126 1.19399
  16 6.18633 121 1.21523
  17 7.18633 131 1.15512
  18 8.18633 121 1.19396
  19 9.18633 144 1.50181
  20 10.1863 128 1.29449
  21 11.1863 113 1.20016
  22 12.1863 118 1.03694
  23 13.1863 128 1.23795
  24 14.1863 125 1.32478
  25 15.1863 118 1.20013
  26 16.1863 125 1.24162
  27 17.1863 118 1.33714
  28 18.1863 118 1.14373
  29 19.1863 121 1.01315
  30 20.1863 85 0.793051
19710000 30 3640
  1 -8.81367 86 0.787505
  2 -7.81367 155 1.55884
  3 -6.81367 118 1.09111
  4 -5.81367 121 1.24136
  5 -4.81367 114 1.12082
  6 -3.81367 132 1.31491
  7 -2.81367 140 1.35103
  8 -1.81367 125 1.16562
  9 -0.813671 116 1.20303
  10 0.186329 100 0.92065
  11 1.18633 116 1.16445
  12 2.18633 133 1.3063
  13 3.18633 130 1.29007
  14 4.18633 126 1.18678
  15 5.18633 121 1.16704
  16 6.18633 137 1.26396
  17 7.18633 109 1.0574
  18 8.18633 119 1.01657
  19 9.18633 154 1.63338
  20 10.1863 124 1.20794
  21 11.1863 114 1.23888
  22 12.1863 118 1.07367
  23 13.1863 121 1.19552
  24 14.1863 132 1.38718
  25 15.1863 119 1.13828
  26 16.1863 120 1.14568
  27 17.1863 126 1.37213
  28 18.1863 122 1.2366
  29 19.1863 113 0.939363
  30 20.1863 79 0.766295
19720000 30 3640
  1 -8.81367 89 0.865492
  2 -7.81367 142 1.40021
  3 -6.81367 128 1.18376
  4 -5.81367 128 1.30913
  5 -4.81367 116 1.09426
  6 -3.81367 135 1.3875
  7 -2.81367 139 1.35413
  8 -1.81367 124 1.18618
  9 -0.813671 111 1.15653
  10 0.186329 110 0.96996
  11 1.18633 108 1.10539
  12 2.18633 124 1.14409
  13 3.18633 137 1.30439
  14 4.18633 124 1.27322
  15 5.18633 134 1.27459
  16 6.18633 110 1.06556
  17 7.18633 131 1.17889
  18 8.18633 128 1.11053
  19 9.18633 146 1.63377
  20 10.1863 117 1.11285
  21 11.1863 117 1.2036
  22 12.1863 124 1.1887
  23 13.1863 112 1.0495
  24 14.1863 130 1.44114
  25 15.1863 114 1.09047
  26 16.1863 121 1.18866
  27 17.1863 127 1.30687
  28 18.1863 112 1.14892
  29 19.1863 118 0.968825
  30 20.1863 84 0.828039
19730000 30 3640
  1 -8.81367 94 0.998493
  2 -7.81367 143 1.36463
  3 -6.81367 124 1.14572
  4 -5.81367 113 1.12823
  5 -4.81367 129 1.1915
  6 -3.81367 115 1.24949
  7 -2.81367 145 1.40545
  8 -1.81367 125 1.21363
  9 -0.813671 118 1.15564
  10 0.186329 105 0.942883
  11 1.18633 116 1.10743
  12 2.18633 112 1.02333
  13 3.18633 142 1.45487
  14 4.18633 122 1.25334
  15 5.18633 136 1.26452
  16 6.18633 130 1.21493
  17 7.18633 119 1.05421
  18 8.18633 126 1.17167
  19 9.18633 140 1.43527
  20 10.1863 122 1.25196
  21 11.1863 118 1.22225
  22 12.1863 115 1.05052
  23 13.1863 125 1.24101
  24 14.1863 121 1.17411
  25 15.1863 115 1.16796
  26 16.1863 117 1.13695
  27 17.1863 125 1.35851
  28 18.1863 112 1.13447
  29 19.1863 112 0.90706
  30 20.1863 104 0.92794
19740000 30 3640
  1 -8.81367 127 1.26009
  2 -7.81367 134 1.30519
  3 -6.81367 129 1.31139
  4 -5.81367 115 1.11021
  5 -4.81367 118 1.13293
  6 -3.81367 135 1.4421
  7 -2.81367 123 1.16439
  8 -1.81367 135 1.34912
  9 -0.813671 117 1.11409
  10 0.186329 109 1.0979
  11 1.18633 107 1.08266
  12 2.18633 125 1.0752
  13 3.18633 128 1.41576
  14 4.18633 118 1.13804
  15 5.18633 138 1.30901
  16 6.18633 110 1.06623
  17 7.18633 114 1.0827
  18 8.18633 124 1.11164
  19 9.18633 138 1.41084
  20 10.1863 120 1.1631
  21 11.1863 100 1.11399
  22 12.1863 122 1.19449
  23 13.1863 127 1.21727
  24 14.1863 134 1.45605
  25 15.1863 116 1.07016
  26 16.1863 116 1.29363
  27 17.1863 135 1.3795
  28 18.1863 106 1.10392
  29 19.1863 104 0.886595
  30 20.1863 116 1.06631
19750000 30 3640
  1 -8.81367 106 1.14548
  2 -7.81367 137 1.28314
  3 -6.81367 133 1.26813
  4 -5.81367 121 1.26289
  5 -4.81367 119 1.11919
  6 -3.81367 133 1.32556
  7 -2.81367 133 1.28692
  8 -1.81367 128 1.28177
  9 -0.813671 111 1.05916
  10 0.186329 103 0.990318
  11 1.18633 104 1.05777
  12 2.18633 128 1.24817
  13 3.18633 142 1.34702
  14 4.18633 116 1.19048
  15 5.18633 130 1.25434
  16 6.18633 119 1.06037
  17 7.18633 117 1.12793
  18 8.18633 124 1.208
  19 9.18633 150 1.4359
  20 10.1863 116 1.20304
  21 11.1863 120 1.30798
  22 12.1863 115 1.10788
  23 13.1863 122 1.05552
  24 14.1863 124 1.36441
  25 15.1863 119 1.15673
  26 16.1863 111 1.13154
  27 17.1863 115 1.27056
  28 18.1863 124 1.2681
  29 19.1863 115 0.991537
  30 20.1863 105 0.955196
19760000 30 3640
  1 -8.81367 70 0.711435
  2 -7.81367 158 1.51054
  3 -6.81367 113 1.0491
  4 -5.81367 132 1.34527
  5 -4.81367 110 1.03657
  6 -3.81367 135 1.3603
  7 -2.81367 128 1.24419
  8 -1.81367 134 1.37029
  9 -0.813671 123 1.22789
  10 0.186329 111 0.99665
  11 1.18633 97 1.00541
  12 2.18633 127 1.16551
  13 3.18633 130 1.34161
  14 4.18633 128 1.26914
  15 5.18633 140 1.37541
  16 6.18633 121 1.09911
  17 7.18633 128 1.17428
  18 8.18633 112 0.981626
  19 9.18633 152 1.67665
  20 10.1863 109 1.1053
  21 11.1863 125 1.28399
  22 12.1863 119 1.13294
  23 13.1863 125 1.21662
  24 14.1863 123 1.2955
  25 15.1863 120 1.09914
  26 16.1863 128 1.28527
  27 17.1863 126 1.4116
  28 18.1863 113 1.07166
  29 19.1863 126 1.10172
  30 20.1863 77 0.778989
19770000 30 3640
  1 -8.81367 97 0.935766
  2 -7.81367 145 1.4285
  3 -6.81367 120 1.24131
  4 -5.81367 125 1.17144
  5 -4.81367 111 1.07416
  6 -3.81367 132 1.36727
  7 -2.81367 122 1.1927
  8 -1.81367 137 1.33485
  9 -0.813671 112 1.10548
  10 0.186329 120 1.14787
  11 1.18633 102 1.0256
  12 2.18633 126 1.18903
  13 3.18633 129 1.23016
  14 4.18633 123 1.27375
  15 5.18633 134 1.20649
  16 6.18633 123 1.21517
  17 7.18633 117 1.07425
  18 8.18633 115 1.06801
  19 9.18633 153 1.5919
  20 10.1863 113 1.14026
  21 11.1863 125 1.27998
  22 12.1863 114 1.03308
  23 13.1863 114 1.2064
  24 14.1863 132 1.3225
  25 15.1863 121 1.19269
  26 16.1863 125 1.2226
  27 17.1863 126 1.34244
  28 18.1863 111 1.14649
  29 19.1863 126 1.07432
  30 20.1863 90 0.809732
19780000 30 3640
  1 -8.81367 110 1.09538
  2 -7.81367 136 1.33363
  3 -6.81367 121 1.2007
  4 -5.81367 120 1.11774
  5 -4.81367 124 1.17224
  6 -3.81367 129 1.27272
  7 -2.81367 129 1.31861
  8 -1.81367 130 1.26533
  9 -0.813671 115 1.02974
  10 0.186329 93 0.968883
  11 1.18633 104 0.997483
  12 2.18633 137 1.32614
  13 3.18633 127 1.21441
  14 4.18633 120 1.20211
  15 5.18633 128 1.1303
  16 6.18633 123 1.23174
  17 7.18633 121 1.10289
  18 8.18633 128 1.21457
  19 9.18633 134 1.36324
  20 10.1863 129 1.33106
  21 11.1863 116 1.18457
  22 12.1863 121 1.06081
  23 13.1863 108 1.08181
  24 14.1863 120 1.23423
  25 15.1863 132 1.30754
  26 16.1863 116 1.14001
  27 17.1863 120 1.33227
  28 18.1863 121 1.12521
  29 19.1863 121 1.06199
  30 20.1863 107 1.02465
19790000 30 3640
  1 -8.81367 97 0.949714
  2 -7.81367 135 1.31382
  3 -6.81367 111 1.09837
  4 -5.81367 130 1.28341
  5 -4.81367 124 1.15632
  6 -3.81367 129 1.39037
  7 -2.81367 137 1.39806
  8 -1.81367 125 1.19912
  9 -0.813671 114 1.08838
  10 0.186329 104 0.972483
  11 1.18633 115 1.21177
  12 2.18633 124 1.14254
  13 3.18633 130 1.35152
  14 4.18633 129 1.27216
  15 5.18633 124 1.20664
  16 6.18633 121 1.11731
  17 7.18633 124 1.17147
  18 8.18633 121 1.13492
  19 9.18633 145 1.553
  20 10.1863 122 1.23183
  21 11.1863 124 1.18021
  22 12.1863 108 1.1714
  23 13.1863 122 1.16382
  24 14.1863 124 1.28864
  25 15.1863 125 1.26583
  26 16.1863 108 1.14612
  27 17.1863 132 1.26091
  28 18.1863 121 1.29481
  29 19.1863 117 0.944831
  30 20.1863 98 1.02646
19800000 30 3640
  1 -8.81367 119 1.16724
  2 -7.81367 137 1.35776
  3 -6.81367 108 1.19852
  4 -5.81367 122 1.1191
  5 -4.81367 120 1.08003
  6 -3.81367 138 1.54205
  7 -2.81367 134 1.30979
  8 -1.81367 106 1.05711
  9 -0.813671 118 1.07895
  10 0.186329 104 1.0685
  11 1.18633 107 1.06109
  12 2.18633 126 1.28462
  13 3.18633 130 1.16086
  14 4.18633 131 1.38941
  15 5.18633 119 1.17971
  16 6.18633 121 1.14941
  17 7.18633 134 1.18746
  18 8.18633 115 1.11659
  19 9.18633 140 1.57115
  20 10.1863 133 1.34899
  21 11.1863 120 1.21126
  22 12.1863 110 1.05214
  23 13.1863 116 1.11423
  24 14.1863 127 1.2429
  25 15.1863 111 1.16456
  26 16.1863 117 1.24652
  27 17.1863 129 1.28592
  28 18.1863 112 1.23016
  29 19.1863 123 1.06746
  30 20.1863 113 1.04337
19810000 30 3640
  1 -8.81367 115 1.19139
  2 -7.81367 145 1.40037
  3 -6.81367 128 1.27568
  4 -5.81367 127 1.26052
  5 -4.81367 113 1.04027
  6 -3.81367 132 1.43679
  7 -2.81367 132 1.2807
  8 -1.81367 119 1.20885
  9 -0.813671 109 1.05286
  10 0.186329 108 1.03538
  11 1.18633 102 0.99624
  12 2.18633 124 1.19639
  13 3.18633 137 1.36004
  14 4.18633 117 1.15236
  15 5.18633 124 1.22909
  16 6.18633 127 1.17381
  17 7.18633 112 1.12455
  18 8.18633 126 1.18508
  19 9.18633 131 1.33749
  20 10.1863 136 1.36509
  21 11.1863 108 1.18242
  22 12.1863 117 1.10442
  23 13.1863 111 1.10318
  24 14.1863 143 1.45219
  25 15.1863 115 1.1598
  26 16.1863 123 1.23659
  27 17.1863 126 1.26065
  28 18.1863 110 1.2039
  29 19.1863 115 0.945929
  30 20.1863 108 1.02762
19820000 30 3640
  1 -8.81367 108 1.12686
  2 -7.81367 121 1.14455
  3 -6.81367 127 1.26094
  4 -5.81367 132 1.25218
  5 -4.81367 121 1.21582
  6 -3.81367 127 1.25844
  7 -2.81367 119 1.19828
  8 -1.81367 134 1.29982
  9 -0.813671 112 1.08808
  10 0.186329 104 1.03051
  11 1.18633 102 0.996546
  12 2.18633 133 1.27989
  13 3.18633 135 1.34361
  14 4.18633 122 1.24359
  15 5.18633 128 1.15075
  16 6.18633 121 1.16571
  17 7.18633 121 1.14445
  18 8.18633 125 1.18459
  19 9.18633 152 1.47291
  20 10.1863 118 1.25092
  21 11.1863 115 1.18819
  22 12.1863 113 1.15443
  23 13.1863 123 1.09826
  24 14.1863 115 1.1844
  25 15.1863 127 1.34753
  26 16.1863 116 1.16939
  27 17.1863 128 1.32503
  28 18.1863 118 1.26335
  29 19.1863 119 1.00297
  30 20.1863 104 0.970172
19830000 30 3640
  1 -8.81367 94 0.86445
  2 -7.81367 142 1.44812
  3 -6.81367 119 1.11789
  4 -5.81367 126 1.25376
  5 -4.81367 121 1.12165
  6 -3.81367 148 1.45289
  7 -2.81367 118 1.20197
  8 -1.81367 144 1.31575
  9 -0.813671 105 1.07584
  10 0.186329 103 0.957243
  11 1.18633 113 1.08334
  12 2.18633 131 1.23426
  13 3.18633 135 1.33802
  14 4.18633 122 1.29953
  15 5.18633 135 1.15145
  16 6.18633 123 1.20067
  17 7.18633 113 1.02769
  18 8.18633 126 1.20446
  19 9.18633 141 1.39374
  20 10.1863 119 1.19204
  21 11.1863 121 1.30317
  22 12.1863 123 1.07595
  23 13.1863 117 1.20329
  24 14.1863 130 1.31333
  25 15.1863 118 1.1265
  26 16.1863 122 1.26004
  27 17.1863 114 1.23654
  28 18.1863 110 1.02642
  29 19.1863 117 0.96965
  30 20.1863 90 0.880395
19840000 30 3640
  1 -8.81367 101 0.996137
  2 -7.81367 145 1.36239
  3 -6.81367 116 1.19274
  4 -5.81367 129 1.21756
  5 -4.81367 112 1.05793
  6 -3.81367 139 1.40059
  7 -2.81367 121 1.20518
  8 -1.81367 127 1.19654
  9 -0.813671 114 1.21755
  10 0.186329 113 1.00735
  11 1.18633 106 0.994974
  12 2.18633 126 1.09517
  13 3.18633 137 1.49704
  14 4.18633 123 1.15081
  15 5.18633 141 1.34641
  16 6.18633 123 1.09381
  17 7.18633 110 1.07031
  18 8.18633 122 1.12857
  19 9.18633 138 1.33026
  20 10.1863 122 1.31142
  21 11.1863 117 1.19152
  22 12.1863 121 1.15078
  23 13.1863 124 1.17305
  24 14.1863 123 1.29808
  25 15.1863 115 1.0728
  26 16.1863 106 1.06405
  27 17.1863 138 1.40806
  28 18.1863 116 1.24728
  29 19.1863 125 1.00367
  30 20.1863 90 0.869805
19850000 30 3640
  1 -8.81367 94 0.921081
  2 -7.81367 141 1.41141
  3 -6.81367 111 1.05886
  4 -5.81367 137 1.38141
  5 -4.81367 116 1.03783
  6 -3.81367 126 1.29451
  7 -2.81367 140 1.38283
  8 -1.81367 120 1.09731
  9 -0.813671 121 1.23641
  10 0.186329 94 0.931004
  11 1.18633 107 1.00434
  12 2.18633 134 1.33198
  13 3.18633 132 1.14334
  14 4.18633 128 1.3319
  15 5.18633 138 1.34193
  16 6.18633 119 1.09853
  17 7.18633 126 1.11359
  18 8.18633 114 1.02668
  19 9.18633 146 1.62101
  20 10.1863 125 1.26854
  21 11.1863 115 1.11967
  22 12.1863 108 1.02788
  23 13.1863 124 1.25736
  24 14.1863 125 1.21787
  25 15.1863 123 1.27598
  26 16.1863 122 1.15813
  27 17.1863 118 1.26864
  28 18.1863 126 1.2599
  29 19.1863 124 1.085
  30 20.1863 86 0.759726
19860000 30 3640
  1 -8.81367 71 0.682562
  2 -7.81367 135 1.40996
  3 -6.81367 135 1.28713
  4 -5.81367 120 1.18787
  5 -4.81367 117 1.14032
  6 -3.81367 137 1.33971
  7 -2.81367 131 1.3097
  8 -1.81367 133 1.23816
  9 -0.813671 108 1.22561
  10 0.186329 112 1.01118
  11 1.18633 113 1.11158
  12 2.18633 129 1.19559
  13 3.18633 128 1.28838
  14 4.18633 131 1.32969
  15 5.18633 133 1.31728
  16 6.18633 132 1.23189
  17 7.18633 116 1.04634
  18 8.18633 117 1.03886
  19 9.18633 151 1.69467
  20 10.1863 124 1.24566
  21 11.1863 116 1.22423
  22 12.1863 111 1.00242
  23 13.1863 124 1.28083
  24 14.1863 128 1.30851
  25 15.1863 126 1.21682
  26 16.1863 116 1.15404
  27 17.1863 123 1.33851
  28 18.1863 122 1.1229
  29 19.1863 124 1.11659
  30 20.1863 77 0.743836
19870000 30 3640
  1 -8.81367 114 1.11594
  2 -7.81367 132 1.34754
  3 -6.81367 113 1.14732
  4 -5.81367 131 1.25937
  5 -4.81367 131 1.23428
  6 -3.81367 120 1.33483
  7 -2.81367 128 1.18896
  8 -1.81367 128 1.22286
  9 -0.813671 115 1.12102
  10 0.186329 113 1.10836
  11 1.18633 108 1.17007
  12 2.18633 125 1.10717
  13 3.18633 119 1.19891
  14 4.18633 131 1.36769
  15 5.18633 131 1.20419
  16 6.18633 129 1.21159
  17 7.18633 112 1.05543
  18 8.18633 117 1.07952
  19 9.18633 146 1.61694
  20 10.1863 118 1.10707
  21 11.1863 119 1.34871
  22 12.1863 107 1.01881
  23 13.1863 122 1.19664
  24 14.1863 124 1.17511
  25 15.1863 127 1.40284
  26 16.1863 120 1.11341
  27 17.1863 117 1.27831
  28 18.1863 125 1.25943
  29 19.1863 117 1.0706
  30 20.1863 101 0.919422
19880000 32 3640
  1 -9.81367 7 0.083012
  2 -8.81367 124 1.18398
  3 -7.81367 133 1.30222
  4 -6.81367 110 1.16744
  5 -5.81367 119 1.11212
  6 -4.81367 136 1.3223
  7 -3.81367 128 1.31718
  8 -2.81367 125 1.28699
  9 -1.81367 125 1.19646
  10 -0.813671 120 1.20791
  11 0.186329 105 1.00906
  12 1.18633 111 1.10983
  13 2.18633 136 1.31475
  14 3.18633 118 1.19395
  15 4.18633 122 1.12608
  16 5.18633 140 1.40162
  17 6.18633 108 0.996474
  18 7.18633 127 1.18776
  19 8.18633 111 1.09081
  20 9.18633 142 1.36888
  21 10.1863 125 1.32475
  22 11.1863 106 1.10461
  23 12.1863 119 1.10465
  24 13.1863 121 1.26443
  25 14.1863 121 1.22926
  26 15.1863 119 1.24176
  27 16.1863 120 1.22029
  28 17.1863 116 1.20028
  29 18.1863 117 1.24428
  30 19.1863 121 1.01294
  31 20.1863 102 0.917236
  32 21.1863 6 0.101932
19890000 30 3640
  1 -8.81367 75 0.639872
  2 -7.81367 147 1.50073
  3 -6.81367 122 1.16369
  4 -5.81367 131 1.34051
  5 -4.81367 117 1.01357
  6 -3.81367 124 1.20635
  7 -2.81367 143 1.39322
  8 -1.81367 130 1.24174
  9 -0.813671 115 1.13684
  10 0.186329 109 1.01113
  11 1.18633 114 1.15152
  12 2.18633 128 1.06122
  13 3.18633 132 1.37737
  14 4.18633 124 1.1783
  15 5.18633 128 1.23816
  16 6.18633 139 1.2211
  17 7.18633 120 1.02338
  18 8.18633 121 1.17106
  19 9.18633 143 1.40659
  20 10.1863 128 1.37964
  21 11.1863 114 1.15628
  22 12.1863 127 1.132
  23 13.1863 112 1.10632
  24 14.1863 129 1.33829
  25 15.1863 131 1.1466
  26 16.1863 124 1.23207
  27 17.1863 118 1.29783
  28 18.1863 114 1.05262
  29 19.1863 119 1.00261
  30 20.1863 62 0.565349
19900000 30 3640
  1 -8.81367 111 1.13358
  2 -7.81367 135 1.26316
  3 -6.81367 123 1.19131
  4 -5.81367 130 1.31449
  5 -4.81367 109 1.01648
  6 -3.81367 135 1.36239
  7 -2.81367 126 1.33843
  8 -1.81367 134 1.30573
  9 -0.813671 110 1.06949
  10 0.186329 100 0.956146
  11 1.18633 111 1.13859
  12 2.18633 122 1.15743
  13 3.18633 135 1.39631
  14 4.18633 132 1.26687
  15 5.18633 120 1.16627
  16 6.18633 127 1.20389
  17 7.18633 116 1.00781
  18 8.18633 125 1.19519
  19 9.18633 142 1.48943
  20 10.1863 120 1.28814
  21 11.1863 114 1.1196
  22 12.1863 110 1.12465
  23 13.1863 125 1.16253
  24 14.1863 136 1.41531
  25 15.1863 120 1.17875
  26 16.1863 121 1.24537
  27 17.1863 119 1.26183
  28 18.1863 115 1.19881
  29 19.1863 110 0.975069
  30 20.1863 107 0.99883
19910000 30 3640
  1 -8.81367 88 0.882876
  2 -7.81367 145 1.42963
  3 -6.81367 115 1.14109
  4 -5.81367 126 1.30464
  5 -4.81367 109 1.05799
  6 -3.81367 141 1.36031
  7 -2.81367 119 1.25182
  8 -1.81367 139 1.38532
  9 -0.813671 105 0.979954
  10 0.186329 115 1.13738
  11 1.18633 107 1.14112
  12 2.18633 127 1.0909
  13 3.18633 126 1.26712
  14 4.18633 128 1.37026
  15 5.18633 127 1.2192
  16 6.18633 129 1.25698
  17 7.18633 112 0.981253
  18 8.18633 128 1.2193
  19 9.18633 145 1.44342
  20 10.1863 120 1.27575
  21 11.1863 120 1.26313
  22 12.1863 119 1.18894
  23 13.1863 116 1.17384
  24 14.1863 122 1.26465
  25 15.1863 127 1.19527
  26 16.1863 117 1.28204
  27 17.1863 135 1.33138
  28 18.1863 114 1.1524
  29 19.1863 112 1.03783
  30 20.1863 107 0.898178
19920000 30 3640
  1 -8.81367 105 0.975357
  2 -7.81367 132 1.32452
  3 -6.81367 132 1.25684
  4 -5.81367 131 1.37183
  5 -4.81367 123 1.11548
  6 -3.81367 124 1.27556
  7 -2.81367 125 1.27308
  8 -1.81367 135 1.34187
  9 -0.813671 119 1.14937
  10 0.186329 96 0.948967
  11 1.18633 121 1.18056
  12 2.18633 133 1.20934
  13 3.18633 119 1.19558
  14 4.18633 127 1.39569
  15 5.18633 129 1.07434
  16 6.18633 117 1.16914
  17 7.18633 109 1.01779
  18 8.18633 129 1.24069
  19 9.18633 142 1.30951
  20 10.1863 125 1.34944
  21 11.1863 119 1.26922
  22 12.1863 123 1.11419
  23 13.1863 113 1.16045
  24 14.1863 123 1.24066
  25 15.1863 128 1.33075
  26 16.1863 111 1.09279
  27 17.1863 129 1.35209
  28 18.1863 111 1.19288
  29 19.1863 126 1.03921
  30 20.1863 84 0.798656
19930000 30 3640
  1 -8.81367 94 0.913273
  2 -7.81367 160 1.546
  3 -6.81367 116 1.13287
  4 -5.81367 116 1.18137
  5 -4.81367 114 1.08425
  6 -3.81367 135 1.36113
  7 -2.81367 138 1.40231
  8 -1.81367 119 1.15652
  9 -0.813671 123 1.14425
  10 0.186329 110 1.09424
  11 1.18633 96 0.952003
  12 2.18633 134 1.30021
  13 3.18633 136 1.30759
  14 4.18633 131 1.30628
  15 5.18633 124 1.13175
  16 6.18633 133 1.29011
  17 7.18633 113 1.11544
  18 8.18633 117 1.06691
  19 9.18633 148 1.42361
  20 10.1863 136 1.44217
  21 11.1863 107 1.19386
  22 12.1863 110 1.00198
  23 13.1863 115 1.17649
  24 14.1863 123 1.23914
  25 15.1863 136 1.29254
  26 16.1863 102 1.07286
  27 17.1863 122 1.28394
  28 18.1863 117 1.06934
  29 19.1863 119 1.05686
  30 20.1863 96 0.907095
19940000 30 3640
  1 -8.81367 112 1.09827
  2 -7.81367 134 1.40133
  3 -6.81367 123 1.13344
  4 -5.81367 125 1.28294
  5 -4.81367 118 1.05427
  6 -3.81367 123 1.39235
  7 -2.81367 133 1.29316
  8 -1.81367 136 1.23786
  9 -0.813671 118 1.1548
  10 0.186329 102 1.00271
  11 1.18633 110 1.18124
  12 2.18633 131 1.20388
  13 3.18633 130 1.31841
  14 4.18633 126 1.25044
  15 5.18633 139 1.31705
  16 6.18633 127 1.22776
  17 7.18633 113 1.07308
  18 8.18633 120 1.10584
  19 9.18633 143 1.5133
  20 10.1863 125 1.26169
  21 11.1863 123 1.34077
  22 12.1863 115 1.03289
  23 13.1863 115 1.097
  24 14.1863 127 1.36241
  25 15.1863 110 1.10315
  26 16.1863 125 1.28804
  27 17.1863 117 1.28186
  28 18.1863 113 1.07178
  29 19.1863 112 1.03535
  30 20.1863 95 0.822778
19950000 30 3640
  1 -8.81367 95 1.01421
  2 -7.81367 160 1.56143
  3 -6.81367 106 0.96545
  4 -5.81367 130 1.36587
  5 -4.81367 126 1.20705
  6 -3.81367 127 1.22327
  7 -2.81367 130 1.33719
  8 -1.81367 127 1.22577
  9 -0.813671 120 1.16209
  10 0.186329 113 1.09948
  11 1.18633 108 1.07816
  12 2.18633 135 1.32595
  13 3.18633 131 1.25214
  14 4.18633 124 1.17582
  15 5.18633 132 1.36849
  16 6.18633 119 1.11944
  17 7.18633 123 1.08071
  18 8.18633 118 1.04066
  19 9.18633 143 1.57509
  20 10.1863 128 1.31338
  21 11.1863 109 1.16064
  22 12.1863 112 1.09937
  23 13.1863 122 1.13076
  24 14.1863 123 1.24714
  25 15.1863 122 1.24953
  26 16.1863 127 1.28838
  27 17.1863 109 1.13566
  28 18.1863 111 1.11191
  29 19.1863 120 1.02688
  30 20.1863 90 0.831411
19960000 30 3640
  1 -8.81367 91 0.808061
  2 -7.81367 147 1.49406
  3 -6.81367 124 1.23248
  4 -5.81367 121 1.18639
  5 -4.81367 124 1.17527
  6 -3.81367 129 1.25491
  7 -2.81367 130 1.37687
  8 -1.81367 135 1.29099
  9 -0.813671 108 1.05834
  10 0.186329 108 0.991128
  11 1.18633 111 1.12924
  12 2.18633 135 1.21405
  13 3.18633 126 1.24624
  14 4.18633 126 1.26984
  15 5.18633 125 1.1853
  16 6.18633 128 1.27731
  17 7.18633 118 1.10558
  18 8.18633 121 1.10201
  19 9.18633 145 1.48402
  20 10.1863 131 1.28478
  21 11.1863 123 1.28472
  22 12.1863 108 0.976202
  23 13.1863 124 1.24741
  24 14.1863 127 1.33102
  25 15.1863 123 1.19018
  26 16.1863 113 1.12292
  27 17.1863 123 1.29726
  28 18.1863 113 1.13297
  29 19.1863 122 1.02107
  30 20.1863 81 0.799242
19970000 30 3640
  1 -8.81367 118 1.14416
  2 -7.81367 128 1.29334
  3 -6.81367 117 1.16142
  4 -5.81367 135 1.23367
  5 -4.81367 123 1.19883
  6 -3.81367 124 1.31548
  7 -2.81367 139 1.33192
  8 -1.81367 114 1.11419
  9 -0.813671 125 1.28964
  10 0.186329 99 0.852017
  11 1.18633 111 1.10691
  12 2.18633 117 1.08075
  13 3.18633 132 1.24982
  14 4.18633 123 1.31433
  15 5.18633 137 1.30094
  16 6.18633 126 1.15535
  17 7.18633 119 1.13787
  18 8.18633 123 1.13798
  19 9.18633 140 1.36674
  20 10.1863 119 1.30193
  21 11.1863 112 1.12535
  22 12.1863 119 1.13917
  23 13.1863 114 1.077
  24 14.1863 130 1.37052
  25 15.1863 118 1.12296
  26 16.1863 129 1.27835
  27 17.1863 112 1.21745
  28 18.1863 120 1.22613
  29 19.1863 119 1.04597
  30 20.1863 98 0.839528
19980000 30 3640
  1 -8.81367 113 1.16596
  2 -7.81367 130 1.24693
  3 -6.81367 113 1.15344
  4 -5.81367 138 1.3254
  5 -4.81367 117 1.04758
  6 -3.81367 131 1.40757
  7 -2.81367 123 1.22577
  8 -1.81367 127 1.17841
  9 -0.813671 121 1.22699
  10 0.186329 113 1.10999
  11 1.18633 109 1.03248
  12 2.18633 125 1.13236
  13 3.18633 127 1.32052
  14 4.18633 123 1.24812
  15 5.18633 129 1.20595
  16 6.18633 118 1.14467
  17 7.18633 118 1.01517
  18 8.18633 119 1.05382
  19 9.18633 155 1.71197
  20 10.1863 115 1.10605
  21 11.1863 121 1.31662
  22 12.1863 112 1.02011
  23 13.1863 126 1.19091
  24 14.1863 114 1.21458
  25 15.1863 130 1.26317
  26 16.1863 115 1.17705
  27 17.1863 122 1.28192
  28 18.1863 109 1.13963
  29 19.1863 120 1.02394
  30 20.1863 107 0.939007
19990000 30 3640
  1 -8.81367 90 0.882735
  2 -7.81367 147 1.48711
  3 -6.81367 120 1.17358
  4 -5.81367 129 1.2212
  5 -4.81367 115 1.10337
  6 -3.81367 128 1.31269
  7 -2.81367 134 1.38043
  8 -1.81367 130 1.25501
  9 -0.813671 115 1.10232
  10 0.186329 112 1.14102
  11 1.18633 104 1.02697
  12 2.18633 129 1.20627
  13 3.18633 127 1.24758
  14 4.18633 115 1.17481
  15 5.18633 143 1.39184
  16 6.18633 124 1.14478
  17 7.18633 119 1.10471
  18 8.18633 128 1.1725
  19 9.18633 143 1.53208
  20 10.1863 124 1.22247
  21 11.1863 113 1.28003
  22 12.1863 116 1.02949
  23 13.1863 120 1.20369
  24 14.1863 132 1.33167
  25 15.1863 116 1.13224
  26 16.1863 123 1.24997
  27 17.1863 115 1.23761
  28 18.1863 114 1.15473
  29 19.1863 115 0.984433
  30 20.1863 100 0.935353
20000000 30 3640
  1 -8.81367 109 1.16703
  2 -7.81367 153 1.45681
  3 -6.81367 98 0.983515
  4 -5.81367 142 1.34429
  5 -4.81367 122 1.18952
  6 -3.81367 121 1.28429
  7 -2.81367 128 1.25695
  8 -1.81367 125 1.18326
  9 -0.813671 121 1.14353
  10 0.186329 106 1.081
  11 1.18633 102 1.00365
  12 2.18633 132 1.19219
  13 3.18633 137 1.24326
  14 4.18633 127 1.35049
  15 5.18633 122 1.15224
  16 6.18633 123 1.18203
  17 7.18633 111 1.09468
  18 8.18633 117 1.03616
  19 9.18633 150 1.6276
  20 10.1863 125 1.14219
  21 11.1863 116 1.31792
  22 12.1863 119 1.11095
  23 13.1863 117 1.10729
  24 14.1863 120 1.18457
  25 15.1863 126 1.29436
  26 16.1863 116 1.15206
  27 17.1863 119 1.26075
  28 18.1863 122 1.29807
  29 19.1863 119 0.965068
  30 20.1863 95 0.856284
