# Time-averaged data for fix data_out
# TimeStep c_thermo_temp c_thermo_press v_density v_vol
12000000 311.042 -886.006 1.20738 39340.8
12002000 309.25 455.785 1.18984 39920.8
12004000 319.476 140.028 1.21078 39230.5
12006000 320.571 -1712.46 1.19861 39628.6
12008000 315.672 1708.67 1.20103 39548.7
12010000 316.465 -517.775 1.19768 39659.4
12012000 322.035 -1212.02 1.19255 39829.9
12014000 313.589 -929.857 1.2021 39513.7
12016000 314.479 -383.059 1.19828 39639.5
12018000 306.56 333.912 1.1989 39619
12020000 313.284 2827.43 1.20978 39262.7
12022000 312.549 1421.21 1.19803 39647.9
12024000 317.563 -2591.32 1.21117 39217.6
12026000 316.395 -581.586 1.19855 39630.7
12028000 312.453 1663.8 1.21065 39234.4
12030000 313.742 91.3111 1.19912 39611.8
12032000 315.793 833.728 1.19653 39697.5
12034000 313.148 -1286.65 1.1983 39639
12036000 309.792 -878.163 1.18925 39940.6
12038000 311.265 294.587 1.20005 39581
12040000 316.826 479.199 1.2028 39490.7
12042000 303.887 -1594.56 1.20253 39499.7
12044000 314.962 -189.314 1.20061 39562.5
12046000 314.217 -2884.77 1.20638 39373.3
12048000 314.722 -884.372 1.1977 39658.7
12050000 320.191 -1455.92 1.19003 39914.3
12052000 304.535 -368.036 1.20248 39501.2
12054000 315.79 -920.381 1.18603 40049
12056000 304.563 -1039.48 1.19379 39788.8
12058000 322.42 -89.8193 1.19352 39797.8
12060000 314.637 -18.6323 1.2063 39376
12062000 312.292 1247.08 1.20607 39383.6
12064000 310.043 -1352.72 1.20091 39552.8
12066000 311.55 -27.6532 1.18826 39973.9
12068000 313.446 984.503 1.19527 39739.5
12070000 308.69 551.881 1.19113 39877.7
12072000 311.469 986.714 1.19786 39653.6
12074000 303.959 259.842 1.21349 39142.7
12076000 313.946 -604.514 1.19789 39652.6
12078000 308.406 -808.379 1.20082 39555.6
12080000 309.569 -1182.19 1.19569 39725.5
12082000 304.027 -864.723 1.21019 39249.4
12084000 317.587 -563.301 1.20308 39481.5
12086000 317.13 22.3494 1.19658 39695.8
12088000 317.092 -544.616 1.20353 39466.6
12090000 319.109 550.601 1.2083 39310.8
12092000 310.36 433.221 1.20195 39518.7
12094000 302.975 -0.819844 1.19765 39660.5
12096000 308.687 -674.807 1.19081 39888.2
12098000 309.031 -455.207 1.19807 39646.5
12100000 315.716 -296.163 1.19926 39607.3
12102000 318.484 430.486 1.20556 39400.1
12104000 320.553 3248.57 1.21508 39091.6
12106000 311.803 1564.44 1.19883 39621.6
12108000 306.148 -229.393 1.2073 39343.4
12110000 312.24 1139.92 1.21101 39222.9
12112000 311.823 -1030.51 1.20778 39327.7
12114000 313.1 -2204.86 1.20864 39300
12116000 315.77 1857.45 1.20895 39289.7
12118000 313.314 -307.219 1.20957 39269.6
12120000 302.164 628.288 1.20903 39287.2
12122000 312.998 -308.608 1.2112 39216.8
12124000 317.55 -809.287 1.19434 39770.5
12126000 311.665 647.344 1.19676 39690.1
12128000 320.987 1646.88 1.20671 39362.7
12130000 312.182 -495.202 1.21444 39112.3
12132000 309.606 -631.448 1.20861 39300.8
12134000 312.568 -1649.94 1.2044 39438.3
12136000 316.752 -1732 1.21367 39136.8
12138000 308.471 -2310.53 1.20036 39571.1
12140000 311.363 996.36 1.20543 39404.3
12142000 310.647 -81.9806 1.20304 39482.6
12144000 307.297 -858.06 1.20919 39281.8
12146000 312.563 -359.722 1.20482 39424.6
12148000 306.287 -1143.69 1.20553 39401.1
12150000 312.977 -2263.36 1.19691 39684.8
12152000 312.72 -1259.27 1.20035 39571.1
12154000 310.809 -111.922 1.19794 39650.9
12156000 312.737 -1082.74 1.19445 39766.7
12158000 312.485 -1878.27 1.20829 39311.1
12160000 321.402 713.838 1.20726 39344.9
12162000 305.833 -1078.67 1.19579 39722.2
12164000 313.432 1041.4 1.20602 39385.1
12166000 308.971 -405.532 1.20167 39527.7
12168000 310.039 -564.162 1.20282 39489.9
12170000 314.313 -767.554 1.1993 39605.8
12172000 318.522 307.331 1.19608 39712.4
12174000 316.402 2773.58 1.20911 39284.6
12176000 301.741 -1241.84 1.19248 39832.3
12178000 310.599 -682.793 1.20171 39526.6
12180000 312.495 -2173.85 1.19618 39709.2
12182000 309.285 690.683 1.1997 39592.7
12184000 311.552 -788.971 1.19246 39833.1
12186000 303.134 -926.214 1.19499 39748.7
12188000 319.534 -870.612 1.20676 39360.9
12190000 322.67 2068.97 1.20494 39420.5
12192000 317.486 90.8664 1.202 39516.8
12194000 310.81 -2110.05 1.2017 39526.6
12196000 314.234 2327.23 1.21059 39236.6
12198000 309.865 -1723.78 1.20483 39424
12200000 309.613 -754.865 1.20556 39400.4
12202000 315.263 12.3364 1.20252 39500
12204000 321.63 -782.528 1.21697 39030.9
12206000 313.171 1617.89 1.19893 39618.2
12208000 316.997 1882.91 1.20226 39508.2
12210000 311.636 305.294 1.1987 39625.8
12212000 319.34 -2547.67 1.20306 39482.2
12214000 311.805 470.62 1.20857 39302.2
12216000 314.986 -988.35 1.20058 39563.6
12218000 311.083 -1038.3 1.19692 39684.6
12220000 316.814 -440.844 1.19748 39666.2
12222000 308.629 2203.87 1.19941 39602.2
12224000 316.001 -1030.98 1.19592 39717.9
12226000 314.884 890.731 1.20143 39535.6
12228000 315.101 748.844 1.20448 39435.5
12230000 317.276 1576.85 1.20518 39412.5
12232000 311.819 893.298 1.19531 39738.2
12234000 318.185 1102.13 1.20873 39296.9
12236000 313.189 1567.3 1.21886 38970.2
12238000 315.452 794.254 1.20374 39459.7
12240000 312.709 -2240 1.20558 39399.4
12242000 311.974 1513.01 1.21014 39251.1
12244000 313.671 -2009.3 1.21782 39003.4
12246000 321.379 -562.507 1.20399 39451.6
12248000 308.073 -624.37 1.20748 39337.6
12250000 312.672 -140.001 1.19851 39632
12252000 325.35 728.075 1.20318 39478.1
12254000 314.345 -86.437 1.20296 39485.3
12256000 307.282 1086.04 1.20466 39429.8
12258000 308.132 223.85 1.19692 39684.7
12260000 310.622 969.184 1.19954 39598
12262000 307.243 -2831.02 1.19904 39614.4
12264000 311.704 305.754 1.20325 39476
12266000 318.464 781.028 1.19634 39703.9
12268000 313.663 -524.204 1.19652 39698
12270000 308.474 -10.7258 1.20749 39337.3
12272000 310.338 742.012 1.19857 39630
12274000 309.347 1521.74 1.19752 39664.6
12276000 319.462 684.334 1.20235 39505.4
12278000 305.765 -2498.83 1.19589 39718.7
12280000 308.037 -314.501 1.20637 39373.9
12282000 316.034 2229.43 1.20717 39347.8
12284000 309.54 -809.67 1.19667 39693.1
12286000 317.135 -1522.34 1.20704 39351.9
12288000 309.722 451.15 1.20056 39564.5
12290000 317.301 769.25 1.20206 39514.8
12292000 310.096 -1266.68 1.20503 39417.7
12294000 315.661 91.1463 1.20373 39460.2
12296000 308.36 -448.227 1.20331 39473.8
12298000 317.658 -31.5314 1.20857 39302.1
12300000 309.281 -1454.82 1.18932 39938.1
12302000 314.613 122.06 1.19603 39714
12304000 315.186 591.772 1.20751 39336.7
12306000 306.186 -2783.29 1.20812 39316.6
12308000 316.784 3789.28 1.21437 39114.4
12310000 314.659 826.024 1.19919 39609.4
12312000 315.207 1280.05 1.18814 39977.8
12314000 310.886 1371.42 1.20064 39561.7
12316000 308.683 76.0302 1.19918 39609.9
12318000 310.913 -395.783 1.19978 39590.1
12320000 325.712 -885.674 1.20229 39507.4
12322000 309.131 183.617 1.20093 39552.2
12324000 313.263 -398.67 1.20364 39463.1
12326000 318.348 1945.62 1.20297 39485.1
12328000 312.066 -344.221 1.2041 39448.1
12330000 322.971 961.695 1.19346 39799.8
12332000 313.912 -887.352 1.19802 39648.4
12334000 316.406 1078.66 1.20412 39447.3
12336000 306.242 -129.865 1.20128 39540.5
12338000 311.15 -2642.3 1.18991 39918.5
12340000 316.944 -4217.91 1.20045 39567.8
12342000 315.533 -514.265 1.19635 39703.6
12344000 310.357 152.69 1.19829 39639.2
12346000 316.995 618.74 1.20011 39579.3
12348000 315.965 -389.165 1.20354 39466.4
12350000 316.899 -272.321 1.19922 39608.5
12352000 309.797 -507.983 1.20036 39571
12354000 317.02 -610.349 1.20338 39471.6
12356000 306.571 -1939.53 1.20942 39274.4
12358000 311.188 1657.72 1.20334 39472.8
12360000 306.328 -806.314 1.19854 39631.1
12362000 312.325 -2977.99 1.21282 39164.3
12364000 312.84 -72.1194 1.20123 39542.4
12366000 319.624 -1098.03 1.21783 39003.1
12368000 313.089 2414.32 1.2017 39526.9
12370000 310.919 -770.587 1.20117 39544.1
12372000 310.422 3593.17 1.20938 39275.8
12374000 311.839 -1163.66 1.20176 39524.8
12376000 309.834 -555.833 1.20532 39408
12378000 314.311 1082.06 1.20213 39512.6
12380000 316.146 -1936.54 1.19521 39741.4
12382000 310.995 -1231.26 1.19761 39661.8
12384000 307.89 -226.357 1.21118 39217.5
12386000 318.609 129.075 1.20387 39455.7
12388000 304.436 994.087 1.2 39582.8
12390000 315.56 -201.579 1.1991 39612.4
12392000 312.368 998.3 1.20253 39499.6
12394000 314.637 -254.146 1.19726 39673.4
12396000 301.75 1012.97 1.20006 39580.9
12398000 320.959 -2263.18 1.2106 39236.1
12400000 311.364 1330.32 1.2089 39291.3
12402000 311.999 -493.431 1.19762 39661.3
12404000 311.156 -1732.77 1.20924 39280.5
12406000 312.912 844.376 1.20795 39322.4
12408000 314.33 967.138 1.21167 39201.6
12410000 315.887 -251.811 1.20275 39492.4
12412000 310.666 -1060.31 1.20379 39458.1
12414000 316.984 1032.67 1.19813 39644.5
12416000 316.528 897.957 1.19858 39629.7
12418000 317.516 214.245 1.20141 39536.3
12420000 314.085 569.838 1.19858 39629.8
12422000 310.453 1432.49 1.19958 39596.7
12424000 307.104 1001.56 1.20477 39426
12426000 315.442 473.661 1.20694 39355.2
12428000 304.662 74.5773 1.20813 39316.5
12430000 306.776 -613.039 1.20409 39448.3
12432000 311.551 1156.97 1.21026 39247.2
12434000 311.122 771.048 1.19987 39587
12436000 315.374 872.752 1.20724 39345.5
12438000 308.156 -823.19 1.19764 39660.8
12440000 318.815 -425.823 1.20067 39560.8
12442000 318.395 259.862 1.20427 39442.5
12444000 306.142 -976.221 1.20896 39289.4
12446000 315.945 477.789 1.20561 39398.6
12448000 314.882 2259.99 1.20364 39463.1
12450000 309.352 -544.414 1.19829 39639.3
12452000 318.47 2171.47 1.20353 39466.7
12454000 314.419 1318.91 1.2046 39431.5
12456000 315.54 707.005 1.21462 39106.4
12458000 315.751 -1523.17 1.21517 39088.5
12460000 311.594 -1038.71 1.21161 39203.4
12462000 308.656 2132.13 1.20411 39447.8
12464000 313.245 210.484 1.20294 39485.9
12466000 313.268 -2116.49 1.18819 39976.2
12468000 310.686 -1679.14 1.2024 39503.7
12470000 311.498 -454.769 1.20369 39461.6
12472000 318.343 1508.6 1.20817 39315.1
12474000 313.754 259.003 1.20524 39410.6
12476000 314.303 498.191 1.19888 39619.7
12478000 314.453 1319.19 1.21163 39202.8
12480000 317.418 -621.972 1.20197 39517.8
12482000 312.319 -927.635 1.2117 39200.6
12484000 314.094 -365.262 1.19521 39741.5
12486000 315.857 -437.259 1.20736 39341.5
12488000 316.004 453.851 1.20814 39316
12490000 305.716 -878.951 1.20826 39312
12492000 313.311 1740.17 1.20711 39349.7
12494000 313.559 241.155 1.20039 39569.8
12496000 316.699 107.038 1.20663 39365.3
12498000 308.954 -792.953 1.20684 39358.3
12500000 314.94 -1276.82 1.21036 39243.9
12502000 314.343 -55.7332 1.19847 39633.4
12504000 310.905 1113.65 1.20776 39328.6
12506000 324.526 -199.855 1.20187 39521.2
12508000 310.746 -802.976 1.20208 39514.2
12510000 325.068 39.3004 1.21535 39083
12512000 311.101 1269.14 1.20205 39515.2
12514000 317.997 -114.806 1.20214 39512.2
12516000 306.79 -2122.72 1.20809 39317.7
12518000 319.782 -654.759 1.20113 39545.4
12520000 304.504 985.921 1.21093 39225.5
12522000 309.733 -384.418 1.21331 39148.6
12524000 312.016 3.3879 1.20087 39554.1
12526000 316.814 31.8163 1.2186 38978.7
12528000 311.843 -396.853 1.20611 39382.2
12530000 305.74 -1384.37 1.2034 39470.9
12532000 305.629 -270.592 1.20546 39403.4
12534000 318.794 -1047.7 1.19194 39850.3
12536000 313.214 2680.66 1.19705 39680.2
12538000 312.52 1808.17 1.19277 39822.6
12540000 316.332 60.9406 1.19262 39827.6
12542000 320.908 834.866 1.19828 39639.7
12544000 319.436 934.647 1.20107 39547.6
12546000 317.644 1665.72 1.19932 39605.4
12548000 304.064 449.938 1.21056 39237.6
12550000 318.353 -189.149 1.20891 39291.1
12552000 308.089 1496.49 1.20433 39440.6
12554000 312.586 -651.646 1.19742 39668
12556000 313.683 -2363.01 1.19064 39894.1
12558000 310.045 -306.706 1.19666 39693.2
12560000 311.878 -1456.39 1.19464 39760.3
12562000 317.741 1300.72 1.19365 39793.3
12564000 313.282 -800.373 1.19993 39585
12566000 311.203 -416.431 1.20147 39534.5
12568000 321.739 179.668 1.19675 39690.2
12570000 310.193 -1216.94 1.20248 39501.2
12572000 309.974 -291.495 1.1942 39775
12574000 317.483 631.194 1.20227 39507.9
12576000 324.539 -116.139 1.20512 39414.5
12578000 311.561 -782.385 1.20487 39422.7
12580000 308.303 532.891 1.20446 39436.2
12582000 314.458 -136.954 1.21028 39246.6
12584000 313.723 856.916 1.20696 39354.4
12586000 310.926 -661.839 1.20388 39455.2
12588000 310.021 1428.56 1.20879 39295
12590000 315.179 -985.417 1.20016 39577.5
12592000 310.275 -97.1721 1.20434 39440.3
12594000 310.762 -121.034 1.20634 39374.8
12596000 314.564 998.333 1.21492 39096.6
12598000 309.204 278.145 1.22036 38922.5
12600000 309.26 -18.7057 1.20861 39300.7
12602000 310.294 832.241 1.20992 39258.2
12604000 313.748 -428.144 1.20506 39416.6
12606000 311.609 2304.8 1.2004 39569.5
12608000 312.393 1230.51 1.21823 38990.3
12610000 319.543 -1047.91 1.20551 39402
12612000 315.835 924.149 1.20701 39352.8
12614000 309.465 2823.74 1.20861 39300.7
12616000 303.417 303.749 1.21273 39167.3
12618000 305.756 -760.788 1.20904 39286.8
12620000 312.229 -1046.46 1.21346 39143.7
12622000 316.32 -965.358 1.20531 39408.4
12624000 307.132 929.826 1.20545 39403.7
12626000 315.69 1374.66 1.21834 38986.8
12628000 313.197 148.538 1.19849 39632.6
12630000 315.579 1236.88 1.20111 39546.2
12632000 307.639 -1523.26 1.20023 39575.2
12634000 312.374 -1708.46 1.20572 39395
12636000 301.113 -1090.28 1.20596 39387.1
12638000 312.087 2344.66 1.19875 39624.2
12640000 316.183 191.075 1.20514 39414
12642000 304.62 1453.75 1.20041 39569.4
12644000 314.814 -724.468 1.20958 39269.4
12646000 316.065 -287.421 1.193 39815
12648000 312.589 -62.2936 1.19704 39680.5
12650000 316.776 1737.44 1.20467 39429.5
12652000 315.193 -768.973 1.20122 39542.6
12654000 310.008 151.481 1.20379 39458.1
12656000 310.107 1627.04 1.21327 39150
12658000 313.006 -2541.69 1.19915 39610.7
12660000 317.412 -603.72 1.19621 39708.1
12662000 311.037 881.79 1.19549 39732.1
12664000 313.508 -593.445 1.19475 39756.6
12666000 314.281 -252.574 1.21157 39204.7
12668000 306.932 -880.699 1.20939 39275.4
12670000 312.439 574.792 1.20063 39562.1
12672000 316.433 -15.8851 1.19904 39614.6
12674000 308.288 -1130.09 1.19881 39621.9
12676000 304.981 399.279 1.20149 39533.8
12678000 314.159 335.097 1.21119 39217.2
12680000 316.009 -1480.59 1.20564 39397.5
12682000 314.971 1441.11 1.20391 39454.3
12684000 314.887 1035.25 1.20687 39357.6
12686000 312.522 707.139 1.19969 39593.1
12688000 311.17 161.334 1.20579 39392.6
12690000 311.416 310.153 1.20919 39282.1
12692000 311.966 2159.1 1.20879 39294.9
12694000 319.152 -596.435 1.22086 38906.5
12696000 310.555 -156.183 1.19878 39623.1
12698000 316.559 -1379.35 1.20533 39407.8
12700000 312.822 -812.936 1.2083 39310.9
12702000 308.847 2364.66 1.20751 39336.6
12704000 317.921 -1343.34 1.20027 39574
12706000 310.893 -84.0301 1.1976 39662
12708000 308.912 425.052 1.2214 38889.3
12710000 311.955 300.691 1.20616 39380.7
12712000 310.25 -131.493 1.2039 39454.4
12714000 303.878 1640.33 1.20401 39450.8
12716000 307.398 354.793 1.21928 38956.9
12718000 313.735 -501.487 1.20433 39440.5
12720000 314.88 -1546.03 1.19644 39700.7
12722000 324.418 183.523 1.20293 39486.3
12724000 309.1 72.7091 1.20528 39409.5
12726000 317.165 892.852 1.20618 39379.8
12728000 318.016 -611.374 1.20566 39396.9
12730000 310.907 553.591 1.19958 39596.5
12732000 312.571 463.126 1.20489 39422.2
12734000 308.746 -1401.03 1.20201 39516.7
12736000 316.429 -506.419 1.19398 39782.5
12738000 312.84 953.029 1.20371 39460.7
12740000 318.679 1944.31 1.20221 39510
12742000 312.776 337.146 1.20379 39458.2
12744000 310.3 -651.039 1.20324 39476.4
12746000 316.022 -237.804 1.1972 39675.2
12748000 306.932 -959.696 1.19695 39683.5
12750000 317.08 458.845 1.20651 39369.2
12752000 317.463 486.739 1.2028 39490.6
12754000 309.592 -557.727 1.20429 39441.6
12756000 312.019 -584.558 1.19039 39902.4
12758000 314.481 -1260.05 1.19272 39824.5
12760000 307.601 1984.77 1.20129 39540.2
12762000 321.702 902.972 1.20255 39498.8
12764000 314.098 221.858 1.18606 40048
12766000 310.427 -1064.77 1.18923 39941.3
12768000 313.38 475.346 1.2043 39441.4
12770000 312.877 163.965 1.19985 39587.9
12772000 314.809 581.729 1.18391 40120.6
12774000 314.58 -473.2 1.20514 39414
12776000 314.15 1462.89 1.20557 39399.7
12778000 305.66 1253.55 1.20304 39482.9
12780000 313.155 1698.05 1.20417 39445.8
12782000 316.392 1253.55 1.20069 39560
12784000 313.969 -3117.37 1.1947 39758.4
12786000 312.828 -435.618 1.19679 39689
12788000 310.477 -128.779 1.19914 39611
12790000 316.758 -1029.86 1.20755 39335.4
12792000 315.014 -2224.85 1.20041 39569.2
12794000 310.576 349.658 1.20293 39486.4
12796000 313.581 -1620.02 1.20408 39448.5
12798000 310.029 -2850.98 1.20286 39488.8
12800000 320.849 -705.021 1.19325 39806.7
12802000 315.094 132.561 1.19656 39696.7
12804000 319.089 -350.579 1.19936 39604
12806000 307.369 291.38 1.20357 39465.3
12808000 307.174 939.21 1.19666 39693.4
12810000 311.515 -428.756 1.19223 39840.9
12812000 315.587 694.865 1.18771 39992.5
12814000 314.844 229.842 1.20105 39548.2
12816000 321.995 -308.529 1.21578 39069.1
12818000 314.636 612.548 1.19776 39656.9
12820000 311.392 -892.28 1.20547 39403.2
12822000 311.711 639.859 1.20808 39318.1
12824000 314.806 1637.34 1.20751 39336.7
12826000 313.718 741.306 1.20831 39310.6
12828000 305.366 -668.537 1.20872 39297.2
12830000 309.39 -2688.25 1.20613 39381.5
12832000 313.014 145.142 1.20636 39374
12834000 320.56 -316.537 1.20665 39364.7
12836000 305.01 -946.934 1.20132 39539.2
12838000 317.601 580.759 1.19722 39674.5
12840000 323.026 347.077 1.20641 39372.4
12842000 315.183 -1083.75 1.19933 39604.8
12844000 315.675 592.233 1.19544 39733.8
12846000 315.803 -371.192 1.1894 39935.4
12848000 314.637 2354.88 1.19546 39733
12850000 313.618 -390.764 1.20938 39275.9
12852000 311.049 555.195 1.19677 39689.7
12854000 309.679 -1802.97 1.19928 39606.4
12856000 307.446 -2383.44 1.19125 39873.6
12858000 315.347 1307.72 1.20362 39463.8
12860000 313.428 -669.579 1.19524 39740.6
12862000 304.342 1567.57 1.19348 39799
12864000 315.908 -1115.49 1.1946 39761.8
12866000 313.762 -537.369 1.20545 39403.7
12868000 320.013 98.4222 1.19935 39604.2
12870000 314.277 -2680.6 1.19629 39705.7
12872000 311.181 -88.2824 1.20468 39429.2
12874000 309.857 -1526.87 1.19289 39818.6
12876000 312.017 1081.39 1.19855 39630.8
12878000 307.013 374.134 1.19512 39744.2
12880000 309.847 -1738.26 1.19872 39625
12882000 316.83 2347.27 1.2031 39480.9
12884000 313.131 944.513 1.22029 38924.8
12886000 316.863 2553.39 1.19758 39662.7
12888000 313.408 -326.796 1.20714 39348.7
12890000 320.826 444.164 1.20555 39400.5
12892000 312.593 1813.53 1.21029 39246.2
12894000 312.495 -3246.17 1.20351 39467.5
12896000 314.416 -313.473 1.21159 39204
12898000 307.455 -912.981 1.19742 39668.2
12900000 300.491 440.973 1.1989 39619.2
12902000 317.665 1099.78 1.21148 39207.7
12904000 325.874 -646.822 1.19475 39756.7
12906000 311.488 -2132.26 1.19765 39660.3
12908000 316.426 250.307 1.18253 40167.5
12910000 306.787 -1436.03 1.20456 39433
12912000 318.627 263.066 1.21756 39011.9
12914000 310.73 386.012 1.19236 39836.3
12916000 313.367 -831.716 1.20621 39378.9
12918000 312.037 3371.65 1.20482 39424.6
12920000 316.688 2039.96 1.20565 39397.4
12922000 316.432 238.898 1.19858 39629.6
12924000 304.679 2324.16 1.21324 39151
12926000 317.186 -443.702 1.21128 39214.1
12928000 318.526 -1165.28 1.20835 39309.3
12930000 320.816 883.026 1.21117 39217.8
12932000 317.645 -1192.73 1.20568 39396.4
12934000 313.185 962.683 1.19604 39713.7
12936000 318.219 845.633 1.201 39549.8
12938000 313.126 -1598.11 1.20626 39377.5
12940000 314.012 75.7278 1.19014 39910.6
12942000 311.256 65.8835 1.19274 39823.9
12944000 310.897 -677.915 1.19681 39688.2
12946000 316.867 -3.25431 1.19198 39849.2
12948000 316.675 -666.744 1.19838 39636.2
12950000 314.537 859.228 1.20085 39554.7
12952000 318.157 3603.4 1.20738 39340.7
12954000 305.531 3792.91 1.19882 39621.6
12956000 318.683 1044.79 1.19436 39769.6
12958000 309.986 586.05 1.19647 39699.7
12960000 319.834 738.581 1.19927 39606.9
12962000 318.892 175.553 1.19286 39819.6
12964000 311.45 1162.81 1.18376 40125.7
12966000 316.653 -732.619 1.20002 39582.2
12968000 312.276 -1523.11 1.19566 39726.3
12970000 318.079 1169.27 1.19828 39639.5
12972000 312.753 2607.52 1.19889 39619.5
12974000 316.528 -1148.75 1.19197 39849.3
12976000 316.498 -2157.79 1.18756 39997.4
12978000 312.936 2394.31 1.20013 39578.5
12980000 307.345 254.089 1.18634 40038.7
12982000 316.597 1399.9 1.18011 40249.9
12984000 309.157 2061.7 1.20111 39546
12986000 315.415 2923.29 1.19105 39880.1
12988000 314.206 952.684 1.18935 39937.1
12990000 312.949 399.428 1.2003 39572.8
12992000 319.246 -1873.3 1.19859 39629.5
12994000 307.763 -2395.1 1.20235 39505.6
12996000 316.261 -1310.87 1.21087 39227.5
12998000 309.284 -52.3662 1.20603 39384.8
13000000 312.778 -34.9375 1.19256 39829.8
13002000 308.844 557.679 1.20024 39575
13004000 308.803 -2242.18 1.20315 39479.2
13006000 311.676 2208.55 1.20112 39545.8
13008000 318.21 -1982.37 1.19899 39616
13010000 312.403 -1824.52 1.19765 39660.4
13012000 315.359 1725.53 1.18974 39924.2
13014000 301.932 1059.3 1.20845 39305.9
13016000 305.378 -636.184 1.19012 39911.3
13018000 315.281 289.712 1.19841 39635.4
13020000 321.87 -656.84 1.19399 39782.2
13022000 307.995 -1708.53 1.19207 39846.2
13024000 318.093 -624.488 1.20243 39502.8
13026000 315.705 -78.3902 1.20461 39431.2
13028000 317.111 -775.576 1.19783 39654.5
13030000 315.058 1346.29 1.19481 39754.9
13032000 307.818 164.39 1.19515 39743.3
13034000 312.218 -844.821 1.1998 39589.5
13036000 312.87 476.064 1.20276 39492
13038000 315.626 -3849.78 1.19649 39698.9
13040000 303.889 1030.74 1.20097 39550.7
13042000 311.626 708.694 1.19461 39761.3
13044000 310.995 398.189 1.21555 39076.4
13046000 313.486 534.686 1.20044 39568.2
13048000 311.627 -439.082 1.19323 39807.4
13050000 318.342 282.542 1.2022 39510.3
13052000 306.248 357.878 1.20463 39430.6
13054000 309.674 214.089 1.19976 39590.8
13056000 314.49 471.094 1.20349 39468
13058000 311.138 2147.57 1.19872 39625.1
13060000 316.735 381.313 1.21015 39250.8
13062000 313.27 -171.695 1.20701 39353
13064000 312.899 569.201 1.19998 39583.4
13066000 317.59 796.206 1.19999 39583
13068000 315.937 820.39 1.1951 39745
13070000 310.008 -606.016 1.20615 39381.1
13072000 318.337 -518.561 1.20137 39537.8
13074000 303.583 266.698 1.20679 39360.2
13076000 313.65 -795.224 1.20902 39287.3
13078000 310.225 -707.65 1.19725 39673.6
13080000 310.652 584.419 1.20857 39302.2
13082000 317.763 2494.01 1.19548 39732.5
13084000 309.575 -315.934 1.1986 39628.9
13086000 318.535 207.516 1.19779 39655.9
13088000 308.827 -1348.98 1.20555 39400.6
13090000 318.773 1040.56 1.20047 39567.3
13092000 310.323 2049.64 1.19904 39614.5
13094000 315.273 -542.902 1.20062 39562.2
13096000 310.977 315.885 1.19765 39660.6
13098000 313.129 -82.4599 1.19787 39653.1
13100000 313.766 1817.44 1.21214 39186.4
13102000 313.617 -512.725 1.19887 39620.3
13104000 311.627 -1367.83 1.20609 39382.9
13106000 315.031 2062.87 1.2138 39132.8
13108000 303.135 -1060.24 1.20146 39534.7
13110000 312.474 -1021.8 1.20089 39553.3
13112000 307.084 748.55 1.20782 39326.4
13114000 318.982 -1119.18 1.21039 39243
13116000 315.4 -1199.99 1.21047 39240.4
13118000 314.585 -636.671 1.19618 39709.2
13120000 311.972 -625.93 1.19727 39673.1
13122000 313.688 554.958 1.20636 39374
13124000 310.4 173.108 1.20584 39391.2
13126000 307.281 -907.759 1.20509 39415.4
13128000 311.221 102.452 1.20908 39285.5
13130000 312.624 2766.08 1.21245 39176.4
13132000 309.491 1044.01 1.19812 39645
13134000 312.082 -1293.17 1.20949 39272.2
13136000 313.138 -317.989 1.20648 39370.1
13138000 312.824 1042.89 1.19789 39652.3
13140000 315.294 1183.89 1.20205 39515.3
13142000 322.49 -549.334 1.20204 39515.6
13144000 311.675 -2224.68 1.20109 39546.7
13146000 311.75 616.958 1.20166 39528
13148000 318.223 -310.201 1.20452 39434.3
13150000 307.762 -925.267 1.20473 39427.4
13152000 309.203 2168.78 1.20518 39412.6
13154000 310.85 2496.12 1.20019 39576.6
13156000 308.972 705.906 1.20096 39551.1
13158000 308.959 -537.962 1.19578 39722.5
13160000 318.305 -168.401 1.19349 39798.6
13162000 311.927 148.691 1.1984 39635.6
13164000 313.062 -797.933 1.20755 39335.2
13166000 311.074 2979.5 1.20639 39373.1
13168000 318.706 -924.107 1.1999 39586.2
13170000 313.878 -2514.19 1.20148 39533.9
13172000 310.636 -151.401 1.20742 39339.4
13174000 312.887 1790.21 1.20493 39421
13176000 318.941 2831.79 1.20043 39568.5
13178000 318.142 -2533.65 1.20454 39433.7
13180000 313.757 -231.613 1.20003 39581.9
13182000 313.341 -868.725 1.20543 39404.4
13184000 322.627 -942.045 1.20716 39347.9
13186000 312.616 1572.83 1.1998 39589.2
13188000 315.125 1116.26 1.1994 39602.6
13190000 309.168 -851.385 1.20714 39348.6
13192000 311.275 -1201.28 1.20262 39496.7
13194000 314.042 -1392.31 1.19873 39624.7
13196000 312.915 38.2838 1.20667 39363.9
13198000 306.164 -624.207 1.20639 39373.1
13200000 316.85 1896.77 1.20395 39452.9
13202000 314.697 363.656 1.21189 39194.5
13204000 308.112 1829.01 1.21079 39230
13206000 317.179 -1848.83 1.2041 39448.1
13208000 318.24 -483.607 1.19854 39631
13210000 310.203 1505.07 1.1981 39645.4
13212000 311.746 533.608 1.20107 39547.5
13214000 316.972 333.506 1.19721 39674.9
13216000 317.074 1224.75 1.20407 39448.9
13218000 316.782 -996.758 1.19304 39813.6
13220000 314.756 -1107.73 1.20195 39518.4
13222000 313.515 -1385.05 1.19799 39649.2
13224000 313.237 1135.37 1.21067 39233.8
13226000 313.849 2221.51 1.20517 39413
13228000 319.039 -201.208 1.20134 39538.6
13230000 311.064 302.813 1.21095 39224.9
13232000 319.218 -634.566 1.20415 39446.5
13234000 315.51 1077.31 1.19597 39716.2
13236000 311.246 543.301 1.20378 39458.5
13238000 312.627 169.01 1.20959 39269
13240000 308.016 1843.68 1.1966 39695.3
13242000 321.719 -1083.13 1.19204 39847.2
13244000 315.36 -445.212 1.21194 39192.7
13246000 310.541 894.494 1.20741 39340
13248000 312.143 1608.08 1.20133 39538.9
13250000 316.631 -431.987 1.19849 39632.6
13252000 311.729 1797.38 1.20163 39529.1
13254000 318.255 -74.9881 1.20014 39578.1
13256000 313.717 1695.29 1.19251 39831.5
13258000 314.876 -161.047 1.19798 39649.6
13260000 316.23 1148.91 1.21 39255.6
13262000 309.723 276.269 1.19989 39586.4
13264000 313.813 1227.57 1.20732 39342.7
13266000 316.661 -1589.62 1.19778 39656.1
13268000 315.355 -288.171 1.20411 39447.7
13270000 315.984 -1685.49 1.20862 39300.6
13272000 319.79 523.49 1.22042 38920.5
13274000 315.007 1147.45 1.21308 39156
13276000 314.419 1795.2 1.20919 39281.9
13278000 312.109 1834.09 1.20431 39441.2
13280000 317.816 4239.43 1.21844 38983.7
13282000 311.371 545.835 1.20678 39360.3
13284000 314.599 -63.4761 1.20308 39481.3
13286000 304.094 -84.5889 1.20732 39342.7
13288000 310.95 864.56 1.19497 39749.3
13290000 315.382 -1822.27 1.19945 39601.1
13292000 312.614 -781.715 1.19641 39701.6
13294000 314.054 271.843 1.20331 39473.8
13296000 313.595 2467.24 1.20157 39531.1
13298000 314.737 -2367.77 1.20033 39572
13300000 308.957 946.248 1.20942 39274.6
13302000 308.816 2370.56 1.20913 39284
13304000 310.273 -887.854 1.20166 39528
13306000 315.046 -2461.86 1.19856 39630.4
13308000 313.517 -2404.7 1.19145 39866.9
13310000 304.174 -2104.35 1.19262 39827.6
13312000 308.624 518.861 1.20437 39439.1
13314000 307.554 334.387 1.20999 39255.9
13316000 311.482 -633.253 1.20253 39499.5
13318000 309.411 -361.099 1.19171 39858.3
13320000 319.012 -2091.64 1.19282 39821.1
13322000 315.774 18.6533 1.19829 39639.4
13324000 303.706 1577.32 1.20677 39360.8
13326000 312.634 -574.301 1.20151 39533.2
13328000 317.531 824.291 1.20326 39475.7
13330000 309.408 466.306 1.20924 39280.3
13332000 315.82 925.88 1.20807 39318.2
13334000 313.596 1101.08 1.19952 39598.7
13336000 311.46 1631.71 1.20248 39501.2
13338000 316.3 313.249 1.1885 39965.7
13340000 318.425 243.114 1.20431 39441.3
13342000 300.831 -540.045 1.21011 39252.1
13344000 307.867 2933.41 1.20871 39297.6
13346000 308.511 -1854.23 1.20291 39487
13348000 320.909 -2795 1.20135 39538.3
13350000 318.313 2248.33 1.19825 39640.6
13352000 310.34 -436.214 1.19748 39666.1
13354000 313.33 532.303 1.20668 39363.7
13356000 313.292 1908.07 1.19669 39692.4
13358000 313.237 -1906.92 1.20189 39520.5
13360000 317.331 -1863.39 1.1928 39821.7
13362000 315.379 2246.52 1.20397 39452.1
13364000 313.634 -2099.3 1.20753 39336
13366000 317.02 394.943 1.19327 39805.9
13368000 312.508 -647.736 1.20331 39473.8
13370000 308.72 1574.34 1.20307 39481.9
13372000 315.015 -2506.45 1.20042 39568.9
13374000 314.111 502.891 1.20129 39540.4
13376000 315.845 1725.79 1.19866 39627
13378000 317.275 1372.31 1.19884 39621.1
13380000 316.9 408.222 1.19713 39677.8
13382000 314.942 843.228 1.20024 39574.7
13384000 311.651 -60.9894 1.19777 39656.4
13386000 316.711 -1114.28 1.19465 39759.9
13388000 317.885 597.885 1.20967 39266.5
13390000 312.243 -547.473 1.191 39882
13392000 318.412 -56.3955 1.19283 39820.7
13394000 311.664 463.289 1.20591 39388.7
13396000 312.658 456.444 1.20636 39374.2
13398000 314.787 1769.05 1.20184 39522.3
13400000 314.272 -1567.3 1.19596 39716.4
13402000 317.761 1170.75 1.2002 39576.2
13404000 317.485 478.509 1.20327 39475.1
13406000 313.862 -673.21 1.19932 39605.1
13408000 307.92 -173.283 1.20907 39285.8
13410000 319.501 -2595.03 1.2009 39553.3
13412000 307.872 542.377 1.20358 39465.2
13414000 306.463 -1463.15 1.20481 39424.8
13416000 314.372 -580.153 1.20874 39296.7
13418000 314.262 -2685.49 1.19314 39810.4
13420000 314.409 -1470 1.19167 39859.4
13422000 321.419 135.154 1.18954 39931
13424000 315.691 -403.013 1.19889 39619.5
13426000 307.237 -1502.55 1.19972 39591.9
13428000 320.377 -7.51648 1.19927 39606.9
13430000 304.257 399.106 1.19852 39631.7
13432000 318.944 -481.615 1.19078 39889.2
13434000 310.598 -811.628 1.19058 39896
13436000 309.667 -1380.38 1.18325 40143
13438000 318.839 211.332 1.19664 39694
13440000 310.255 735.59 1.20176 39524.9
13442000 316.109 286.287 1.18917 39943.4
13444000 315.669 30.2271 1.20293 39486.2
13446000 315.48 -1047.36 1.20215 39512
13448000 314.16 -1623.08 1.19755 39663.7
13450000 308.72 719.309 1.19734 39670.8
13452000 319.2 -408.401 1.20461 39431.4
13454000 309.024 -1158.88 1.20854 39303.1
13456000 307.231 -1551.37 1.20793 39323
13458000 314.28 -370.443 1.20131 39539.6
13460000 305.904 1352.44 1.20063 39561.9
13462000 310.563 -1735.14 1.20907 39285.9
13464000 309.283 -1483.76 1.20488 39422.4
13466000 318.688 1088.09 1.19573 39724.1
13468000 310.181 -141.734 1.19905 39614.1
13470000 318.978 674.75 1.1947 39758.5
13472000 309.245 702.962 1.19746 39666.7
13474000 311.243 -340.77 1.1915 39865.1
13476000 311.333 -1544.69 1.19409 39778.7
13478000 308.703 -636.074 1.19876 39623.7
13480000 318.323 1658.45 1.208 39320.5
13482000 314.457 1448.32 1.1972 39675.4
13484000 309.991 -809.975 1.19281 39821.4
13486000 309.139 -557.318 1.19896 39617.1
13488000 316.597 -1950.76 1.19771 39658.4
13490000 315.426 -2088.24 1.18453 40099.6
13492000 305.08 -347.813 1.20314 39479.4
13494000 319.432 -153.544 1.20453 39433.8
13496000 318.706 -1325.79 1.19593 39717.4
13498000 313.14 533.496 1.19649 39698.9
13500000 314.7 -1088.09 1.20944 39273.9
13502000 313.288 1840.75 1.20722 39345.9
13504000 313.141 -289.577 1.20293 39486.3
13506000 313.955 -1412.18 1.19814 39644.2
13508000 318.047 -597.233 1.19835 39637.3
13510000 308.483 -397.69 1.19425 39773.4
13512000 313.112 202.952 1.1963 39705.3
13514000 302.85 170.653 1.19767 39659.7
13516000 311.333 -886.208 1.21119 39217.1
13518000 314.303 1389.92 1.19495 39750.2
13520000 307.686 14.6631 1.19592 39717.8
13522000 318.344 1358.15 1.20752 39336.1
13524000 303.363 176.217 1.19082 39887.9
13526000 310.573 56.5719 1.20091 39552.6
13528000 322.211 -766.252 1.20075 39558
13530000 306.586 -224.67 1.19159 39862.3
13532000 310.179 -791.782 1.20912 39284.2
13534000 318.82 -379.101 1.19525 39740.1
13536000 308.863 525.554 1.20072 39558.9
13538000 307.248 1174.97 1.20051 39566.1
13540000 313.231 -21.3973 1.20558 39399.6
13542000 315.794 995.367 1.19739 39669
13544000 308.599 1898.2 1.19446 39766.4
13546000 314.667 -447.629 1.20594 39387.9
13548000 315.004 -1613.11 1.21401 39126
13550000 313.665 227.673 1.20705 39351.5
13552000 309.689 -542.537 1.20926 39279.6
13554000 313.051 -471.352 1.20123 39542.1
13556000 311.785 744.256 1.21013 39251.5
13558000 314.01 412.229 1.20207 39514.7
13560000 318.379 -2032.55 1.19435 39770.2
13562000 311.098 -2169.45 1.19764 39660.9
13564000 308.993 204.992 1.21455 39108.7
13566000 308.298 330.61 1.20982 39261.4
13568000 316.911 437.969 1.2073 39343.5
13570000 313.977 -1363.57 1.21095 39224.9
13572000 306.915 -4659.7 1.20653 39368.4
13574000 317.658 -1366.05 1.20685 39358
13576000 310.534 -629.455 1.20165 39528.5
13578000 312.965 2873.08 1.20408 39448.6
13580000 320.505 120.81 1.20067 39560.6
13582000 320.23 423.853 1.21381 39132.6
13584000 309.351 1750.24 1.19937 39603.4
13586000 319.58 789.368 1.21069 39233.3
13588000 310.62 1431.92 1.20716 39348.1
13590000 309.057 150.323 1.20119 39543.7
13592000 320.448 -696.069 1.21132 39212.7
13594000 317.407 3606.66 1.20713 39349.1
13596000 309.219 -2330.61 1.18911 39945.4
13598000 310.002 -354.522 1.20945 39273.5
13600000 314.757 -1823.82 1.20083 39555.6
13602000 317.082 1821.97 1.19645 39700.4
13604000 313.746 -1258.17 1.19938 39603.4
13606000 316.37 -1167.41 1.18912 39944.9
13608000 312.856 -736.034 1.19798 39649.5
13610000 312.971 -161.629 1.21048 39240.1
13612000 308.007 -334.22 1.19757 39663
13614000 317.52 -1212.62 1.19487 39752.8
13616000 317.962 -2270.91 1.19376 39789.8
13618000 308.846 -1441.41 1.18977 39923.3
13620000 309.798 321.539 1.19358 39795.5
13622000 307.526 -35.1377 1.20541 39405.1
13624000 316.229 336.487 1.20851 39304.1
13626000 310.864 1974.76 1.20319 39477.8
13628000 312.582 -702.674 1.20455 39433.3
13630000 308.12 734.777 1.20002 39582.1
13632000 309.58 639.116 1.20775 39328.8
13634000 316.67 -314.916 1.21275 39166.7
13636000 309.949 -2690.72 1.20299 39484.3
13638000 317.042 -200.845 1.20384 39456.5
13640000 314.38 -630.35 1.19223 39840.9
13642000 320.759 3.25818 1.20788 39324.5
13644000 317.811 -82.4524 1.20245 39502.1
13646000 313.634 -1827.08 1.20064 39561.5
13648000 318.044 844.412 1.20529 39409.1
13650000 316.553 497.204 1.19999 39583.2
13652000 307.864 -1310.3 1.21549 39078.5
13654000 310.923 741.568 1.21393 39128.4
13656000 314.218 -670.198 1.18916 39943.7
13658000 311.879 -2594.81 1.18757 39997.1
13660000 305.227 -360.887 1.20118 39543.9
13662000 308.729 -531.677 1.1946 39761.7
13664000 321.524 -1661.4 1.19738 39669.5
13666000 312.175 -1625.76 1.20373 39460.2
13668000 321.307 1784.28 1.20591 39388.9
13670000 316.444 -1167.16 1.20379 39458.2
13672000 312.412 -562.483 1.19875 39624
13674000 317.138 2003.24 1.20021 39575.8
13676000 306.063 -1616.83 1.19662 39694.6
13678000 312.978 -424.377 1.19709 39678.9
13680000 313.43 516.389 1.19727 39673.2
13682000 306.359 -67.3087 1.20696 39354.6
13684000 316.11 2525.26 1.19821 39641.8
13686000 312.264 476.918 1.19819 39642.7
13688000 308.671 2357.71 1.20466 39429.7
13690000 313.956 -476.596 1.19779 39655.7
13692000 310.787 301.426 1.20501 39418.2
13694000 308.538 -755.074 1.19922 39608.6
13696000 313.227 1911.5 1.18973 39924.6
13698000 310.894 -205.482 1.20374 39459.8
13700000 325.487 3970.73 1.19161 39861.5
13702000 312.362 -904.858 1.19943 39601.5
13704000 306.757 -1477.37 1.19247 39832.8
13706000 314.616 -785.826 1.20792 39323.3
13708000 310.861 -1198.28 1.20864 39299.9
13710000 311.698 -659.779 1.19618 39709.1
13712000 312.946 563.112 1.20287 39488.4
13714000 315.06 861.011 1.20215 39511.9
13716000 315.626 -816.229 1.20086 39554.4
13718000 314.087 -213.774 1.20517 39413
13720000 313.98 -563.649 1.20408 39448.7
13722000 317.142 1845.07 1.20059 39563.4
13724000 317.77 467.575 1.2011 39546.4
13726000 318.391 1065.85 1.20749 39337.2
13728000 305.897 82.3066 1.19972 39592
13730000 322.655 1473.63 1.20098 39550.4
13732000 309.462 803.029 1.2174 39017.2
13734000 320.733 1676.59 1.21283 39163.9
13736000 320.007 452.866 1.20187 39521.1
13738000 315.97 -419.357 1.19744 39667.4
13740000 306.631 -169.788 1.19572 39724.4
13742000 307.971 774.606 1.19462 39761.1
13744000 312.444 -178.484 1.20531 39408.5
13746000 310.282 -2678.02 1.1848 40090.5
13748000 307.197 -12.744 1.19837 39636.6
13750000 313.238 -204.162 1.19157 39862.7
13752000 314.586 91.3386 1.18783 39988.4
13754000 312.245 168.671 1.19226 39839.9
13756000 308.926 -1323.97 1.18405 40116
13758000 318.03 321.47 1.20184 39522
13760000 307.212 -863.893 1.19409 39778.9
13762000 310.714 265.83 1.19503 39747.4
13764000 310.841 700.971 1.19895 39617.3
13766000 310.789 906.203 1.1997 39592.7
13768000 312.404 -708.898 1.19649 39699
13770000 312.629 -702.602 1.19165 39860
13772000 307.212 1778.5 1.20333 39473.2
13774000 315.639 -1913.5 1.19478 39755.8
13776000 299.226 -175.687 1.18055 40234.8
13778000 312.145 -2279.06 1.19606 39713.3
13780000 311.743 124.178 1.20412 39447.4
13782000 311.424 -74.4374 1.19801 39648.6
13784000 317.073 820.499 1.20698 39353.9
13786000 309.061 877.089 1.20532 39408
13788000 320.671 1069.4 1.2012 39543.1
13790000 319.722 -1479.72 1.19697 39683
13792000 314.317 688.6 1.19483 39754.2
13794000 313.542 -1896.5 1.19502 39747.6
13796000 310.047 -1157.88 1.19671 39691.6
13798000 314.619 -840.693 1.20266 39495.3
13800000 317.363 28.5834 1.2021 39513.6
13802000 318.089 -1329.26 1.19559 39728.8
13804000 309.817 -638.411 1.19634 39703.9
13806000 311.075 210.856 1.19897 39616.9
13808000 313.777 -1619.88 1.2003 39573
13810000 307.734 -653.391 1.19136 39869.7
13812000 318.018 -1009.34 1.20492 39421.2
13814000 315.289 149.713 1.20293 39486.5
13816000 314.778 734.272 1.19923 39608.1
13818000 316.959 1224.47 1.19801 39648.5
13820000 306.871 925.601 1.20273 39493
13822000 312.733 -107.194 1.2002 39576.1
13824000 312.733 -1394.84 1.20279 39491
13826000 310.622 1739.95 1.21086 39227.8
13828000 317.054 160.567 1.20336 39472.4
13830000 305.513 916.794 1.19683 39687.5
13832000 312.827 -1098.27 1.19871 39625.5
13834000 317.826 -333.689 1.20083 39555.5
13836000 314.211 -1992.12 1.19416 39776.3
13838000 312.722 -670.884 1.20738 39340.8
13840000 313.025 -1040.69 1.20148 39534
13842000 317.799 4325.99 1.19886 39620.4
13844000 313.966 1726.14 1.19003 39914.3
13846000 311.353 -1764.85 1.19212 39844.5
13848000 308.805 411.678 1.1989 39619.2
13850000 311.123 -30.1486 1.2081 39317.4
13852000 315.294 -490.448 1.1946 39761.7
13854000 307.642 -2313.72 1.19236 39836.3
13856000 314.36 1195.27 1.20865 39299.4
13858000 306.172 -682.475 1.19787 39653
13860000 314.494 1127.52 1.19889 39619.4
13862000 317.709 986.846 1.20368 39461.9
13864000 311.284 -997.357 1.1976 39662.1
13866000 323.902 19.4815 1.19131 39871.4
13868000 312.36 -1175.71 1.19524 39740.3
13870000 311.169 -963.836 1.18792 39985.2
13872000 303.943 -518.51 1.20418 39445.5
13874000 314.223 294.91 1.18644 40035.1
13876000 311.906 457.098 1.19027 39906.3
13878000 317.519 482.763 1.2011 39546.5
13880000 312.237 -2292.91 1.20435 39439.8
13882000 316.895 1847.95 1.1874 40003
13884000 319.775 1404.96 1.19901 39615.5
13886000 312.83 -2085.78 1.19617 39709.4
13888000 312.803 2698.76 1.19935 39604.1
13890000 320.703 -1381.24 1.20564 39397.6
13892000 302.026 -2343 1.19633 39704.1
13894000 312.453 244.436 1.20858 39301.6
13896000 314.527 2020.39 1.2107 39233
13898000 313.559 570.393 1.20645 39371.2
13900000 311.608 -329.556 1.20894 39290
13902000 321.441 995.054 1.20034 39571.4
13904000 310.408 -2651.7 1.20687 39357.6
13906000 308.627 16.0216 1.20895 39289.8
13908000 308.672 -1778.37 1.20209 39514
13910000 320.017 -1458.72 1.19956 39597.3
13912000 318.679 1450.3 1.20157 39531.1
13914000 314.857 607.088 1.19909 39612.9
13916000 313.035 -1089.85 1.20248 39501.1
13918000 318.355 1067.54 1.21053 39238.6
13920000 306.722 665.357 1.20773 39329.5
13922000 308.535 727.626 1.20463 39430.6
13924000 314.024 1319.17 1.20565 39397.1
13926000 315.664 186.709 1.20681 39359.6
13928000 306.194 -603.179 1.20438 39438.7
13930000 311.761 -1889.33 1.19325 39806.7
13932000 316.262 -587.931 1.20023 39575.1
13934000 313.383 -324.505 1.20622 39378.7
13936000 314.653 -1182.59 1.20683 39358.9
13938000 312.073 2871.53 1.21839 38985.3
13940000 315.789 1673.89 1.19904 39614.4
13942000 308.821 -429.526 1.19687 39686.4
13944000 319.471 -394.85 1.20409 39448.2
13946000 318.836 2274.52 1.2098 39262.1
13948000 314.29 2178.32 1.20298 39484.9
13950000 314.47 -116.54 1.20962 39268.1
13952000 317.217 -1710.56 1.19593 39717.6
13954000 307.211 1403.21 1.21286 39163
13956000 309.901 650.3 1.20012 39578.8
13958000 312.964 -351.62 1.20692 39355.7
13960000 311.91 -1834.8 1.2004 39569.6
13962000 307.01 1090.71 1.20484 39423.7
13964000 312.084 -2863.56 1.2092 39281.7
13966000 320.159 915.195 1.20547 39403.1
13968000 311.504 -1406.67 1.1971 39678.6
13970000 317.234 1031.56 1.1985 39632.2
13972000 311.105 -78.0336 1.21021 39248.8
13974000 318.929 1638.11 1.1993 39605.8
13976000 309.069 -1575.87 1.2167 39039.4
13978000 314.206 515.52 1.19735 39670.2
13980000 310.024 528.531 1.20857 39302.1
13982000 314.408 1932.28 1.20096 39551
13984000 314.719 682.201 1.21034 39244.8
13986000 310.288 -1163.31 1.19478 39755.7
13988000 312.877 778.202 1.20135 39538.4
13990000 305.841 110.064 1.21803 38996.9
13992000 309.449 -517.353 1.2082 39314.3
13994000 308.73 -1015.39 1.19682 39687.8
13996000 309.947 -1944.96 1.2008 39556.3
13998000 314.747 -956.759 1.2108 39229.8
14000000 307.738 752.964 1.19372 39790.9
14002000 314.524 1294.54 1.20613 39381.6
14004000 311.052 350.55 1.19852 39631.8
14006000 316.843 -1022.18 1.19353 39797.3
14008000 307.415 1364.56 1.20391 39454.2
14010000 308.563 -1186.3 1.19773 39657.9
14012000 321.469 2.54763 1.20245 39502.2
14014000 308.335 985.242 1.19951 39599
14016000 309.668 312.662 1.19497 39749.3
14018000 312.056 -110.624 1.2032 39477.5
14020000 307.605 551.543 1.19366 39793.1
14022000 312.111 -468.893 1.19946 39600.7
14024000 312.66 1067.77 1.20228 39507.7
14026000 314.958 -2018.69 1.2032 39477.5
14028000 313.077 -1720.84 1.20407 39449
14030000 313.639 -806.461 1.1974 39668.7
14032000 310.233 -872.941 1.20074 39558.4
14034000 300.388 -338.004 1.20382 39457.1
14036000 313.476 -705.05 1.20211 39513.3
14038000 312.24 -633.913 1.20103 39548.8
14040000 314.014 -540.273 1.20092 39552.6
14042000 309.402 -509.264 1.20007 39580.4
14044000 320.485 -244.19 1.19916 39610.4
14046000 316.816 163.517 1.21089 39226.6
14048000 304.608 -2816.55 1.19932 39605.2
14050000 309.975 2885.28 1.2044 39438.1
14052000 314.761 424.96 1.1951 39745.1
14054000 310.187 -68.4951 1.18335 40139.7
14056000 305.532 909.877 1.20073 39558.8
14058000 325.404 -1642.56 1.20045 39568
14060000 308.746 -832.504 1.20041 39569.3
14062000 317.936 -1796.52 1.19918 39609.7
14064000 311.73 1420.07 1.20634 39374.6
14066000 315.41 -19.1956 1.202 39516.8
14068000 311.048 1155.83 1.20788 39324.5
14070000 314.512 -901.614 1.20147 39534.3
14072000 312.676 541.211 1.19838 39636.4
14074000 308.6 -2.54058 1.19614 39710.4
14076000 308.362 505.845 1.20262 39496.4
14078000 315.334 -3882.87 1.19261 39828.2
14080000 316.071 -405.03 1.19988 39586.6
14082000 306.969 608.672 1.20705 39351.5
14084000 316.65 1473 1.20899 39288.6
14086000 309.474 1666.64 1.20312 39480.1
14088000 314.295 -2176.25 1.20715 39348.4
14090000 306.513 -151.073 1.20246 39501.8
14092000 313.524 441.719 1.20221 39510.2
14094000 309.481 2002.66 1.20652 39368.7
14096000 313.303 874.76 1.20115 39544.8
14098000 313.26 -384.601 1.19941 39602.4
14100000 315.804 251.994 1.21238 39178.7
14102000 307.952 274.055 1.20761 39333.4
14104000 306.818 1751.82 1.20539 39405.9
14106000 301.202 436.691 1.20618 39380
14108000 308.944 -445.11 1.21491 39096.8
14110000 313.609 2411.09 1.20258 39497.8
14112000 312.958 1168.03 1.19722 39674.8
14114000 309.729 -767.714 1.20164 39528.7
14116000 313.337 -928.027 1.20051 39566
14118000 313.219 671.047 1.20531 39408.4
14120000 313.819 -187.435 1.1963 39705.2
14122000 310.031 -223.021 1.20795 39322.2
14124000 318.43 -744.877 1.20231 39506.6
14126000 310.41 1136.21 1.20152 39532.8
14128000 320.976 -1690.1 1.20637 39373.8
14130000 310.77 2117.96 1.20667 39363.9
14132000 314.716 -2112.55 1.18673 40025.4
14134000 314.709 1159.88 1.19808 39646.3
14136000 318.225 -952.774 1.21014 39251.1
14138000 315.165 118.7 1.20894 39289.9
14140000 308.056 592.244 1.19561 39728.2
14142000 320.859 -20.0369 1.2031 39480.9
14144000 312.168 1371.82 1.20186 39521.6
14146000 309.321 -767.28 1.19428 39772.2
14148000 319.511 -428.412 1.21688 39033.8
14150000 311.585 965.778 1.19862 39628.4
14152000 308.9 1001.83 1.2093 39278.2
14154000 312.991 -428.458 1.21099 39223.5
14156000 312.483 108.982 1.21093 39225.4
14158000 310.655 -1782.55 1.21093 39225.6
14160000 312.026 24.1156 1.18868 39959.8
14162000 316.975 718.34 1.1971 39678.7
14164000 309.079 708.243 1.19639 39702.1
14166000 311.808 438.616 1.20779 39327.6
14168000 315.819 -403.728 1.20625 39377.7
14170000 313.543 2806.73 1.20338 39471.5
14172000 314.009 570.342 1.20184 39522.1
14174000 317.479 1632.14 1.20725 39344.9
14176000 311.383 329.994 1.19501 39748
14178000 312.113 1091.83 1.21221 39184.1
14180000 311.298 -600.014 1.21236 39179.1
14182000 314.211 -477.438 1.20064 39561.7
14184000 318.582 2100.82 1.19521 39741.6
14186000 311.554 -1174.09 1.20407 39449.1
14188000 316.957 -237 1.20457 39432.7
14190000 309.493 840.408 1.20368 39461.8
14192000 322.441 464.77 1.19874 39624.2
14194000 316.282 973.295 1.19499 39748.8
14196000 310.421 2062.34 1.2093 39278.3
14198000 314.383 -2847.18 1.18627 40040.9
14200000 317.321 -1458.74 1.19531 39738.1
14202000 314.839 -3223.47 1.20324 39476.3
14204000 318.118 -984.466 1.18824 39974.4
14206000 315.661 2608.11 1.1947 39758.4
14208000 314.478 1955.06 1.2054 39405.4
14210000 306.878 -311.283 1.21015 39250.7
14212000 316.092 117.637 1.19558 39729.1
14214000 313.225 -1348.71 1.19457 39762.6
14216000 310.708 57.3446 1.19687 39686.4
14218000 310.018 -233.718 1.20647 39370.4
14220000 316.776 3103.77 1.20624 39377.9
14222000 308.02 -1448.19 1.21091 39226.2
14224000 319.438 284.091 1.20232 39506.5
14226000 308.413 1317.54 1.19808 39646.1
14228000 314.159 540.097 1.20359 39464.8
14230000 317.121 -1420.94 1.19874 39624.4
14232000 306.937 -545.342 1.19974 39591.4
14234000 319.17 789.736 1.1932 39808.3
14236000 316.853 323.355 1.19489 39752.2
14238000 308.168 -1205.9 1.20483 39423.9
14240000 307.326 -2517.99 1.19956 39597.4
14242000 315.157 -749.606 1.20146 39534.6
14244000 315.407 -1715.66 1.20076 39557.9
14246000 313.145 -2025.6 1.19615 39710.3
14248000 309.976 -622.254 1.19622 39707.7
14250000 329.169 -801.923 1.20179 39523.8
14252000 313.887 353.796 1.20525 39410.5
14254000 320.881 19.0275 1.20089 39553.6
14256000 316.672 -560.662 1.1948 39755
14258000 308.477 -2039.12 1.19417 39776.2
14260000 316.24 -1125.16 1.20122 39542.5
14262000 311.433 -411.747 1.2048 39424.9
14264000 314.944 3477.36 1.20953 39270.8
14266000 316.244 756.267 1.19734 39670.7
14268000 318.075 -653.856 1.19923 39608.1
14270000 316.243 766.854 1.197 39682
14272000 315.069 -2518.47 1.19457 39762.6
14274000 315.4 1271.03 1.2072 39346.8
14276000 313.616 561.616 1.19853 39631.2
14278000 310.864 -23.0151 1.20898 39288.8
14280000 312.194 -359.429 1.192 39848.3
14282000 309.64 1292.54 1.20767 39331.5
14284000 315.696 -750.448 1.21203 39189.9
14286000 310.859 1067.2 1.19559 39728.7
14288000 312.521 801.596 1.20339 39471.4
14290000 319.87 -954.595 1.20293 39486.4
14292000 313.187 1059.74 1.19547 39732.7
14294000 316.345 348.205 1.1925 39831.7
14296000 309.044 1362.29 1.2061 39382.7
14298000 310.895 790.155 1.20513 39414.4
14300000 311.695 -1067.04 1.20735 39341.8
14302000 310.081 945.79 1.20195 39518.5
14304000 312.813 582.416 1.192 39848.5
14306000 316.219 335.537 1.20908 39285.6
14308000 313.396 -630.861 1.20949 39272.2
14310000 317.738 -712.887 1.19934 39604.7
14312000 307.488 -1593.16 1.19871 39625.3
14314000 316.537 -1231.74 1.20148 39533.9
14316000 310.87 -732.263 1.19979 39589.9
14318000 313.24 -848.868 1.19817 39643.3
14320000 319.829 -14.0408 1.2078 39327.2
14322000 315.544 -947.655 1.19627 39706.1
14324000 313.822 265.907 1.20708 39350.6
14326000 303.666 -1150.81 1.20041 39569.4
14328000 317.843 566.409 1.20771 39330.2
14330000 311.592 2008.31 1.20909 39285.1
14332000 308.378 518.128 1.20643 39371.8
14334000 313.396 376.706 1.18958 39929.5
14336000 322.75 -444.166 1.19628 39705.8
14338000 314.777 -1564.99 1.2001 39579.4
14340000 310.739 923.297 1.19998 39583.3
14342000 314.568 -3635.64 1.19306 39813.1
14344000 308.892 130.15 1.20718 39347.2
14346000 319.409 714.802 1.19586 39719.8
14348000 316.91 -738.104 1.19893 39618.2
14350000 315.082 1582.92 1.19531 39737.9
14352000 308.338 1114.18 1.21218 39185
14354000 319.122 162.271 1.2074 39340.3
14356000 312.097 -586.911 1.20096 39551.3
14358000 307.379 1383.94 1.20323 39476.6
14360000 311.213 889.704 1.20854 39303.2
14362000 310.05 -1307.46 1.20662 39365.6
14364000 303.239 -678.084 1.20545 39403.8
14366000 320.61 613.769 1.20348 39468.3
14368000 304.883 -2101.18 1.20235 39505.4
14370000 316.959 506.266 1.19758 39662.7
14372000 320.322 -790.484 1.20338 39471.7
14374000 311.103 1613.96 1.22 38933.7
14376000 315.325 -248.25 1.20358 39465.1
14378000 308.564 -1285.14 1.20176 39524.7
14380000 314.058 873.626 1.20525 39410.5
14382000 320.933 2015.1 1.21484 39099.4
14384000 308.769 -264.405 1.20739 39340.7
14386000 312.779 300.31 1.21121 39216.5
14388000 316.738 -1067.6 1.19872 39625.1
14390000 309.626 85.1301 1.21632 39051.5
14392000 312.624 -831.97 1.19828 39639.5
14394000 310.055 -1361.8 1.20638 39373.5
14396000 308.163 -347.861 1.20194 39519
14398000 314.123 -1182.24 1.21084 39228.4
14400000 315.607 704.811 1.19833 39637.9
14402000 313.855 458.394 1.19776 39656.9
14404000 306.713 457.403 1.20993 39257.9
14406000 311.752 -1957.62 1.19774 39657.4
14408000 306.36 -847.312 1.19253 39830.8
14410000 310.683 -612.138 1.19512 39744.4
14412000 316.278 -1826.76 1.19684 39687.2
14414000 316.975 -395.209 1.20603 39384.9
14416000 315.366 1439.73 1.20188 39520.8
14418000 310.746 44.2209 1.20709 39350.4
14420000 312.258 -2421.38 1.19664 39693.9
14422000 310.324 -327.932 1.18077 40227.6
14424000 311.969 362.247 1.2027 39493.9
14426000 314.802 -1685.19 1.2051 39415.3
14428000 310.975 -815.01 1.2175 39013.9
14430000 318.646 -1791.72 1.20959 39269.1
14432000 308.116 -66.1066 1.20102 39549.1
14434000 316.948 1414.98 1.20239 39504.1
14436000 316.063 -2904.09 1.20872 39297.4
14438000 309.653 1590.96 1.20693 39355.5
14440000 313.818 -54.0397 1.1934 39801.7
14442000 306.188 461.418 1.20225 39508.6
14444000 312.626 -2469.43 1.19553 39730.7
14446000 307.252 -612.317 1.19577 39722.9
14448000 309.5 -312.835 1.20543 39404.5
14450000 310.028 1487.54 1.20852 39303.6
14452000 314.23 -1106.78 1.19895 39617.5
14454000 316.845 1805.27 1.20578 39393.1
14456000 306.003 1563.29 1.20793 39322.9
14458000 316.806 -789.54 1.20385 39456.4
14460000 318.808 -492.671 1.21573 39070.7
14462000 308.562 1303.15 1.20555 39400.4
14464000 311.121 -460.545 1.1956 39728.6
14466000 308.188 -1116.93 1.19062 39894.6
14468000 318.035 1875.43 1.18986 39920.1
14470000 315.952 -697.91 1.1869 40019.7
14472000 306.234 -3581.61 1.18807 39980.2
14474000 318.857 -1714.9 1.19007 39913.2
14476000 308.509 -1199.74 1.1972 39675.4
14478000 308.58 -1042.37 1.19065 39893.8
14480000 313.465 -204.52 1.20732 39342.9
14482000 313.568 26.0932 1.19172 39857.8
14484000 315.697 -784.575 1.20551 39402
14486000 317.289 1126.6 1.20262 39496.5
14488000 312.671 745.349 1.19907 39613.5
14490000 306.829 -2417.2 1.20036 39571
14492000 310.153 105.969 1.20356 39465.8
14494000 308.279 -558.012 1.20505 39416.8
14496000 307.941 -471.295 1.20565 39397.4
14498000 309.889 -905.346 1.19814 39644.1
14500000 312.094 -696.038 1.19791 39651.9
14502000 311.795 944.865 1.20762 39332.9
14504000 314.48 1236.85 1.19411 39777.9
14506000 310.437 212.946 1.1995 39599.1
14508000 320.561 -1697.32 1.20031 39572.5
14510000 313.426 17.6167 1.19867 39626.7
14512000 318.786 601.217 1.1961 39711.9
14514000 307.228 334.246 1.19475 39756.9
14516000 319.705 957.801 1.20544 39404.3
14518000 316.755 -348.82 1.20127 39541
14520000 314.038 -1600.75 1.20107 39547.4
14522000 306.013 -332.011 1.20482 39424.5
14524000 311.935 1136.3 1.21336 39147
14526000 309.374 -344.457 1.2027 39494
14528000 310.058 -120.238 1.21398 39127
14530000 312.134 -1345.27 1.19846 39633.6
14532000 317.167 1769.3 1.20258 39497.8
14534000 310.327 -2262.34 1.19598 39715.7
14536000 315.219 -472.93 1.19403 39780.6
14538000 313.646 -760.972 1.20357 39465.3
14540000 305.238 -1713.26 1.20696 39354.4
14542000 313.652 -980.484 1.20388 39455.1
14544000 312.809 1166.92 1.20394 39453.1
14546000 314.068 -1321.89 1.20167 39527.8
14548000 311.286 -788.092 1.19995 39584.4
14550000 309.726 -933.024 1.20057 39564
14552000 326.144 1286.05 1.20763 39332.6
14554000 307.783 -598.337 1.20269 39494.2
14556000 311.262 151.208 1.19365 39793.2
14558000 313.91 -1349.7 1.19681 39688.3
14560000 316.294 -867.522 1.19552 39731.2
14562000 319.995 657.45 1.2026 39497.2
14564000 309.869 -1411.93 1.20025 39574.5
14566000 319.405 1082.03 1.19816 39643.7
14568000 318.279 -1586.17 1.19639 39702.3
14570000 311.241 20.3005 1.20222 39509.7
14572000 319.701 1999.02 1.19406 39779.8
14574000 318.269 -315.651 1.19346 39799.8
14576000 302.384 -318.247 1.19525 39740.1
14578000 320.754 1442.78 1.20036 39571
14580000 312.984 -626.274 1.19541 39734.6
14582000 310.695 1080.93 1.20439 39438.6
14584000 313.659 -2614.37 1.20825 39312.6
14586000 315.773 34.6269 1.19431 39771.5
14588000 310.792 -154.46 1.20297 39484.9
14590000 308.226 478.46 1.19891 39618.6
14592000 311.482 -1252.75 1.19351 39798.1
14594000 302.39 -2955.89 1.18632 40039.2
14596000 306.473 3646.28 1.20397 39452.1
14598000 313.048 56.8173 1.19672 39691.2
14600000 315.131 -266.241 1.20949 39272.1
14602000 305.903 -59.024 1.19617 39709.6
14604000 319.79 -749.332 1.18979 39922.5
14606000 314.174 1088.65 1.201 39549.7
14608000 307.639 -174.546 1.20781 39326.7
14610000 309.154 -1887.12 1.2098 39262.2
14612000 319.259 -394.017 1.20666 39364.4
14614000 310.634 -998.869 1.19863 39628.1
14616000 308.272 -425.432 1.20639 39373
14618000 311.265 535.986 1.19498 39748.9
14620000 310.756 281.934 1.19924 39608
14622000 305.524 826.498 1.20654 39368.1
14624000 312.318 -801.022 1.19133 39870.9
14626000 318.243 -970.205 1.20964 39267.2
14628000 314.868 766.507 1.20693 39355.6
14630000 312.088 258.85 1.21775 39005.8
14632000 321.463 382.126 1.21176 39198.5
14634000 308.302 851.795 1.20556 39400.3
14636000 314.254 -111.438 1.20112 39545.8
14638000 311.187 466.566 1.20232 39506.5
14640000 306.389 -329.14 1.19324 39807.1
14642000 312.435 -213.752 1.20513 39414.2
14644000 312.554 976.883 1.20818 39314.7
14646000 312.935 -1041.11 1.19907 39613.5
14648000 310.715 -105.847 1.20102 39549.1
14650000 310.837 288.662 1.2129 39161.9
14652000 315.595 354.016 1.21276 39166.2
14654000 314.056 392.257 1.20368 39461.9
14656000 313.975 -660.853 1.19643 39700.9
14658000 313.142 960.542 1.21704 39028.7
14660000 307.082 -293.84 1.20582 39391.7
14662000 311.854 -825.128 1.20238 39504.3
14664000 306.573 967.936 1.20449 39435.3
14666000 310.818 -1076.77 1.20844 39306.2
14668000 313.486 994.761 1.19455 39763.3
14670000 320.862 604.286 1.20259 39497.6
14672000 311.528 713.029 1.19342 39800.9
14674000 309.409 -741.869 1.1969 39685.2
14676000 314.678 -491.36 1.20201 39516.6
14678000 309.652 15.1093 1.20044 39568.2
14680000 314.784 -303.694 1.20039 39570
14682000 309.95 2194.68 1.20269 39494.3
14684000 310.851 299.221 1.20506 39416.7
14686000 311.748 445.409 1.20766 39331.6
14688000 306.786 -914.596 1.1964 39701.8
14690000 313.712 -326.484 1.19302 39814.4
14692000 310.601 -2530.21 1.20044 39568.3
14694000 314.466 566.886 1.21173 39199.6
14696000 315.342 2097.36 1.2039 39454.7
14698000 314.511 -1836.82 1.20003 39581.7
14700000 315.695 2643.38 1.21207 39188.6
14702000 308.36 -1559.96 1.19674 39690.7
14704000 318.202 162.831 1.20205 39515.3
14706000 310.757 575.016 1.20366 39462.5
14708000 314.806 -53.7963 1.1947 39758.4
14710000 318.832 457.511 1.19597 39716.1
14712000 312.479 -1843.25 1.18364 40130
14714000 315.265 -624.17 1.20262 39496.6
14716000 305.069 2626.99 1.19529 39738.9
14718000 316.737 410.244 1.18648 40033.7
14720000 312.678 -639.893 1.20897 39288.9
14722000 317.929 -1764.16 1.20206 39515
14724000 312.426 2007.7 1.2001 39579.4
14726000 312.471 -485.65 1.20502 39417.9
14728000 313.54 6.86494 1.19791 39652
14730000 315.66 -485.425 1.20825 39312.4
14732000 307.655 2152.89 1.21129 39213.8
14734000 312.734 3713.25 1.21347 39143.4
14736000 309.555 -184.812 1.20041 39569.3
14738000 312.974 1502.24 1.1998 39589.3
14740000 315.009 -97.5269 1.20471 39428.2
14742000 311.616 -285.898 1.20571 39395.4
14744000 314.836 88.5293 1.19849 39632.8
14746000 308.017 23.4203 1.195 39748.4
14748000 310.133 -2330.62 1.19474 39757.2
14750000 317.208 1278.55 1.20072 39558.9
14752000 307.786 1141.83 1.19851 39632
14754000 312.256 -344.26 1.20816 39315.3
14756000 308.743 -1204.91 1.20456 39432.8
14758000 313.52 7.67651 1.20342 39470.2
14760000 311.222 981.821 1.1989 39619.2
14762000 312.519 104.712 1.20419 39445
14764000 310.254 947.783 1.20135 39538.1
14766000 312.901 2523.97 1.19999 39583.2
14768000 315.665 181.447 1.20985 39260.5
14770000 316.186 1197.33 1.20416 39446
14772000 301.873 -30.6987 1.2 39582.9
14774000 315.485 -1463.44 1.19695 39683.6
14776000 312.629 2268.83 1.19964 39594.6
14778000 316.164 102.821 1.19469 39758.8
14780000 318.068 787.31 1.19346 39799.7
14782000 310.836 -785.888 1.19954 39598.1
14784000 308.341 495.04 1.21249 39175
14786000 305.208 946.506 1.20494 39420.5
14788000 315.306 2634.81 1.20313 39479.8
14790000 311.904 955.333 1.20369 39461.5
14792000 309.51 -1881.48 1.19914 39611.2
14794000 316.313 1148.79 1.19519 39742
14796000 319.338 -2371.38 1.19568 39725.9
14798000 308.365 1907.12 1.19652 39697.7
14800000 312.427 1917.24 1.19942 39602
14802000 321.137 -2108.61 1.20343 39469.9
14804000 309.557 -660.977 1.19463 39760.6
14806000 319.5 -1448.29 1.19848 39633
14808000 315.057 447.891 1.19493 39750.8
14810000 308.99 -1577 1.19315 39810
14812000 319.797 -360.674 1.20251 39500
14814000 304.864 -1849.33 1.20815 39315.9
14816000 312.514 -2130.98 1.18805 39980.9
14818000 316.331 -1624.29 1.1865 40033.2
14820000 306.041 198.492 1.18622 40042.5
14822000 314.377 1075.86 1.20647 39370.7
14824000 308.624 -446.287 1.20556 39400.2
14826000 317.512 -288.995 1.19927 39606.8
14828000 312.344 1076.96 1.20601 39385.6
14830000 311.87 1770.89 1.20493 39420.9
14832000 305.515 923.01 1.20106 39547.8
14834000 313.482 863.797 1.19904 39614.5
14836000 323.834 -971.499 1.20742 39339.5
14838000 313.487 -187.619 1.19831 39638.7
14840000 318.777 -668.942 1.20051 39566
14842000 313.993 235.737 1.19058 39895.8
14844000 311.69 665.19 1.20855 39302.7
14846000 309.501 260.347 1.20004 39581.6
14848000 320.246 827.678 1.19909 39612.9
14850000 311.998 -698.925 1.19621 39708.2
14852000 305.45 2055.45 1.20678 39360.3
14854000 315.81 2124.26 1.20155 39531.7
14856000 313.525 -445.327 1.20419 39445
14858000 311.469 -354.535 1.19712 39678.1
14860000 320.699 -24.954 1.20868 39298.7
14862000 307.647 -119.396 1.19933 39604.9
14864000 306.261 -1255.09 1.20585 39390.6
14866000 315.572 417.363 1.19703 39680.9
14868000 315.29 -1875.99 1.19651 39698.3
14870000 314.694 1385.84 1.19088 39886
14872000 316.708 1144.53 1.19878 39623.2
14874000 311.886 -880.499 1.19488 39752.4
14876000 316.134 -526.402 1.20706 39351.3
14878000 316.054 -761.216 1.20453 39433.9
14880000 318.468 -265.191 1.18752 39998.7
14882000 315.851 540.33 1.19804 39647.6
14884000 314.808 965.277 1.20132 39539.2
14886000 313.3 -6.73531 1.20075 39557.9
14888000 314.705 1560.07 1.20038 39570.3
14890000 310.832 -56.9178 1.19482 39754.2
14892000 309.617 2412.47 1.20586 39390.3
14894000 311.549 1351.14 1.19744 39667.4
14896000 320.156 -1397.4 1.18773 39991.6
14898000 314.587 -233.249 1.19906 39613.9
14900000 307.99 379.008 1.20238 39504.5
14902000 311.443 1337.77 1.2034 39471
14904000 314.734 -1306.78 1.19336 39803.1
14906000 323.233 -422.675 1.19425 39773.5
14908000 315.278 512.741 1.20017 39577.2
14910000 310.684 1752.06 1.20113 39545.4
14912000 316.786 1951.03 1.19781 39655.2
14914000 320.109 1065.86 1.20954 39270.5
14916000 313.13 1123.71 1.19284 39820.3
14918000 309.81 315.443 1.20221 39510
14920000 312.519 -538.397 1.18697 40017.1
14922000 314.076 -534.647 1.19631 39704.8
14924000 317.379 -961.412 1.20612 39381.8
14926000 315.193 271.606 1.20269 39494.1
14928000 318.687 -1570.13 1.19192 39851.2
14930000 309.674 -1034.05 1.1994 39602.6
14932000 306.584 1674.05 1.1965 39698.6
14934000 317.479 1659.06 1.20701 39352.8
14936000 304.74 2100.43 1.19457 39762.6
14938000 311.584 189.769 1.19916 39610.4
14940000 314.207 -391.91 1.19437 39769.3
14942000 316.399 674.822 1.19754 39664
14944000 316.865 703.145 1.20298 39484.6
14946000 307.967 1451.98 1.20871 39297.5
14948000 309.325 -1610.75 1.20404 39450.1
14950000 315.926 -3357.71 1.20699 39353.6
14952000 305.862 1767.18 1.20074 39558.4
14954000 314.192 1331.09 1.20776 39328.5
14956000 312.419 2482.47 1.19658 39695.8
14958000 315.715 1236.78 1.20057 39564
14960000 311.55 -177.199 1.20783 39326.2
14962000 312.317 -1134.84 1.20382 39457.1
14964000 314.854 -571.664 1.20152 39532.7
14966000 313.495 -2277.07 1.19757 39663.2
14968000 310.611 1557.72 1.21491 39096.9
14970000 307.309 672.541 1.20331 39474
14972000 315.893 451.161 1.20108 39547.2
14974000 315.921 -887.39 1.19519 39741.9
14976000 318.753 1054.8 1.20156 39531.5
14978000 314.711 -2834.06 1.1996 39595.9
14980000 324.945 -1314.92 1.20751 39336.4
14982000 307.066 308.771 1.20009 39579.7
14984000 313.606 1158.49 1.20356 39465.6
14986000 310.476 1198.99 1.19713 39677.8
14988000 315.385 1618.44 1.2014 39536.6
14990000 315.134 1352.09 1.19973 39591.8
14992000 309.369 159.797 1.20309 39481
14994000 314.078 -135.208 1.20102 39549.2
14996000 307.348 -2889.91 1.19307 39812.6
14998000 313.179 -1006.82 1.20054 39565
15000000 318.779 1070.89 1.19799 39649.3
15002000 310.496 -2560.49 1.18941 39935.2
15004000 318.049 -235.432 1.19788 39652.7
15006000 318.389 599.148 1.19386 39786.2
15008000 312.503 -491.187 1.20126 39541.2
15010000 306.373 940.592 1.20328 39474.9
15012000 312.594 -424.22 1.19765 39660.5
15014000 307.187 -1952.91 1.19853 39631.2
15016000 313.8 -1549.76 1.19955 39597.7
15018000 315.557 -1394.07 1.19922 39608.4
15020000 321.09 -479.631 1.20092 39552.6
15022000 307.4 -35.2043 1.20605 39384.1
15024000 312.383 265.021 1.20791 39323.6
15026000 319.255 278.915 1.20425 39443.1
15028000 311.157 2033.41 1.20127 39541.1
15030000 312.028 167.137 1.20883 39293.6
15032000 317.081 -1415.45 1.20757 39334.7
15034000 313.593 1576.42 1.20379 39458
15036000 310.503 -137.648 1.20016 39577.6
15038000 309.721 -891.923 1.19825 39640.6
15040000 312.908 1216.27 1.19766 39660
15042000 308.123 -915.734 1.19304 39813.6
15044000 309.571 1666.26 1.19569 39725.3
15046000 320.561 -437.146 1.20291 39487.1
15048000 311.901 1292.06 1.20755 39335.2
15050000 314.975 1180.55 1.20029 39573.1
15052000 308.883 -891.891 1.19692 39684.6
15054000 316.753 -1987.15 1.20002 39582.2
15056000 314.191 1221.46 1.20498 39419.1
15058000 310.18 -319.67 1.20213 39512.8
15060000 305.011 1744.11 1.20535 39407.2
15062000 310.61 1233.38 1.20509 39415.5
15064000 306.683 -571.921 1.19882 39621.7
15066000 315.691 -917.216 1.20544 39404.2
15068000 308.535 -914.006 1.19151 39864.9
15070000 312.87 -1667.96 1.18081 40226.2
15072000 313.826 428.649 1.1897 39925.4
15074000 303.404 703.651 1.19579 39722
15076000 312.379 -1187.42 1.19224 39840.4
15078000 314.654 -171.704 1.20163 39528.9
15080000 315.927 -517.476 1.20125 39541.5
15082000 318.673 -786.949 1.19218 39842.3
15084000 313.666 1229.35 1.21095 39224.8
15086000 313.574 -429.419 1.20259 39497.5
15088000 319.816 2073.01 1.20324 39476.1
15090000 309.349 1247.32 1.19912 39612
15092000 314.986 513.273 1.19905 39614
15094000 313.382 988.152 1.19406 39779.7
15096000 310.236 -911.069 1.18439 40104.5
15098000 302.325 -1074.89 1.20063 39562
15100000 315.279 2234.58 1.19058 39895.8
15102000 309.903 -1227.57 1.20008 39580
15104000 311.05 -613.658 1.19479 39755.2
15106000 313.339 293.214 1.19532 39737.9
15108000 312.655 483.773 1.19972 39592
15110000 312.973 -2185.99 1.20584 39391.1
15112000 310.33 1204.45 1.19125 39873.4
15114000 310.913 -228.416 1.19318 39809.1
15116000 310.068 1037.26 1.20699 39353.7
15118000 308.272 2322.8 1.20201 39516.6
15120000 302.922 2165.98 1.20353 39466.6
15122000 311.686 181.937 1.20059 39563.2
15124000 318.842 995.597 1.2074 39340.1
15126000 313.572 1261.22 1.20314 39479.6
15128000 314.756 -3708.6 1.19537 39736.1
15130000 309.605 -2295.9 1.1948 39755.2
15132000 316.916 -387.381 1.19693 39684.3
15134000 311.339 -1346.33 1.18925 39940.5
15136000 316.038 -165.246 1.20244 39502.6
15138000 307.218 999.702 1.20789 39324.3
15140000 316.411 38.8218 1.20789 39324.1
15142000 311.647 641.16 1.20307 39481.8
15144000 310.49 -552.085 1.21064 39235
15146000 312.866 2146.85 1.19905 39614.2
15148000 317.917 2010.93 1.19783 39654.5
15150000 308.918 338.156 1.19652 39697.8
15152000 308.966 -1131.38 1.20009 39579.7
15154000 317.769 2329 1.21294 39160.4
15156000 311.636 400.505 1.20414 39446.6
15158000 315.814 443.725 1.19028 39905.9
15160000 305.841 -388.784 1.20849 39304.8
15162000 310.784 1243.99 1.19705 39680.4
15164000 317.114 -185.972 1.19819 39642.4
15166000 308.428 -1087.86 1.18773 39991.7
15168000 305.907 117.833 1.20165 39528.5
15170000 318.294 1475.72 1.20576 39393.8
15172000 310.528 478.542 1.20008 39580.3
15174000 319.683 94.3129 1.19157 39862.8
15176000 308.683 -1122.54 1.20013 39578.6
15178000 316.371 -1232.3 1.19395 39783.4
15180000 306.902 -2280.44 1.20263 39496.2
15182000 315.788 2177.24 1.20296 39485.4
15184000 311.994 -1062.45 1.19787 39653.3
15186000 313.559 -1264.49 1.20143 39535.7
15188000 319.056 -2729.71 1.20234 39505.6
15190000 306.984 -22.8477 1.19625 39706.7
15192000 320.934 -1251.79 1.21208 39188.2
15194000 318.144 1248.1 1.20052 39565.6
15196000 311.321 -2593.04 1.19469 39758.9
15198000 317.83 646.071 1.1927 39825.1
15200000 322.485 68.621 1.20618 39380.1
15202000 309.603 133.283 1.19429 39772
15204000 311.462 -1578.97 1.19584 39720.5
15206000 307.919 -327.25 1.19592 39717.8
15208000 317.564 1270.23 1.18934 39937.6
15210000 312.101 463.659 1.20003 39581.9
15212000 310.191 -2239.36 1.20322 39476.7
15214000 313.116 -676.165 1.20188 39520.7
15216000 307.594 -2282.3 1.19605 39713.3
15218000 316.82 -83.4632 1.18863 39961.3
15220000 315.64 805.252 1.2031 39480.8
15222000 317.053 -1455.62 1.19863 39627.9
15224000 313.125 1294.94 1.20472 39427.5
15226000 314.442 -358.535 1.19758 39662.9
15228000 310.594 -85.5504 1.19602 39714.3
15230000 308.248 1817.07 1.19364 39793.8
15232000 304.21 138.734 1.21185 39195.7
15234000 309.15 -292.629 1.20641 39372.5
15236000 312.159 1801.19 1.20571 39395.4
15238000 311.235 -333.419 1.19771 39658.6
15240000 315.292 -1198.13 1.19306 39813
15242000 313.148 800.796 1.18966 39926.7
15244000 308.548 -227.203 1.19973 39591.7
15246000 309.876 2011.6 1.20687 39357.6
15248000 315.607 1500.19 1.1941 39778.3
15250000 310.855 -410.36 1.19269 39825.5
15252000 304.875 -421.865 1.19798 39649.6
15254000 316.231 -1379.02 1.20056 39564.2
15256000 319.819 -1289.85 1.19608 39712.7
15258000 309.925 -1855.75 1.19711 39678.5
15260000 317.952 1242.03 1.19546 39733
15262000 312.827 -730.06 1.20048 39567
15264000 313.741 -97.3133 1.20691 39356.3
15266000 309.555 996.115 1.20661 39365.9
15268000 317.758 -1815.51 1.19806 39646.8
15270000 309.769 -1826.88 1.19941 39602.2
15272000 319.914 -1295.83 1.19814 39644.3
15274000 310.605 -3247.7 1.19785 39653.8
15276000 312.317 -248.558 1.19911 39612
15278000 314.872 -762.229 1.19254 39830.5
15280000 308.825 -2153.04 1.20269 39494.3
15282000 316.268 -836.814 1.20115 39544.8
15284000 312.653 -1753.27 1.18844 39967.8
15286000 309.99 -1096.48 1.19782 39654.7
15288000 306.098 -2874.22 1.20591 39388.8
15290000 308.983 377.398 1.19399 39782.2
15292000 316.957 -242.057 1.20214 39512.2
15294000 309.667 -2616.17 1.20232 39506.3
15296000 311.697 1231.45 1.19925 39607.4
15298000 313.275 -998.858 1.2028 39490.5
15300000 318.454 -1231.07 1.19971 39592.4
15302000 316.361 -1493.94 1.2087 39298
15304000 322.036 -716.051 1.18921 39941.9
15306000 316.723 1448.47 1.19081 39888.2
15308000 298.648 -281.951 1.21341 39145.3
15310000 314.857 4946.7 1.20079 39556.6
15312000 322.311 -2310.17 1.20193 39519.2
15314000 311.714 -1435.6 1.2025 39500.4
15316000 313.004 2509.96 1.20129 39540.2
15318000 315.653 1982.96 1.20327 39475.1
15320000 312.282 -233.722 1.20031 39572.4
15322000 315.586 758.007 1.20353 39466.8
15324000 317.156 -1158.14 1.19281 39821.5
15326000 308.091 2442.54 1.19463 39760.8
15328000 316.41 655.285 1.20184 39522
15330000 308.352 -1052.34 1.20139 39537
15332000 304.858 -943.43 1.20523 39410.9
15334000 312.973 -3128.63 1.20633 39375.2
15336000 304.231 67.7662 1.19441 39768.1
15338000 320.036 -601.535 1.20127 39540.9
15340000 317.838 -3046.74 1.19887 39619.9
15342000 304.632 -3917.34 1.19553 39730.9
15344000 310.419 380.91 1.19458 39762.3
15346000 321.629 1500.67 1.19685 39687.1
15348000 315.473 302.014 1.20349 39468
15350000 315.574 602.859 1.20996 39257
15352000 314.638 282.244 1.20745 39338.4
15354000 318.706 330.793 1.2009 39553.3
15356000 314.628 106.267 1.19689 39685.7
15358000 312.909 -1667.86 1.2117 39200.5
15360000 309.826 2287.98 1.19629 39705.7
15362000 308.494 -10.6022 1.21308 39155.9
15364000 313.73 2151.71 1.21072 39232.3
15366000 313.349 1138.41 1.20898 39288.8
15368000 313.003 658.301 1.20388 39455.2
15370000 310.985 211.106 1.20129 39540.1
15372000 317.425 73.5248 1.20426 39442.6
15374000 307.312 983.236 1.20613 39381.7
15376000 313.153 -721.317 1.20682 39359
15378000 313.196 138.654 1.19666 39693.2
15380000 317.322 1279.92 1.19836 39636.9
15382000 313.336 862.525 1.20124 39541.9
15384000 313.726 -264.822 1.20506 39416.6
15386000 313.555 624.031 1.21199 39191.1
15388000 317.79 357.569 1.20067 39560.8
15390000 311.438 1751.05 1.19157 39863
15392000 311.434 -825.296 1.20158 39530.8
15394000 315.49 1938.08 1.19565 39726.7
15396000 310.23 -813.806 1.20567 39396.6
15398000 317.415 -2116.36 1.19505 39746.6
15400000 316.083 -91.2137 1.20245 39502.1
15402000 309.412 -1066.47 1.1954 39735.3
15404000 315.325 925.177 1.19211 39844.7
15406000 307.444 1485.61 1.20077 39557.5
15408000 314.891 -1469.81 1.20527 39409.6
15410000 311.936 -3738.98 1.20002 39582.2
15412000 307.355 -938.496 1.1925 39831.7
15414000 318.628 -1305.89 1.19141 39868.2
15416000 306.495 53.4702 1.19561 39728.2
15418000 311.146 -58.6526 1.20417 39445.6
15420000 314.64 681.487 1.19975 39591.2
15422000 314.053 1722.52 1.21517 39088.6
15424000 314.837 98.8447 1.20714 39348.5
15426000 310.093 -1924.01 1.19952 39598.5
15428000 318.673 929.55 1.19828 39639.4
15430000 313.622 -69.7394 1.1973 39672
15432000 314.453 1546.61 1.19893 39618.2
15434000 314.754 -2539.28 1.19783 39654.7
15436000 311.42 -1763.6 1.19906 39613.8
15438000 306.55 -1238.37 1.20005 39581.2
15440000 311.472 1405.89 1.20626 39377.3
15442000 322.556 -452.255 1.20642 39372.1
15444000 306.19 563.16 1.20193 39519.3
15446000 314.136 671.335 1.19674 39690.5
15448000 311.187 788.636 1.2032 39477.4
15450000 317.624 -971.256 1.19448 39765.9
15452000 310.458 -920.389 1.20033 39572
15454000 317.967 465.231 1.20914 39283.6
15456000 309.648 -112.426 1.20227 39508
15458000 312.578 708.504 1.18712 40012.1
15460000 316.714 1214.18 1.18744 40001.4
15462000 318.274 -240.802 1.20728 39344
15464000 315.612 -1005.42 1.19896 39617
15466000 314.116 -638.54 1.20986 39260.1
15468000 318.223 -1909.16 1.19783 39654.6
15470000 314.341 -165.668 1.20633 39375.1
15472000 311.966 -1896.31 1.19059 39895.6
15474000 314.877 -1064.14 1.19899 39616.2
15476000 306.942 680.836 1.20269 39494.4
15478000 316.817 -189.732 1.19615 39710.2
15480000 315.936 -2264.56 1.21006 39253.8
15482000 316.136 2586.26 1.1969 39685.4
15484000 316.244 -2135.01 1.1976 39662
15486000 307.751 836.786 1.19339 39801.9
15488000 323.553 -3359.68 1.2037 39461.1
15490000 308.218 1245.55 1.20347 39468.7
15492000 312.318 -1064.03 1.2016 39530.2
15494000 314.582 218.502 1.19405 39780
15496000 305.18 -1536.88 1.2006 39563
15498000 312.726 667.32 1.195 39748.2
15500000 317.107 -729.434 1.20403 39450.2
15502000 315.252 1518.64 1.20477 39426.2
15504000 312.601 -286.608 1.19457 39762.8
15506000 322.922 -2185.05 1.19985 39587.7
15508000 312.192 -475.351 1.20229 39507.4
15510000 314.684 -845.319 1.20713 39348.9
15512000 313.858 -1427.99 1.20091 39552.8
15514000 318.568 1068.19 1.1974 39668.8
15516000 313.918 291.613 1.1982 39642.1
15518000 311.027 -1240 1.19381 39788.1
15520000 309.401 -1216.79 1.20164 39528.7
15522000 316.605 -501.027 1.19844 39634.4
15524000 320.056 531.481 1.18774 39991.4
15526000 309.98 1163.8 1.20575 39393.9
15528000 313.254 -1778.31 1.21071 39232.6
15530000 319.291 -782.243 1.21074 39231.7
15532000 318.484 -81.9286 1.2003 39572.8
15534000 321.212 1603.95 1.20649 39369.8
15536000 311.657 574.273 1.20878 39295.4
15538000 323.644 963.727 1.2109 39226.6
15540000 311.783 1376.44 1.21257 39172.4
15542000 310.775 -121.64 1.20267 39494.7
15544000 315.079 148.624 1.1927 39824.9
15546000 314.336 -1380.66 1.19217 39842.8
15548000 314.408 717.033 1.20391 39454.4
15550000 304.321 227.705 1.21175 39199
15552000 312.627 -927.437 1.19691 39685
15554000 312.668 208.087 1.19741 39668.3
15556000 309.264 1448.35 1.20349 39468.1
15558000 312.96 169.894 1.20887 39292.2
15560000 305.987 601.554 1.20706 39351.2
15562000 315.327 -1192.49 1.18916 39943.6
15564000 313.157 1587.08 1.19992 39585.4
15566000 311.103 -1947.71 1.20364 39463.1
15568000 317.597 -1136.4 1.19966 39593.9
15570000 318.583 2228.64 1.2041 39447.9
15572000 316.219 213.502 1.19787 39653.1
15574000 314.722 -842.184 1.19938 39603.4
15576000 316.376 2408.67 1.20992 39258.4
15578000 311.614 527.64 1.19565 39726.7
15580000 306.412 -1540.02 1.20412 39447.5
15582000 313.398 1912.61 1.20843 39306.7
15584000 311.453 -1461.01 1.20096 39551.3
15586000 307.715 2118.85 1.20369 39461.3
15588000 310.748 543.912 1.20129 39540.3
15590000 310.221 411.856 1.20986 39260.2
15592000 321.815 -62.0096 1.20306 39482.2
15594000 308.923 125.53 1.20604 39384.7
15596000 312.011 601.66 1.20374 39459.7
15598000 311.443 -150.212 1.19842 39635
15600000 315.933 -183.689 1.20315 39479
15602000 311.185 1116.24 1.19948 39600
15604000 308.061 -1735.99 1.20595 39387.5
15606000 314.321 -43.2508 1.2005 39566.4
15608000 312.993 -893.662 1.20517 39412.8
15610000 308.907 747.698 1.19668 39692.6
15612000 313.502 -700.701 1.20989 39259.2
15614000 306.517 1063.26 1.21017 39250.1
15616000 319.134 -703.045 1.20769 39330.7
15618000 314.787 -446.684 1.20086 39554.5
15620000 314.75 638.408 1.20118 39543.9
15622000 312.616 867.532 1.20033 39571.9
15624000 310.325 1984.43 1.19727 39673.1
15626000 308.62 -2153.47 1.19917 39610.3
15628000 310.33 -935.003 1.20682 39359
15630000 318.919 -1706.53 1.19803 39647.9
15632000 315.131 636.247 1.1998 39589.5
15634000 316.308 -1781.94 1.19754 39664
15636000 316.757 -194.595 1.1943 39771.6
15638000 315.266 358.053 1.2161 39058.6
15640000 315.488 -585.389 1.20785 39325.7
15642000 309.692 325.439 1.20706 39351.4
15644000 312.844 22.0008 1.20891 39291
15646000 315.415 29.0774 1.19371 39791.2
15648000 312.652 327.132 1.20427 39442.3
15650000 314.385 1482.24 1.20652 39368.8
15652000 312.107 259.023 1.21043 39241.6
15654000 310.731 1460.83 1.20402 39450.8
15656000 312.175 -350.727 1.20212 39512.9
15658000 312.647 -646.358 1.20762 39333.1
15660000 312.275 1658.02 1.2077 39330.4
15662000 316.684 834.867 1.1972 39675.3
15664000 313.674 -531.769 1.19714 39677.4
15666000 318.658 -1240.12 1.19605 39713.4
15668000 309.448 -1659.46 1.19948 39599.9
15670000 311.601 1255.39 1.20141 39536.2
15672000 314.433 2032.7 1.21603 39060.9
15674000 308.349 -1235.93 1.20178 39524.3
15676000 323.361 2882.22 1.20704 39351.8
15678000 319.835 194.322 1.19237 39836.1
15680000 315.972 1088.25 1.18684 40021.8
15682000 312.801 790.925 1.20432 39440.7
15684000 304.181 -379.53 1.20287 39488.2
15686000 315.284 -956.457 1.21091 39226
15688000 314.892 889.781 1.21165 39202.3
15690000 314.231 -2467.1 1.19889 39619.3
15692000 306.441 -599.712 1.20178 39524
15694000 309.224 -845.59 1.20502 39417.9
15696000 314.142 315.945 1.20068 39560.3
15698000 311.247 316.103 1.19984 39587.9
15700000 318.457 450.029 1.19917 39610.3
15702000 311.06 437.909 1.19885 39620.8
15704000 313.62 805.846 1.19525 39740
15706000 305.853 786.151 1.20157 39531.2
15708000 310.55 -2737.24 1.1996 39595.8
15710000 308.734 -79.4899 1.18574 40058.7
15712000 315.886 -2009.92 1.20314 39479.5
15714000 318.658 -813.862 1.20581 39391.9
15716000 315.181 -393.548 1.21422 39119.2
15718000 314.508 -534.871 1.20343 39470
15720000 309.661 -495.017 1.19874 39624.3
15722000 312.497 1841.81 1.21094 39225.3
15724000 311.313 -1593.98 1.19295 39816.8
15726000 307.795 -1.08089 1.20895 39289.7
15728000 310.748 195.389 1.20232 39506.4
15730000 310.831 1297.25 1.19063 39894.1
15732000 315.676 1427.35 1.19701 39681.7
15734000 309.31 722.271 1.19962 39595.3
15736000 309.435 -432.681 1.208 39320.7
15738000 312.527 -1060 1.20042 39568.8
15740000 315.419 -626.4 1.19581 39721.4
15742000 310.407 -2222.99 1.20356 39465.7
15744000 316.023 222.053 1.19782 39654.9
15746000 323.729 -838.696 1.20379 39458.1
15748000 314.114 1096.25 1.20255 39498.9
15750000 318.097 -933.661 1.20406 39449.3
15752000 307.321 -3581.6 1.19563 39727.6
15754000 313.804 1318.17 1.1923 39838.4
15756000 309.469 -946.67 1.20111 39546.3
15758000 305.18 -72.7124 1.19801 39648.5
15760000 319.106 -1487.65 1.19836 39636.9
15762000 316.61 -1304.92 1.19709 39679
15764000 313.556 -1304.45 1.20144 39535.5
15766000 312.885 -894.449 1.19652 39697.9
15768000 309.84 -569.066 1.20313 39479.7
15770000 316.059 -370.017 1.19422 39774.4
15772000 315.385 -95.1242 1.1959 39718.5
15774000 321.088 615.682 1.19936 39603.8
15776000 310.605 1213.75 1.19265 39826.8
15778000 307.231 -590.15 1.18717 40010.4
15780000 314.328 611.336 1.19746 39666.9
15782000 317.091 -971.725 1.20018 39576.9
15784000 313.608 1043.13 1.18861 39962.1
15786000 310.909 1539.86 1.19664 39694
15788000 316.226 430.861 1.21278 39165.5
15790000 305.773 1172.82 1.20507 39416.3
15792000 305.742 2212.16 1.20179 39523.8
15794000 313.062 2169.73 1.21268 39168.8
15796000 313.426 -658.955 1.19543 39734.2
15798000 313.695 -434.945 1.20303 39483
15800000 309.671 -1288.97 1.19977 39590.3
15802000 315.114 267.07 1.20306 39482
15804000 322.109 1462.77 1.21037 39243.5
15806000 314.155 3417.07 1.2017 39526.7
15808000 308.098 -363.853 1.21075 39231.4
15810000 315.256 62.1769 1.19273 39823.9
15812000 315.558 -1242.75 1.2057 39395.7
15814000 312.957 -241.805 1.19897 39616.8
15816000 312.488 1147.24 1.19527 39739.5
15818000 316.808 -563.206 1.19957 39597.1
15820000 309.087 -1621.54 1.19957 39597
15822000 311.162 36.0248 1.20385 39456.4
15824000 315.877 -338.276 1.19429 39771.9
15826000 311.25 -178.425 1.20896 39289.5
15828000 314.689 1274.8 1.2031 39480.7
15830000 308.503 1429.42 1.20197 39517.9
15832000 320.433 1776.33 1.20868 39298.5
15834000 311.293 2240.92 1.22505 38773.3
15836000 305.533 -111.161 1.19663 39694.1
15838000 310.397 -1623.7 1.1926 39828.3
15840000 303.336 -1166.44 1.18703 40015.4
15842000 314.973 -2519.13 1.20416 39446.1
15844000 314.438 1223.44 1.19756 39663.3
15846000 319.942 485.942 1.22179 38876.7
15848000 307.453 -2317.64 1.20586 39390.3
15850000 311.616 1581.14 1.19821 39642
15852000 314.054 -842.651 1.19367 39792.7
15854000 309.623 1305.93 1.19162 39861.2
15856000 304.638 -938.069 1.19808 39646.2
15858000 318.493 -62.1307 1.19479 39755.4
15860000 311.638 -1755.25 1.20409 39448.4
15862000 316.031 15.6533 1.1951 39745
15864000 315.803 -262.373 1.19946 39600.6
15866000 312.348 -529.609 1.19241 39834.8
15868000 295.505 2115.66 1.20128 39540.8
15870000 317.373 534.559 1.20191 39519.9
15872000 311.199 -397.378 1.20349 39468.1
15874000 305.743 591.95 1.20403 39450.3
15876000 311.81 5.51949 1.1949 39751.7
15878000 315.269 1218.24 1.20326 39475.6
15880000 313.955 -262.944 1.19525 39740.1
15882000 313.818 -1253.4 1.19875 39624.2
15884000 315.111 183.599 1.2021 39513.7
15886000 312.63 1539.19 1.20972 39264.6
15888000 314.451 1847.21 1.20413 39447.1
15890000 310.558 1782.43 1.20183 39522.6
15892000 316.08 -801.175 1.20026 39574.2
15894000 317.554 2143.3 1.20272 39493.1
15896000 312.546 -1846.87 1.1921 39845
15898000 309.223 2331.92 1.22031 38924.1
15900000 317.984 -840.277 1.20402 39450.7
15902000 314.3 565.712 1.20533 39407.7
15904000 317.979 322.791 1.20507 39416.1
15906000 314.779 1061.04 1.19337 39802.6
15908000 306.059 1397.35 1.19336 39803.1
15910000 310.548 -1124.72 1.19836 39636.8
15912000 315.814 -578.231 1.19065 39893.7
15914000 312.417 399.044 1.20424 39443.4
15916000 315.373 -908.888 1.19405 39780
15918000 309.487 1122.73 1.20999 39256
15920000 314.975 747.364 1.19673 39691
15922000 316.156 1350.61 1.19506 39746.4
15924000 311.197 518.994 1.19682 39687.9
15926000 308.228 1380.74 1.20482 39424.4
15928000 309.825 -150.764 1.21181 39197.1
15930000 313.536 1712.72 1.20421 39444.5
15932000 312.804 977.675 1.20262 39496.4
15934000 317.619 2514.09 1.19385 39786.7
15936000 308.786 1002.24 1.21199 39191.2
15938000 309.289 1274.79 1.19946 39600.5
15940000 309.073 616.03 1.20568 39396.3
15942000 311.69 -956.071 1.19885 39620.8
15944000 310.324 435.265 1.1862 40043.3
15946000 313.986 -855.559 1.19785 39653.7
15948000 317.588 -37.119 1.19476 39756.2
15950000 317.783 -666.747 1.20205 39515.4
15952000 311.624 224.82 1.1974 39668.7
15954000 313.891 1111.46 1.20143 39535.7
15956000 304.464 1094.16 1.20459 39432
15958000 312.337 -439.027 1.19938 39603.3
15960000 313.664 -1878.94 1.1976 39662.2
15962000 312.073 -2413.9 1.1944 39768.4
15964000 314.047 -496.043 1.19575 39723.5
15966000 318.717 593.526 1.2108 39229.8
15968000 315.18 2732.94 1.20941 39274.8
15970000 312.959 -519.636 1.19637 39703
15972000 308.227 -274.447 1.20747 39337.9
15974000 310.717 405.85 1.1944 39768.5
15976000 317.726 1400.76 1.2019 39520.1
15978000 314.837 828.135 1.20013 39578.4
15980000 300.655 -329.523 1.20377 39458.7
15982000 309.055 -2333.18 1.19708 39679.4
15984000 312.019 -1289.41 1.19918 39609.7
15986000 315.516 3323.75 1.20363 39463.5
15988000 314.041 -1416.68 1.19405 39780.2
15990000 304.71 1255.36 1.19975 39591.1
15992000 309.215 -2146.96 1.20481 39424.6
15994000 309.097 1384.68 1.21008 39252.9
15996000 313.78 113.679 1.20069 39560
15998000 311.355 -1045.79 1.19405 39780.1
16000000 318.355 1143.24 1.20203 39515.8
16002000 314.51 244.673 1.20436 39439.6
16004000 317.959 -1781.86 1.20937 39276.2
16006000 307.641 -1516.81 1.19728 39672.8
16008000 310.175 128.683 1.19856 39630.5
16010000 313.447 751.314 1.19357 39796.1
16012000 313.994 289.526 1.20114 39545.1
16014000 306.215 -801.606 1.2105 39239.6
16016000 312.18 0.839621 1.19889 39619.6
16018000 310.555 1649.07 1.19871 39625.5
16020000 313.244 -370.019 1.19783 39654.4
16022000 316.503 1755.9 1.21129 39213.8
16024000 312.037 467.451 1.18974 39924.2
16026000 305.855 1345.11 1.19284 39820.5
16028000 315.946 283.281 1.20997 39256.6
16030000 315.619 520.061 1.20218 39511.1
16032000 308.836 -737.481 1.20276 39492
16034000 312.212 -581.158 1.20239 39504.1
16036000 311.671 1389.5 1.20325 39475.9
16038000 311.645 1340.88 1.20669 39363.4
16040000 306.959 -78.046 1.20481 39424.6
16042000 310.386 3511.86 1.20139 39537.1
16044000 310.835 -473.051 1.20401 39451.1
16046000 310.792 19.3074 1.20969 39265.7
16048000 314.012 -1121.85 1.19884 39621
16050000 313.429 -696.752 1.20309 39481.3
16052000 312.745 1480.4 1.19761 39661.7
16054000 312.867 -1514.39 1.20053 39565.2
16056000 311.803 -741.188 1.20579 39392.7
16058000 307.725 -837.982 1.2011 39546.7
16060000 314.865 -107.363 1.19571 39724.6
16062000 312.18 1514.63 1.21719 39023.8
16064000 316.762 -613.695 1.19538 39735.9
16066000 316.19 1908.12 1.19624 39707.3
16068000 318.299 1379.01 1.20973 39264.5
16070000 317.204 -325.093 1.19734 39670.7
16072000 310.045 -2067.69 1.19477 39756.2
16074000 317.162 1025.52 1.1909 39885.1
16076000 308.633 340.522 1.19632 39704.5
16078000 311.196 1082.65 1.20308 39481.4
16080000 319.436 116.722 1.19605 39713.5
16082000 311.694 1960.62 1.20769 39330.8
16084000 316.31 8.06103 1.21688 39033.6
16086000 318.178 -472.672 1.20617 39380.3
16088000 318.306 -648.336 1.19769 39659
16090000 314.016 2427.84 1.21427 39117.5
16092000 320.818 -1022.32 1.19864 39627.7
16094000 318.73 -414.661 1.20237 39504.7
16096000 316.285 -89.3121 1.1961 39711.8
16098000 309.223 531.761 1.1881 39979.1
16100000 318.131 826.328 1.19472 39757.7
16102000 309.089 -427.955 1.20633 39375
16104000 318.197 -1462.35 1.20354 39466.4
16106000 309.496 885.354 1.20146 39534.6
16108000 316.682 -92.6093 1.20647 39370.5
16110000 310.728 925.13 1.20016 39577.5
16112000 314.751 -136.757 1.20619 39379.8
16114000 316.716 1234.14 1.20108 39547.2
16116000 311.413 350.665 1.20122 39542.7
16118000 314.836 566.66 1.19392 39784.3
16120000 305.574 1122.34 1.20052 39565.6
16122000 307.839 -138.543 1.21382 39132
16124000 313.135 549.137 1.19859 39629.2
16126000 314.466 605.208 1.2113 39213.4
16128000 311.471 1153.91 1.20582 39391.6
16130000 308.008 478.814 1.20387 39455.7
16132000 310.015 -486.769 1.20301 39483.8
16134000 310.537 -592.09 1.20079 39556.6
16136000 320.416 -78.5003 1.1983 39639
16138000 313.354 -9.03613 1.2054 39405.4
16140000 312.438 -39.8814 1.20231 39506.9
16142000 313.57 -2280.07 1.19335 39803.2
16144000 311.812 660.097 1.19616 39709.9
16146000 316.642 -1158.81 1.19499 39748.7
16148000 318.565 -360.7 1.19782 39654.8
16150000 315.382 -297.485 1.20268 39494.5
16152000 316.031 -1902.97 1.19873 39624.8
16154000 313.005 2084.06 1.20651 39369.2
16156000 321.347 605.134 1.21212 39187
16158000 309.606 -940.319 1.20198 39517.5
16160000 316.363 -751.323 1.19805 39647
16162000 313.155 1376.39 1.19852 39631.6
16164000 319.66 -1530.64 1.19583 39720.9
16166000 309.674 1580.23 1.18999 39915.7
16168000 307.367 602.986 1.20102 39549.1
16170000 312.056 644.671 1.20515 39413.5
16172000 314.889 694.903 1.20816 39315.6
16174000 309.906 -756.758 1.20988 39259.5
16176000 312.552 -270.024 1.19262 39827.8
16178000 310.174 -368.701 1.20324 39476.3
16180000 304.141 -568.534 1.19184 39853.8
16182000 316.557 549.189 1.18691 40019.2
16184000 305.58 -1681.32 1.19019 39908.9
16186000 321.2 -1341.99 1.19897 39616.7
16188000 320.992 -52.8703 1.19732 39671.4
16190000 309.691 -13.9342 1.201 39549.7
16192000 307.829 -895.315 1.19586 39719.7
16194000 314.407 859.567 1.20557 39399.8
16196000 310.38 272.975 1.20535 39407
16198000 317.965 -389.765 1.18873 39958.2
16200000 309.405 -1940.82 1.19755 39663.9
16202000 306.531 -1801.22 1.1942 39775
16204000 310.214 606.894 1.20242 39503.1
16206000 313.626 -1259.86 1.20588 39389.8
16208000 304.895 -1004.6 1.20148 39533.9
16210000 307.889 -949.998 1.20543 39404.4
16212000 319.727 -1092.26 1.20076 39557.8
16214000 310.167 -1941.14 1.20187 39521
16216000 320.829 631.527 1.203 39484
16218000 317.173 80.6469 1.20249 39500.9
16220000 315.84 -53.065 1.20135 39538.2
16222000 310.901 449.389 1.20468 39429
16224000 312.613 70.0129 1.19746 39666.8
16226000 315.471 -511.252 1.19006 39913.4
16228000 312.057 -128.768 1.20599 39386.1
16230000 317.265 1464.78 1.19804 39647.5
16232000 312.239 98.4903 1.19651 39698.3
16234000 314.047 311.261 1.19883 39621.5
16236000 309.837 1090.37 1.19967 39593.7
16238000 311.181 112.115 1.20403 39450.2
16240000 313.416 -589.577 1.19358 39795.6
16242000 316.556 2381.97 1.19089 39885.7
16244000 317.433 -276.538 1.1933 39805.2
16246000 303.541 -1011.26 1.18875 39957.5
16248000 315.586 -1162.64 1.19833 39638.1
16250000 313.28 -1311.74 1.19486 39753.2
16252000 316.9 763.763 1.19957 39596.9
16254000 318.6 658.302 1.21319 39152.5
16256000 317.418 679.475 1.20135 39538.4
16258000 312.866 -697.588 1.2118 39197.4
16260000 313.202 294.544 1.18949 39932.4
16262000 315.11 1502.36 1.19382 39787.6
16264000 314.817 1353.62 1.19269 39825.3
16266000 322.823 663.532 1.19751 39665.1
16268000 309.235 -195.621 1.1954 39735.1
16270000 310.753 1393.27 1.2055 39402.3
16272000 307.104 -2051.57 1.19685 39687.1
16274000 315.691 1091.67 1.20342 39470.3
16276000 312.234 1546.46 1.21062 39235.6
16278000 318.577 1615.45 1.19062 39894.5
16280000 322.49 1465.23 1.20894 39290.1
16282000 311.336 1188.37 1.20447 39435.9
16284000 307.586 133.609 1.19612 39711.1
16286000 316.08 -666.712 1.21127 39214.6
16288000 310.216 -154.4 1.20413 39447
16290000 316.082 -1266.34 1.20106 39548
16292000 317.447 2050.34 1.19714 39677.4
16294000 317.869 1658.4 1.20513 39414.2
16296000 315.767 2278.17 1.19728 39672.5
16298000 319.707 191.48 1.19944 39601.4
16300000 312.269 -1267.39 1.19901 39615.3
16302000 312.206 -2861.37 1.19699 39682.2
16304000 313.17 2348.38 1.21241 39177.8
16306000 316.027 58.5077 1.19563 39727.6
16308000 313.422 631.548 1.19161 39861.3
16310000 308.683 33.4999 1.19621 39708.1
16312000 317.381 1133.64 1.20276 39492
16314000 314.675 -344.31 1.20291 39486.9
16316000 314.369 58.726 1.19561 39728.2
16318000 320.899 -1075.91 1.19944 39601.2
16320000 310.592 -121.208 1.20729 39343.8
16322000 316.28 -1119.86 1.19942 39601.9
16324000 305.294 719.517 1.20458 39432.4
16326000 321.859 2198.99 1.19394 39783.7
16328000 309.715 1106.61 1.19921 39608.7
16330000 311.924 -2419.5 1.19719 39675.6
16332000 312.719 2139.72 1.19714 39677.3
16334000 312.372 -695.206 1.20253 39499.5
16336000 311.269 584.234 1.20206 39515
16338000 316.189 1098.73 1.19979 39589.8
16340000 302.709 241.172 1.21959 38946.9
16342000 315.322 1550.29 1.20271 39493.7
16344000 314.683 -591.197 1.20664 39365
16346000 313.322 -1104.97 1.20135 39538.3
16348000 311.154 -1502.74 1.19978 39589.9
16350000 320.912 1299.21 1.19934 39604.5
16352000 312.774 778.617 1.20445 39436.4
16354000 315.204 -1416.24 1.20857 39302
16356000 316.282 768.285 1.1996 39595.8
16358000 313.907 320.657 1.20026 39574.2
16360000 309.219 -1455.7 1.19594 39717.1
16362000 315.951 1060.04 1.1954 39735.2
16364000 303.085 -545.472 1.20316 39478.8
16366000 316.048 377.05 1.19923 39608.2
16368000 310.393 546.94 1.20567 39396.5
16370000 306.704 7.76253 1.20428 39442.2
16372000 307.322 -996.904 1.21048 39239.9
16374000 314.262 -764.629 1.20818 39314.8
16376000 312.371 1006.84 1.19802 39648.2
16378000 320.545 -1193.06 1.19898 39616.3
16380000 317.452 234.7 1.1974 39668.8
16382000 320.535 -1259.24 1.19939 39603
16384000 312.032 -2301.29 1.19747 39666.4
16386000 307.992 773.095 1.19543 39734.2
16388000 313.353 1736.17 1.20325 39475.7
16390000 307.838 391.139 1.20308 39481.4
16392000 321.414 2214.46 1.19932 39605.2
16394000 314.376 323.857 1.20828 39311.6
16396000 310.018 -278.316 1.20021 39575.8
16398000 317.111 368.8 1.20439 39438.5
16400000 305.657 363.91 1.20744 39338.8
16402000 317.084 -804.465 1.20178 39524.2
16404000 312.894 -819.71 1.20375 39459.6
16406000 310.576 -1110.45 1.21008 39253
16408000 310.075 1132.3 1.20996 39257
16410000 315.783 -2413.12 1.20961 39268.2
16412000 310.441 560.298 1.19811 39645.3
16414000 308.948 -2121.58 1.1997 39592.8
16416000 313.55 -290.571 1.1937 39791.5
16418000 305.489 1465.05 1.19975 39591.2
16420000 317.438 603.311 1.20442 39437.5
16422000 311.376 -1052.17 1.1973 39671.9
16424000 317.891 68.0376 1.20832 39310.3
16426000 312.963 1543.51 1.20685 39358.3
16428000 306.876 -257.067 1.20695 39354.7
16430000 310.159 -2584.03 1.20404 39449.8
16432000 306.479 -134.03 1.19708 39679.3
16434000 319.129 -658.415 1.20722 39346.1
16436000 315.799 -1583.21 1.1969 39685.1
16438000 308.37 -48.226 1.18884 39954.4
16440000 315.611 -727.559 1.2022 39510.4
16442000 306.498 -594.011 1.19917 39610.2
16444000 316.385 1457.54 1.19697 39683
16446000 318.291 -97.2663 1.20908 39285.5
16448000 317.43 -2721.31 1.20704 39352
16450000 316.505 214.242 1.19073 39890.8
16452000 307.38 956.507 1.2003 39572.8
16454000 315.638 -429.18 1.20364 39463
16456000 321.517 744.642 1.19869 39626
16458000 312.096 1845.33 1.20869 39298.1
16460000 309.17 884.143 1.20461 39431.2
16462000 319.513 213.081 1.19888 39619.8
16464000 315.509 -804.43 1.20335 39472.7
16466000 314.457 -1755.27 1.21142 39209.6
16468000 313.517 -934.525 1.20062 39562.4
16470000 310.758 -722.554 1.1972 39675.3
16472000 312.024 301.896 1.19048 39899.3
16474000 313.7 1776.48 1.20422 39444.1
16476000 312.914 -350.311 1.19498 39748.9
16478000 315.171 -221.558 1.20183 39522.4
16480000 311.146 1763.18 1.20433 39440.6
16482000 309.712 -99.1582 1.2216 38883
16484000 320.01 -369.044 1.20308 39481.3
16486000 314.305 696.094 1.19663 39694.2
16488000 305.875 384.103 1.1997 39592.8
16490000 309.64 -469.789 1.20777 39328.1
16492000 311.783 -1161.9 1.197 39682
16494000 314.611 1105.45 1.20514 39413.9
16496000 314.88 -1886.59 1.19751 39665
16498000 310.455 -473.656 1.1971 39678.6
16500000 312.261 -1143.88 1.19997 39583.9
16502000 313.959 -1672.85 1.20316 39478.9
16504000 314.265 -1121.79 1.21293 39160.8
16506000 315.084 2360.66 1.20931 39278
16508000 316.115 1405.91 1.20152 39532.6
16510000 307.188 1440.24 1.19479 39755.5
16512000 315.852 976.648 1.206 39385.8
16514000 317.142 -1199.71 1.20299 39484.6
16516000 309.125 -2532.14 1.20171 39526.4
16518000 317.073 -750.811 1.19745 39667.2
16520000 312.193 -17.4961 1.19564 39727
16522000 311.606 -3107 1.2015 39533.4
16524000 305.487 1724.6 1.20845 39306.1
16526000 312.943 -2455.5 1.20167 39527.7
16528000 302.913 793.544 1.20929 39278.6
16530000 318.695 1563.05 1.20384 39456.5
16532000 320.114 637.642 1.19179 39855.4
16534000 313.924 -1666.36 1.2018 39523.6
16536000 315.274 194.247 1.19516 39743.2
16538000 306.464 -912.062 1.19577 39722.9
16540000 315.289 -333.633 1.19692 39684.7
16542000 314.659 2243.54 1.20392 39453.9
16544000 305.433 1349.55 1.20245 39502.2
16546000 314.517 237.079 1.20398 39452
16548000 310.945 -1712.48 1.20717 39347.8
16550000 318.757 -2133.59 1.1935 39798.5
16552000 311.184 1469.43 1.21059 39236.6
16554000 319.469 -380.119 1.19485 39753.4
16556000 314.982 60.39 1.20306 39482.1
16558000 313.68 -1557.07 1.2001 39579.6
16560000 311.469 189.422 1.19981 39589.2
16562000 315.234 -741.191 1.20314 39479.4
16564000 306.416 -417.501 1.2036 39464.3
16566000 310.169 614.613 1.20418 39445.4
16568000 323.953 1175.46 1.20352 39466.9
16570000 314.869 -2144.2 1.20789 39324.3
16572000 311.966 -1841.68 1.20577 39393.4
16574000 318.107 116.049 1.21726 39021.4
16576000 313.014 74.2659 1.20857 39302.2
16578000 323.864 -423.636 1.21016 39250.5
16580000 311.443 1144.99 1.20787 39324.8
16582000 316.325 -784.027 1.20625 39377.6
16584000 316.239 -783.399 1.20232 39506.3
16586000 312.497 -603.909 1.2085 39304.2
16588000 314.142 -114.432 1.19106 39880
16590000 317.667 1111.18 1.20767 39331.5
16592000 313.808 -212.453 1.20471 39428
16594000 315.422 -795.64 1.2064 39372.9
16596000 316.165 239.033 1.19742 39667.9
16598000 302.488 828.988 1.20333 39473.2
16600000 324.07 1306.16 1.20428 39442
16602000 315.617 1666.2 1.21342 39145.1
16604000 318.51 -1232.24 1.20011 39579.2
16606000 314.048 609.032 1.20434 39440.1
16608000 314.288 1506.77 1.19848 39633
16610000 311.825 1008.44 1.20444 39437
16612000 315.048 -586.163 1.20423 39443.9
16614000 311.009 -8.50959 1.20362 39463.6
16616000 316.245 -1799.07 1.2047 39428.4
16618000 311.365 -992.921 1.2041 39448.1
16620000 316.748 192.057 1.20061 39562.7
16622000 318.206 -1379.22 1.19897 39616.7
16624000 312.559 231.808 1.19776 39656.9
16626000 318.106 1841.7 1.20259 39497.4
16628000 314.544 173.934 1.20239 39504
16630000 314.059 1544.18 1.19598 39715.7
16632000 309.482 506.089 1.19461 39761.3
16634000 310.054 -371.853 1.19886 39620.4
16636000 310.552 -1141.57 1.20335 39472.5
16638000 314.608 1022.49 1.21704 39028.5
16640000 309.296 -1298.75 1.20004 39581.5
16642000 311.938 -1673.89 1.21344 39144.3
16644000 309.413 1380.88 1.20146 39534.7
16646000 309.134 235.686 1.20657 39367.2
16648000 318.972 -893.664 1.2059 39389
16650000 314.577 -1506.42 1.19617 39709.4
16652000 309.939 1355.26 1.20562 39398.3
16654000 315.324 1934.77 1.20262 39496.6
16656000 314.485 507.833 1.19654 39697.1
16658000 310.722 113.756 1.20822 39313.4
16660000 316.329 1267.07 1.20652 39369
16662000 311.063 2652.01 1.21209 39187.9
16664000 310.287 -335.662 1.20992 39258.3
16666000 310.157 1402.63 1.20386 39456
16668000 317.982 183.976 1.20082 39555.7
16670000 312.505 -704.249 1.18225 40177
16672000 308.425 1048.28 1.21597 39063.1
16674000 316.875 1953.53 1.20836 39309
16676000 313.71 -442.686 1.18894 39951.1
16678000 313.086 837.145 1.19601 39714.9
16680000 309.78 -789.83 1.19389 39785.4
16682000 318.124 1975.43 1.20667 39364
16684000 313.899 1607.63 1.20435 39440
16686000 315.996 412.385 1.20367 39462.1
16688000 318.975 2984.56 1.20899 39288.4
16690000 316.67 381.864 1.20055 39564.7
16692000 317.118 -516.358 1.20005 39581.2
16694000 315.554 915.489 1.19901 39615.4
16696000 312.058 197.971 1.18918 39942.8
16698000 311.933 964.087 1.19319 39808.6
16700000 313.151 5.76501 1.21099 39223.6
16702000 315.004 -1573.51 1.21068 39233.7
16704000 316.24 3526.4 1.20496 39419.9
16706000 311.884 136.335 1.20293 39486.4
16708000 318.03 1021.02 1.21906 38963.9
16710000 303.328 -941.875 1.20492 39421
16712000 310.644 -882.852 1.20893 39290.3
16714000 310.754 693.427 1.20591 39388.9
16716000 305.582 -134.895 1.2024 39503.9
16718000 321.484 -317.038 1.20292 39486.7
16720000 305.788 -797.387 1.19774 39657.6
16722000 315.083 -2093.07 1.20085 39554.8
16724000 315.512 668.688 1.19731 39671.7
16726000 303.562 -2650.88 1.19932 39605.2
16728000 319.358 -300.339 1.19936 39603.8
16730000 309.126 -2039.63 1.19527 39739.5
16732000 316.87 -517.922 1.1916 39861.9
16734000 313.724 -509.805 1.19413 39777.4
16736000 311.295 1178.23 1.2042 39444.9
16738000 305.366 -1381.25 1.19601 39714.8
16740000 314.426 -198.271 1.20185 39521.9
16742000 317.426 -490.716 1.19077 39889.7
16744000 303.826 -230.595 1.19469 39758.7
16746000 314.467 -174.407 1.19366 39793.1
16748000 315.271 30.1021 1.1961 39711.8
16750000 318.558 1243.28 1.19937 39603.7
16752000 315.074 -880.348 1.20286 39488.6
16754000 307.896 1699.77 1.20929 39278.7
16756000 320.097 751.207 1.20354 39466.2
16758000 316.129 715.337 1.20905 39286.4
16760000 312.944 491.061 1.19327 39806
16762000 304.778 687.729 1.19482 39754.3
16764000 313.728 2482.68 1.19516 39743
16766000 311.282 -1883.97 1.19955 39597.8
16768000 306.699 563.363 1.20741 39339.9
16770000 314.431 -1365.42 1.20421 39444.3
16772000 318.314 718.894 1.20184 39522.3
16774000 314.599 -1076.7 1.19135 39870.1
16776000 310.172 -1344.71 1.20665 39364.8
16778000 312.902 -1180.81 1.19848 39632.9
16780000 308.446 -1352.57 1.19155 39863.6
16782000 311.631 318.976 1.19786 39653.6
16784000 314.338 1543.14 1.20247 39501.6
16786000 319.234 -292.535 1.20255 39498.9
16788000 315.18 -112.773 1.20103 39548.8
16790000 312.803 762.786 1.20152 39532.7
16792000 313.187 -197.587 1.19571 39724.9
16794000 310.032 1011.4 1.19931 39605.5
16796000 318.797 -718.677 1.19786 39653.5
16798000 314.564 -1271.61 1.20719 39347
16800000 320.553 272.553 1.2006 39562.8
16802000 309.365 -174.727 1.2019 39520.3
16804000 318.874 1022.65 1.2077 39330.5
16806000 315.996 2127.93 1.21429 39116.9
16808000 309.821 339.622 1.1982 39642.4
16810000 313.245 793.613 1.19397 39782.6
16812000 320.064 970.502 1.19799 39649.2
16814000 314.451 -82.6496 1.20346 39469
16816000 304.945 -4138.51 1.19571 39724.7
16818000 315.695 -1098.6 1.19221 39841.3
16820000 313.741 -1314.69 1.2104 39242.6
16822000 320.079 830.038 1.20002 39582.2
16824000 314.415 435.368 1.20555 39400.5
16826000 310.606 352.702 1.20577 39393.2
16828000 309.305 143.567 1.19927 39607
16830000 306.892 210.123 1.20058 39563.6
16832000 320.004 -52.3562 1.19957 39597.1
16834000 313.683 411.654 1.20586 39390.3
16836000 314.872 -2842.49 1.2035 39467.6
16838000 305.139 73.3742 1.20124 39542.1
16840000 315.626 273.695 1.19211 39844.8
16842000 309.931 1646.73 1.20071 39559.4
16844000 316.841 186.472 1.18873 39957.9
16846000 311.028 1352.68 1.19799 39649.3
16848000 312.93 1132.46 1.19828 39639.5
16850000 318.816 636.312 1.19881 39622
16852000 314.196 -454.547 1.19186 39853.1
16854000 309.076 117.456 1.20108 39547.3
16856000 315.975 -949.124 1.19836 39637
16858000 319.26 902.651 1.20417 39445.6
16860000 314.078 495.715 1.19301 39814.7
16862000 314.534 1713.51 1.19507 39746.2
16864000 309.147 -819.83 1.20314 39479.4
16866000 312.105 -16.5899 1.20389 39454.8
16868000 306.091 -287.329 1.19881 39622.2
16870000 315.293 -319.328 1.20519 39412.3
16872000 314.205 1395.26 1.20065 39561.5
16874000 317.602 -907.766 1.2013 39540
16876000 311.714 -724.41 1.20468 39429
16878000 314.255 -1069.97 1.20615 39381
16880000 315.811 791.831 1.19209 39845.4
16882000 310.247 -1143.27 1.21994 38935.6
16884000 313.403 847.866 1.20776 39328.4
16886000 310.568 -1332.88 1.19705 39680.3
16888000 309.412 -2515.37 1.19969 39592.9
16890000 314.448 -125.836 1.20702 39352.7
16892000 310.075 705.5 1.19955 39597.5
16894000 313.21 1968.05 1.20523 39411.1
16896000 310.908 846.487 1.20356 39465.7
16898000 316.491 -1067.03 1.20119 39543.7
16900000 309.155 1095.69 1.2057 39395.8
16902000 316.312 -1516.61 1.19371 39791.4
16904000 312.804 975.838 1.21052 39238.9
16906000 318.965 2150.05 1.20915 39283.3
16908000 319.514 230.717 1.21174 39199.2
16910000 310.157 724.507 1.20169 39527.1
16912000 323.101 -317.69 1.2015 39533.2
16914000 315.627 -833.011 1.20509 39415.7
16916000 305.125 502.131 1.21108 39220.6
16918000 308.229 457.902 1.20675 39361.3
16920000 315.211 -1537.39 1.20491 39421.6
16922000 311.054 795.368 1.2073 39343.6
16924000 317.333 1221.36 1.19812 39644.9
16926000 311.493 -1513.79 1.19903 39614.9
16928000 310.908 2529.23 1.20888 39292.1
16930000 316.998 -450.367 1.19312 39811.2
16932000 309.652 1799.17 1.20314 39479.4
16934000 319.413 -34.1515 1.19693 39684.3
16936000 314.384 497.289 1.19961 39595.5
16938000 323.985 -1363.35 1.20852 39303.8
16940000 309.535 -391.693 1.19369 39792
16942000 313.468 340.703 1.19448 39765.8
16944000 311.296 -58.355 1.20521 39411.6
16946000 312.679 -290.331 1.21119 39217.2
16948000 304.16 -589.876 1.19883 39621.4
16950000 309.931 -1503.75 1.20346 39469.1
16952000 316.398 174.775 1.21122 39216.2
16954000 313.213 471.398 1.20599 39386.2
16956000 311.928 -1457.28 1.20959 39269.1
16958000 316.143 -774.841 1.20183 39522.4
16960000 315.022 604.456 1.19659 39695.7
16962000 316.37 1246.46 1.19986 39587.3
16964000 310.4 -842.281 1.2005 39566.2
16966000 309.727 -256.51 1.20508 39416
16968000 311.645 2537.72 1.21352 39141.8
16970000 313.578 1435.53 1.20621 39379.1
16972000 314.031 -588.94 1.19515 39743.4
16974000 315.446 -1041.89 1.20487 39422.7
16976000 311.904 202.213 1.19512 39744.4
16978000 312.597 438.105 1.20669 39363.2
16980000 309.31 298.416 1.20403 39450.2
16982000 314.87 -873.884 1.202 39516.8
16984000 310.882 453.656 1.20754 39335.6
16986000 313.479 1458.28 1.20815 39315.8
16988000 309.277 991.159 1.2005 39566.2
16990000 318.806 -700.537 1.19854 39631.1
16992000 318.569 -906.959 1.20331 39473.9
16994000 308.078 -1885.14 1.20472 39427.8
16996000 315.902 1069.57 1.20325 39475.7
16998000 321.294 1096.57 1.20355 39466
17000000 312.733 -597.109 1.19897 39616.7
17002000 308.135 596.521 1.1986 39629.2
17004000 314.006 -646.893 1.20264 39496
17006000 317.578 802.88 1.19691 39685
17008000 315.603 1723.98 1.21226 39182.5
17010000 312.694 706.877 1.20521 39411.6
17012000 307.8 -1877.2 1.21407 39124.2
17014000 312.141 -895.814 1.19878 39623.1
17016000 314.242 -2420.24 1.20393 39453.7
17018000 310.71 1828.48 1.20609 39383
17020000 316.116 2015.67 1.21248 39175.4
17022000 313.257 1166.36 1.2081 39317.5
17024000 311.121 1911.34 1.19818 39642.9
17026000 317.883 710.272 1.21081 39229.4
17028000 318.01 2034.26 1.20131 39539.7
17030000 308.579 -219.425 1.20665 39364.5
17032000 306.417 7.28807 1.1971 39678.6
17034000 318.451 -425.923 1.2121 39187.5
17036000 312.802 -462.166 1.20011 39579
17038000 322.427 -309.258 1.20638 39373.3
17040000 303.385 -1392.61 1.2058 39392.2
17042000 313.856 11.335 1.20083 39555.4
17044000 310.164 -307.709 1.19303 39814.1
17046000 311.022 -274.973 1.20194 39519
17048000 309.383 1053.07 1.19719 39675.6
17050000 315.68 -283.619 1.20251 39500.3
17052000 310.109 881.073 1.19449 39765.5
17054000 320.651 1416.16 1.20938 39275.7
17056000 313.175 -2257.98 1.19313 39810.7
17058000 311.69 -788.77 1.20014 39578.2
17060000 318.406 205.479 1.21059 39236.6
17062000 313.207 -1045.8 1.20211 39513.3
17064000 316.695 1925.05 1.21186 39195.3
17066000 312.926 -1879.56 1.20846 39305.5
17068000 303.542 121.175 1.2116 39203.9
17070000 319.442 1518.72 1.20957 39269.5
17072000 311.419 1282.92 1.20321 39477.1
17074000 310.617 -1009.43 1.20229 39507.4
17076000 311.037 -1417.35 1.20077 39557.5
17078000 323.203 -2328.29 1.20129 39540.1
17080000 312.506 -1276.56 1.19533 39737.6
17082000 310.975 -214.968 1.20533 39407.8
17084000 311.147 -719.491 1.19588 39719.3
17086000 310.831 877.051 1.19625 39706.7
17088000 308.988 547.245 1.19795 39650.6
17090000 313.938 -789.493 1.20792 39323.3
17092000 312.098 3448.45 1.19759 39662.5
17094000 311.796 881.497 1.19229 39838.8
17096000 303.736 704.337 1.20596 39387.2
17098000 312.082 -896.431 1.20404 39450.1
17100000 311.967 2655.79 1.20243 39502.8
17102000 316.56 1842.71 1.20981 39262
17104000 306.919 -34.1836 1.20862 39300.3
17106000 320.956 2677.52 1.20194 39518.8
17108000 308.789 1446.12 1.20944 39274
17110000 313.347 -227.285 1.21215 39186.1
17112000 312.455 1540.1 1.19684 39687.4
17114000 312.344 339.44 1.20295 39485.7
17116000 313.551 -1894.2 1.20017 39577.1
17118000 307.98 -998.177 1.18562 40063
17120000 308.054 774.799 1.20411 39447.7
17122000 316.993 -877.747 1.21368 39136.7
17124000 312.137 -431.243 1.19323 39807.3
17126000 309.022 -823.529 1.20827 39311.8
17128000 311.766 -235.127 1.20679 39359.9
17130000 319.214 796.804 1.1977 39658.8
17132000 308.368 -1534.9 1.20052 39565.5
17134000 312.041 -2410.34 1.19946 39600.7
17136000 312.893 -301.257 1.19888 39619.7
17138000 319.113 478.628 1.19606 39713.1
17140000 317.398 -1176.39 1.20536 39406.7
17142000 311.455 661.923 1.21063 39235.3
17144000 312.943 32.0296 1.20871 39297.7
17146000 317.063 -375.597 1.20143 39535.8
17148000 311.048 -466.214 1.20572 39394.9
17150000 310.952 -695.821 1.20542 39404.9
17152000 317.663 1349.8 1.21288 39162.4
17154000 314.179 -844.4 1.20011 39579.1
17156000 307.632 690.294 1.19956 39597.3
17158000 314.193 867.993 1.20777 39328.1
17160000 309.293 741.258 1.20869 39298.1
17162000 310.343 -39.0624 1.20453 39434
17164000 317.42 -2141.34 1.19251 39831.4
17166000 312.315 -938.577 1.19599 39715.5
17168000 319.558 -403.507 1.20251 39500.2
17170000 309.767 -2837.89 1.19639 39702.2
17172000 315.641 1071.13 1.21069 39233.2
17174000 316.221 2410.65 1.19807 39646.4
17176000 317.077 -31.1248 1.19954 39597.8
17178000 315.708 -1561.73 1.20101 39549.6
17180000 304.892 -205.389 1.18838 39969.9
17182000 317.045 174.572 1.20317 39478.4
17184000 306.224 780.746 1.2041 39448.1
17186000 315.575 757.498 1.20787 39325
17188000 307.571 -687.733 1.19652 39698
17190000 319.066 689.908 1.19814 39644.2
17192000 307.279 1590.95 1.20022 39575.4
17194000 313.531 -1050.09 1.19763 39661.3
17196000 317.179 -1561.46 1.21075 39231.3
17198000 311.602 4051.32 1.20909 39285.3
17200000 313.914 -236.584 1.20863 39300.3
17202000 320.893 -1031.55 1.1962 39708.5
17204000 308.968 -496.853 1.20267 39495
17206000 315.049 -193.207 1.20277 39491.8
17208000 310.862 584.463 1.20559 39399.2
17210000 311.206 1014.85 1.20869 39298.1
17212000 313.446 383.972 1.20524 39410.6
17214000 302.738 -99.1448 1.1958 39721.9
17216000 315.711 -796.171 1.20656 39367.6
17218000 306.395 -577.43 1.20276 39492
17220000 313.813 174.489 1.20224 39509.1
17222000 314.816 -52.4453 1.19937 39603.6
17224000 308.531 733.5 1.20721 39346.5
17226000 319.513 355.873 1.20501 39418.4
17228000 319.134 -736.066 1.20387 39455.5
17230000 315.61 -890.034 1.20295 39485.8
17232000 313.763 1919.45 1.20897 39289
17234000 313.305 106.942 1.20074 39558.3
17236000 316.685 246.977 1.19717 39676.4
17238000 315.413 685.125 1.2021 39513.6
17240000 313.366 -2155.9 1.20635 39374.4
17242000 316.483 -1735.3 1.20947 39272.9
17244000 318.774 2294.05 1.20713 39349.1
17246000 312.092 -1068.02 1.20239 39504
17248000 312.146 -949.702 1.20069 39559.9
17250000 310.624 279.498 1.20112 39545.9
17252000 313.939 -918.739 1.20109 39546.9
17254000 314.229 -464.418 1.21382 39132.1
17256000 312.303 903.735 1.19619 39708.9
17258000 316.019 598.608 1.20433 39440.5
17260000 309.246 -170.401 1.2044 39438.2
17262000 316.413 -572.238 1.2029 39487.5
17264000 314.601 234.242 1.19572 39724.4
17266000 310.122 1821.96 1.20478 39425.6
17268000 317.148 -787.033 1.19424 39773.6
17270000 314.535 -1498.53 1.18818 39976.5
17272000 307.514 -125.837 1.19844 39634.4
17274000 310.994 -304.374 1.19412 39777.6
17276000 314.837 -384.547 1.19713 39677.6
17278000 309.03 1875.9 1.20925 39279.9
17280000 314.537 -342.324 1.18989 39919.2
17282000 318.049 192.362 1.1939 39785
17284000 307.848 -1266.9 1.19292 39817.8
17286000 306.988 1190.68 1.20989 39259.1
17288000 315.577 750.946 1.19292 39817.7
17290000 307.424 642.279 1.19844 39634.2
17292000 316.834 2637.9 1.20208 39514.4
17294000 300.103 -797.196 1.19717 39676.4
17296000 308.956 -1421.38 1.19636 39703.1
17298000 314.456 -2421.22 1.20224 39509
17300000 312.111 200.674 1.20619 39379.7
17302000 311.077 -408.206 1.20368 39461.7
17304000 311.464 974.505 1.19887 39620
17306000 308.53 2863.98 1.19488 39752.5
17308000 318.273 -722.548 1.19286 39819.7
17310000 305.048 -856.343 1.18919 39942.4
17312000 312.656 666.942 1.19784 39654.2
17314000 309.719 -736.644 1.19753 39664.6
17316000 320.657 -294.142 1.20932 39277.8
17318000 314.559 -391.848 1.19589 39718.9
17320000 312.171 202.664 1.20607 39383.5
17322000 308.129 1434.6 1.20724 39345.3
17324000 315.31 -828.682 1.20635 39374.3
17326000 306.915 -1731.02 1.21062 39235.6
17328000 317.117 495.282 1.20271 39493.6
17330000 310.753 723.377 1.21161 39203.4
17332000 308.163 123.369 1.19732 39671.3
17334000 312.97 -182.008 1.19215 39843.4
17336000 311.607 286.148 1.20233 39506.2
17338000 313.504 1384.12 1.20803 39319.5
17340000 315.42 -1871.04 1.19431 39771.3
17342000 309.428 2714.22 1.20132 39539.3
17344000 314.174 -2144.94 1.19471 39757.9
17346000 312.689 -1239.06 1.20512 39414.5
17348000 314.59 893.731 1.20399 39451.5
17350000 306.443 -355.637 1.20451 39434.5
17352000 307.51 105.207 1.20629 39376.3
17354000 314.159 -501.807 1.19802 39648.1
17356000 305.03 2492.74 1.21062 39235.5
17358000 316.167 787.526 1.20895 39289.7
17360000 305.052 -1592.65 1.20556 39400.1
17362000 312.522 346.21 1.20091 39552.7
17364000 309.974 232.719 1.20365 39462.9
17366000 307.068 286.456 1.20113 39545.5
17368000 317.149 803.689 1.19953 39598.4
17370000 317.77 715.373 1.19889 39619.4
17372000 305.576 -1367.64 1.20435 39439.8
17374000 306.974 -970.303 1.19957 39597
17376000 313.675 -461.055 1.19676 39690
17378000 318.374 -574.687 1.20086 39554.5
17380000 311.147 -118.162 1.20152 39532.8
17382000 315.299 -2570.52 1.19943 39601.6
17384000 316.05 -864.765 1.20415 39446.4
17386000 314.214 1529.41 1.20141 39536.3
17388000 310.078 530.953 1.20493 39420.9
17390000 311.379 -598.346 1.20505 39416.9
17392000 316.553 -1488.84 1.1955 39731.8
17394000 313.461 709.685 1.19268 39825.6
17396000 311.397 780.904 1.1996 39596.1
17398000 319.875 -883.501 1.20293 39486.5
17400000 312.6 -135.622 1.20871 39297.5
17402000 307.999 -289.49 1.20387 39455.5
17404000 309.641 883.287 1.20367 39462
17406000 309.416 342.606 1.20373 39460.1
17408000 313.21 -1782.26 1.20976 39263.5
17410000 307.944 911.076 1.20621 39379
17412000 308.124 1127.71 1.20724 39345.3
17414000 303.509 -3794.65 1.20843 39306.6
17416000 315.764 1052.13 1.20331 39473.8
17418000 316.952 653.442 1.20618 39379.9
17420000 305.831 69.8238 1.199 39615.7
17422000 310.732 -747.974 1.19834 39637.6
17424000 315.353 -431.98 1.19792 39651.4
17426000 309.118 480.844 1.20714 39348.6
17428000 314.963 2299.48 1.20681 39359.5
17430000 305.093 1544.16 1.20412 39447.4
17432000 307.665 79.6326 1.20369 39461.6
17434000 306.759 -594.825 1.20133 39538.8
17436000 317.968 1120.03 1.20968 39265.9
17438000 312.38 980.636 1.2069 39356.5
17440000 313.571 -21.3532 1.21687 39034
17442000 315.558 -267.177 1.18975 39923.9
17444000 314.35 -1546.07 1.2068 39359.6
17446000 311.085 230.325 1.20604 39384.7
17448000 308.788 2468.66 1.19162 39861.1
17450000 312.918 992.747 1.19487 39752.7
17452000 324.296 3566.68 1.21001 39255.2
17454000 315.621 -1150.02 1.21068 39233.6
17456000 312.799 -380.091 1.20394 39453.3
17458000 310.966 53.871 1.20269 39494.3
17460000 311.801 -1488.25 1.2123 39181.3
17462000 310.477 -8.62022 1.20483 39424.2
17464000 310.715 -171.044 1.19861 39628.7
17466000 316.459 1473.33 1.19133 39870.7
17468000 310.916 -2226.73 1.2085 39304.4
17470000 314.481 -432.17 1.19717 39676.4
17472000 314.136 837.843 1.19725 39673.6
17474000 317.383 -1861.28 1.19088 39885.8
17476000 316.745 1308.77 1.19818 39643.1
17478000 311.884 1941.39 1.19592 39717.7
17480000 314.453 1355.79 1.19372 39791.1
17482000 312.699 -1301.25 1.19873 39624.6
17484000 316.968 -2887.99 1.19946 39600.7
17486000 317.159 -622.789 1.19648 39699.2
17488000 305.488 799.56 1.19965 39594.4
17490000 314.787 1362.55 1.20539 39405.9
17492000 304.861 -931.09 1.2018 39523.7
17494000 310.684 -2269.68 1.1959 39718.6
17496000 314.404 -2361.51 1.20279 39490.9
17498000 300.696 1265.42 1.20124 39541.8
17500000 316.434 -198.79 1.20818 39314.8
17502000 303.681 -2835.81 1.20101 39549.6
17504000 309.146 -455.26 1.19852 39631.5
17506000 313.259 133.838 1.2004 39569.7
17508000 313.744 301.6 1.21506 39092.1
17510000 321.897 -3037.97 1.19921 39608.9
17512000 309.576 -394.373 1.20627 39377.2
17514000 318.358 -357.902 1.19947 39600.4
17516000 309.453 -581.716 1.19264 39827.2
17518000 312.131 -2058.8 1.19785 39653.9
17520000 313.796 -2308.77 1.20016 39577.6
17522000 314.728 -861.657 1.20114 39545.2
17524000 313.839 614.058 1.18051 40236.3
17526000 311.677 1066.66 1.19672 39691.3
17528000 309.766 -432.372 1.21027 39246.9
17530000 314.763 -3314.38 1.19354 39797.2
17532000 319.753 -1093.52 1.1924 39835.1
17534000 311.92 580.821 1.19432 39771.1
17536000 310.166 -906.377 1.1984 39635.8
17538000 320.948 -807.745 1.20213 39512.7
17540000 310.227 -87.394 1.21148 39207.6
17542000 302.227 1506.94 1.19336 39803
17544000 311.31 910.018 1.20018 39576.9
17546000 316.635 84.8199 1.20438 39438.8
17548000 313.617 -2626.1 1.19076 39889.8
17550000 315.705 676.872 1.20139 39537.1
17552000 313.441 615.88 1.20176 39524.7
17554000 312.089 -867.522 1.19705 39680.2
17556000 320.677 1103.73 1.21186 39195.4
17558000 318.854 2026.76 1.20505 39417
17560000 312.344 -1636.48 1.20073 39558.7
17562000 307.425 -575.484 1.19866 39627.1
17564000 307.795 -1980.86 1.19969 39593.1
17566000 310.365 -296.332 1.19689 39685.6
17568000 305.54 -1042.5 1.1978 39655.4
17570000 306.661 1814.16 1.19582 39721
17572000 314.631 -2654.32 1.19014 39910.6
17574000 311.064 -496.305 1.19662 39694.5
17576000 310.917 -1713 1.20577 39393.4
17578000 313.033 -599.482 1.20432 39440.9
17580000 313.223 1906.29 1.20093 39552.2
17582000 312.941 2005.02 1.20419 39445.2
17584000 308.824 -33.1864 1.19511 39744.8
17586000 309.293 -377.951 1.1985 39632.3
17588000 316.802 -866.573 1.19923 39608.3
17590000 308.405 1981.56 1.20215 39512
17592000 310.727 -101.052 1.21127 39214.4
17594000 312.082 2167.27 1.19697 39683.1
17596000 310.717 -793.701 1.20023 39575.1
17598000 314.607 -703.801 1.1894 39935.4
17600000 319.004 148.843 1.20682 39359.1
17602000 315.996 1076.48 1.20888 39292.1
17604000 305.63 1402.18 1.19955 39597.6
17606000 317.369 799.67 1.20197 39518.1
17608000 314.785 1096.89 1.21355 39140.9
17610000 310.815 -44.8279 1.20187 39521.2
17612000 315.757 -2129.67 1.19557 39729.4
17614000 310.485 559.583 1.1933 39804.9
17616000 316.186 2343.55 1.2058 39392.4
17618000 303.253 1400.41 1.20706 39351.3
17620000 310.83 -915.995 1.20333 39473.2
17622000 314.576 1602.26 1.20371 39460.8
17624000 312.712 -159.31 1.20184 39522.2
17626000 310.59 -757.216 1.19869 39626.1
17628000 310.802 789.973 1.2011 39546.4
17630000 307.867 -2582.64 1.20222 39509.6
17632000 317.982 2484.25 1.19128 39872.4
17634000 313.11 -146.887 1.19902 39615.2
17636000 315.319 -2510.54 1.20063 39561.9
17638000 314.003 -1818.48 1.2014 39536.7
17640000 313.841 -3286.97 1.19738 39669.4
17642000 317.424 1454.62 1.20134 39538.6
17644000 305.139 1423.65 1.20431 39441.1
17646000 311.832 -2231.41 1.19256 39829.6
17648000 315.412 -622.876 1.20292 39486.6
17650000 315.494 1501.05 1.20637 39373.7
17652000 313.723 -842.547 1.19791 39651.8
17654000 312.861 1325.96 1.21194 39192.7
17656000 313.824 293.598 1.20076 39557.7
17658000 310.796 -1080.22 1.20075 39558.2
17660000 310.286 1079.19 1.20337 39471.8
17662000 314.081 -690.771 1.19139 39868.7
17664000 318.202 -1336.53 1.19352 39797.8
17666000 302.248 -967.397 1.20047 39567.3
17668000 310.257 -952.04 1.19622 39707.9
17670000 314.156 204.804 1.20539 39405.7
17672000 311.898 178.759 1.20557 39399.9
17674000 318.867 -2063.99 1.20726 39344.8
17676000 308.745 1179.18 1.2019 39520
17678000 315.264 -425.94 1.20482 39424.3
17680000 313.411 2025.09 1.20478 39425.8
17682000 314.34 1281.14 1.20793 39322.8
17684000 315.513 -1035.83 1.19935 39604.1
17686000 316.509 -1080.06 1.19568 39725.9
17688000 312.432 -613.385 1.18964 39927.5
17690000 312.401 -71.704 1.20265 39495.5
17692000 315.815 -1411.9 1.1966 39695.2
17694000 319.503 -876.006 1.18796 39984
17696000 316.69 -1139 1.19277 39822.8
17698000 307.708 -69.3552 1.1962 39708.5
17700000 311.407 1832.89 1.18555 40065.1
17702000 314.883 -248.361 1.1982 39642.3
17704000 314.841 -881.358 1.21099 39223.6
17706000 314.275 1828.02 1.20074 39558.5
17708000 306.352 53.1843 1.21099 39223.5
17710000 313.944 1447.08 1.20717 39347.8
17712000 314.886 460.601 1.20995 39257.2
17714000 309.329 -990.943 1.19614 39710.7
17716000 313.706 -2488.28 1.20294 39485.9
17718000 307.074 -803.261 1.2058 39392.3
17720000 315.138 202.065 1.20121 39542.9
17722000 312.249 -1092.45 1.19922 39608.6
17724000 311.457 -1812.84 1.19918 39609.7
17726000 318.794 -469.126 1.18707 40014.1
17728000 311.626 -1556.91 1.19531 39738
17730000 315.904 -898.867 1.20647 39370.4
17732000 309.758 -268.562 1.19745 39667.2
17734000 302.218 47.1625 1.19387 39786
17736000 319.989 551.452 1.1947 39758.3
17738000 318.056 -1505.56 1.20884 39293.3
17740000 311.746 1016.11 1.20108 39547.3
17742000 311.65 -507.894 1.1951 39745
17744000 315.367 986.672 1.19238 39835.6
17746000 309.619 520.155 1.20277 39491.5
17748000 305.888 1766.5 1.20117 39544.1
17750000 315.683 -1496.92 1.1909 39885.3
17752000 316.547 -921.703 1.19473 39757.4
17754000 307.256 3162.2 1.20865 39299.5
17756000 321.612 -309.456 1.18812 39978.5
17758000 310.904 -1198.84 1.19355 39796.7
17760000 311.772 372.165 1.19479 39755.3
17762000 310.73 1312.79 1.20303 39483.1
17764000 313.166 -2121.52 1.19872 39625
17766000 311.525 -909.464 1.20979 39262.6
17768000 312.867 -392.095 1.21085 39228.1
17770000 313.245 781.297 1.20096 39551.3
17772000 309.221 -1009.19 1.19416 39776.4
17774000 311.834 -1329.89 1.19781 39655.2
17776000 311.398 -687.457 1.20054 39565.1
17778000 313.442 614.501 1.18571 40059.9
17780000 310.564 -141.431 1.19239 39835.3
17782000 313.797 656.558 1.20183 39522.4
17784000 316.077 -265.837 1.19592 39717.9
17786000 308.453 -563.006 1.19758 39662.9
17788000 317.462 115.836 1.19321 39807.9
17790000 315.872 -428.971 1.19797 39649.9
17792000 311.416 -1009.06 1.18673 40025.4
17794000 319.015 -1030.15 1.19567 39726.1
17796000 316.296 -2295.57 1.20026 39574.3
17798000 309.139 -1883.02 1.2012 39543.2
17800000 325.924 -954.212 1.19456 39763.2
17802000 313.136 215.229 1.18392 40120.4
17804000 313.845 -1651.76 1.1974 39668.7
17806000 317.572 -149.212 1.19585 39720.3
17808000 314.236 -660.075 1.19336 39803
17810000 308.732 733.433 1.1894 39935.7
17812000 317.851 -242.052 1.19264 39827.2
17814000 315.764 -37.2957 1.20372 39460.6
17816000 315.46 -1378.98 1.20542 39404.8
17818000 315.913 1076.96 1.20332 39473.7
17820000 317.699 -640.692 1.20062 39562.2
17822000 307.746 438.208 1.20852 39303.6
17824000 317.189 -1045.43 1.19641 39701.5
17826000 311.698 1790.34 1.19069 39892.1
17828000 315.5 1271.4 1.19903 39614.7
17830000 309.804 -817.268 1.19416 39776.3
17832000 310.17 2163.37 1.20537 39406.3
17834000 310.918 -1991.91 1.19723 39674.3
17836000 304.721 2827.68 1.2008 39556.4
17838000 308.639 -79.4975 1.19971 39592.3
17840000 317.02 492.395 1.19252 39831.2
17842000 312.327 1355.05 1.20075 39558.1
17844000 317.009 533.68 1.21063 39235.3
17846000 319.607 -2393.67 1.20219 39510.7
17848000 312.502 -2021.41 1.19456 39763
17850000 313.277 -1396.78 1.20231 39506.7
17852000 310.085 888.689 1.20566 39397.1
17854000 314.553 -864.107 1.20272 39493.2
17856000 310.367 -918.616 1.19949 39599.5
17858000 316.787 -307.703 1.20148 39533.9
17860000 315.536 -15.9135 1.20122 39542.4
17862000 317.28 -746.121 1.19818 39642.9
17864000 315.241 287.509 1.1909 39885.1
17866000 308.423 -1703.17 1.19428 39772.5
17868000 316.398 1560.23 1.21067 39233.8
17870000 313.428 -1146.05 1.20659 39366.7
17872000 316.843 -529.425 1.19911 39612.1
17874000 319.388 548.755 1.20704 39351.9
17876000 305.428 285.983 1.18967 39926.5
17878000 321.349 -539.788 1.20207 39514.8
17880000 309.315 929.666 1.20437 39439.1
17882000 314.2 -1851.75 1.19543 39734.2
17884000 310.859 3217.58 1.20163 39529
17886000 316.131 -553.336 1.19459 39762.1
17888000 315.775 2241.32 1.20003 39581.8
17890000 311.816 7.73469 1.20484 39423.8
17892000 317.575 9.25259 1.21353 39141.5
17894000 318.667 1379.63 1.20132 39539.2
17896000 315.635 -1280.75 1.19042 39901.3
17898000 315.322 471.462 1.1984 39635.6
17900000 312.198 1329.57 1.2068 39359.6
17902000 301.185 1424.55 1.20305 39482.4
17904000 314.981 -1734.97 1.20056 39564.5
17906000 307.559 -1697.03 1.19233 39837.4
17908000 313.688 546.899 1.20268 39494.5
17910000 315.188 1874.36 1.21122 39216
17912000 321.008 -2003.79 1.21039 39243
17914000 314.984 -177.239 1.20044 39568.4
17916000 315.027 1371.91 1.2049 39421.9
17918000 311.156 -1440.3 1.19763 39661.2
17920000 319.631 -1418.55 1.18939 39935.8
17922000 309.933 -953.194 1.20049 39566.8
17924000 313.056 -590.228 1.20501 39418.2
17926000 315.595 716.144 1.20435 39439.8
17928000 320.72 -972.549 1.19996 39584
17930000 305.912 49.9775 1.197 39682.1
17932000 311.479 -3232.39 1.19327 39806
17934000 312.197 -339.606 1.20311 39480.5
17936000 326.933 1462.61 1.1988 39622.3
17938000 301.484 -922.012 1.20761 39333.3
17940000 311.712 -712.137 1.19802 39648.3
17942000 313.23 -809.378 1.20012 39579
17944000 313.832 -1929.2 1.20753 39336
17946000 315.383 -1432.29 1.2175 39013.7
17948000 312.649 575.71 1.19525 39740
17950000 314.67 -1670.64 1.20967 39266.3
17952000 313.445 -1072.15 1.19725 39673.5
17954000 307.539 -1347.98 1.19993 39585.2
17956000 316.095 311.485 1.19159 39862
17958000 305.231 887.87 1.21514 39089.6
17960000 315.714 371.535 1.20234 39505.7
17962000 312.572 1133.08 1.18962 39928.2
17964000 311.435 1709.8 1.20347 39468.7
17966000 308.952 330.722 1.22044 38920
17968000 318.587 204.674 1.20346 39469.1
17970000 312.936 391.951 1.20648 39370.1
17972000 312.38 2080.96 1.20139 39537
17974000 322.443 914.112 1.20966 39266.5
17976000 306.982 1044.55 1.20474 39426.9
17978000 306.931 1891.29 1.21046 39240.6
17980000 311.667 -1143.88 1.19968 39593.2
17982000 312.114 -1504.77 1.19989 39586.5
17984000 314.314 433.657 1.19667 39692.8
17986000 310.869 -939.647 1.20079 39556.8
17988000 307.014 1032.85 1.19622 39707.8
17990000 313.65 992.665 1.1966 39695.4
17992000 302.009 345.833 1.20182 39522.8
17994000 306.147 258.704 1.19902 39615.2
17996000 313.58 1484.86 1.20818 39314.8
17998000 317.922 497.189 1.18947 39933.2
18000000 305.805 312.772 1.1971 39678.6
18002000 315.15 -70.5827 1.19479 39755.4
18004000 306.819 1144.81 1.18956 39930.1
18006000 306.338 2625.01 1.18823 39974.8
18008000 313.736 246.796 1.20112 39546
18010000 317.442 -883.751 1.19669 39692.2
18012000 311.574 545.053 1.19891 39618.7
18014000 311.202 -211.565 1.21002 39255.1
18016000 319.36 850.283 1.20808 39317.9
18018000 305.113 -145.618 1.20638 39373.5
18020000 310.914 -2386.07 1.21406 39124.4
18022000 317.134 -827.267 1.19568 39725.7
18024000 316.992 626.61 1.20556 39400.3
18026000 306.171 -454.341 1.20679 39360
18028000 309.591 -206.933 1.19402 39781
18030000 307.497 -661.532 1.19758 39662.8
18032000 317.333 2712.53 1.2008 39556.5
18034000 317.764 22.1194 1.20204 39515.7
18036000 310.037 1777.06 1.20351 39467.3
18038000 314.303 -1533.28 1.20353 39466.6
18040000 316.185 537.945 1.1954 39735.1
18042000 317.031 -789.678 1.20323 39476.4
18044000 311.611 -1876.21 1.19891 39618.7
18046000 318.362 -310.741 1.20608 39383.1
18048000 319.31 -975.567 1.20736 39341.4
18050000 304.34 1785.81 1.19711 39678.4
18052000 308.549 -3623.28 1.20489 39422.2
18054000 307.883 928.81 1.21422 39119.3
18056000 312.471 599.639 1.20739 39340.6
18058000 319.811 1528.47 1.19962 39595.2
18060000 310.794 2293.92 1.205 39418.4
18062000 310.289 483.813 1.20343 39470
18064000 309.829 -633.249 1.20458 39432.4
18066000 317.588 -828.876 1.20617 39380.3
18068000 319.379 166.645 1.20126 39541.2
18070000 311.304 1532.55 1.20059 39563.4
18072000 324.46 53.2495 1.21345 39144.1
18074000 313.723 -197.233 1.2007 39559.6
18076000 302.538 1688.13 1.19797 39650
18078000 316.995 1675.21 1.20564 39397.6
18080000 316.289 508.637 1.20271 39493.7
18082000 311.212 -82.5727 1.19504 39747.2
18084000 308.769 -751.38 1.20105 39548.2
18086000 321.715 132.103 1.20147 39534.5
18088000 308.194 1610.51 1.19802 39648.2
18090000 318.446 568.584 1.20047 39567.2
18092000 310.867 518.282 1.20453 39433.8
18094000 316.07 1373.89 1.19781 39655.2
18096000 312.558 1137.59 1.19733 39671.1
18098000 306.764 64.3522 1.19788 39652.8
18100000 317.48 259.183 1.20607 39383.5
18102000 314.095 133.054 1.19657 39696.1
18104000 310.658 1221.59 1.21098 39223.7
18106000 313.196 709.66 1.19845 39634
18108000 325.811 -239.244 1.20488 39422.5
18110000 313.585 -543.101 1.20179 39523.8
18112000 319.883 -1448.47 1.20798 39321.4
18114000 317.189 -1885.79 1.1988 39622.4
18116000 314.111 -188.465 1.20609 39382.9
18118000 301.276 -1643.54 1.20155 39531.8
18120000 311.912 1011.93 1.20991 39258.6
18122000 318.954 -615.093 1.21156 39205
18124000 306.444 -2178.14 1.19503 39747.4
18126000 310.289 1009.71 1.20309 39481.2
18128000 313.648 -959.549 1.20216 39511.6
18130000 314.823 -1551.96 1.20063 39562.1
18132000 315.468 1760.6 1.20394 39453.2
18134000 311.91 -297.438 1.19196 39849.8
18136000 314.332 -535.381 1.20274 39492.7
18138000 317.122 -1029.17 1.20083 39555.5
18140000 312.904 698.23 1.20325 39475.8
18142000 310.664 148.542 1.19682 39687.9
18144000 314.159 2153.22 1.20344 39469.6
18146000 307.828 -1591.58 1.19835 39637.4
18148000 319.384 875.565 1.19468 39759
18150000 312.774 279.929 1.20528 39409.4
18152000 316.606 -560.112 1.20712 39349.2
18154000 315.11 -1475.11 1.20852 39303.7
18156000 310.334 560.236 1.21733 39019.3
18158000 311.048 3080.23 1.20968 39266
18160000 311.757 -1395.85 1.2006 39562.9
18162000 312.829 206.933 1.20121 39542.9
18164000 310.854 361.1 1.19602 39714.6
18166000 314.997 -1641.23 1.20606 39383.9
18168000 309.945 -1122.33 1.21146 39208.4
18170000 317.919 -1016.05 1.20402 39450.5
18172000 313.962 -1819.27 1.20452 39434.2
18174000 318.699 978.985 1.19453 39763.9
18176000 314.717 602.033 1.19777 39656.5
18178000 316.903 1197.18 1.20133 39539
18180000 315.363 873.443 1.21144 39209.1
18182000 310.79 1577.41 1.21012 39251.7
18184000 313.397 720.923 1.20374 39459.8
18186000 311.098 867.589 1.20402 39450.5
18188000 313.785 -1263.1 1.19232 39837.6
18190000 307.049 -278.391 1.20357 39465.4
18192000 311.14 -928.508 1.20716 39348.1
18194000 306.676 -1437.21 1.20811 39317.2
18196000 316.289 -161.477 1.2034 39470.9
18198000 315.668 361.828 1.19957 39597
18200000 317.079 -404.765 1.197 39681.9
18202000 311.605 461.044 1.20215 39512.1
18204000 315.783 2376.49 1.20604 39384.7
18206000 314.364 1033.22 1.19633 39704.2
18208000 309.952 2265.52 1.20406 39449.1
18210000 314.284 886.089 1.19571 39724.9
18212000 314.453 -237.832 1.20626 39377.4
18214000 316.677 -1208.02 1.20323 39476.4
18216000 309.167 791.241 1.1964 39702
18218000 309.917 134.022 1.20587 39390
18220000 310.01 851.813 1.20369 39461.3
18222000 315.022 -2678.22 1.19787 39653.1
18224000 311.429 389.814 1.2026 39497.2
18226000 312.501 -893.243 1.19269 39825.5
18228000 318.989 -2311.62 1.20344 39469.7
18230000 314.871 -642.609 1.18617 40044.3
18232000 314.441 -2198.31 1.19823 39641.3
18234000 312.29 3263.34 1.20412 39447.2
18236000 309.562 -117 1.195 39748.4
18238000 313.061 -588.964 1.20096 39551.2
18240000 309.602 34.2002 1.20261 39497
18242000 310.079 -0.581963 1.19712 39677.9
18244000 319.306 -484.193 1.20019 39576.4
18246000 314.706 703.063 1.20807 39318.4
18248000 306.984 -1889.42 1.19242 39834.4
18250000 309.763 -494.129 1.20527 39409.6
18252000 307.184 -422.413 1.20452 39434.4
18254000 312.218 957.187 1.20515 39413.5
18256000 314.733 -699.058 1.20057 39564.1
18258000 310.971 1426.14 1.1929 39818.3
18260000 319.088 -114.214 1.20241 39503.5
18262000 310.41 -187.268 1.19214 39843.6
18264000 319.648 -46.7189 1.20092 39552.6
18266000 311.768 569.93 1.20795 39322.4
18268000 307.217 2145.43 1.19947 39600.3
18270000 315.798 -586.458 1.20517 39412.9
18272000 322.96 2201.85 1.20877 39295.5
18274000 315.615 1660.21 1.2065 39369.6
18276000 315.723 -1423.17 1.21307 39156.3
18278000 312.998 -117.091 1.20393 39453.5
18280000 313.103 -412.037 1.20246 39501.7
18282000 308.913 -292.195 1.2038 39457.7
18284000 313.765 -1622.53 1.18626 40041.2
18286000 316.986 -979.72 1.19367 39792.8
18288000 304.693 -315.639 1.20124 39541.8
18290000 310.17 -403.545 1.19814 39644.4
18292000 310.344 806.53 1.19122 39874.4
18294000 311.112 -1658.25 1.19704 39680.5
18296000 315.455 1423.44 1.20969 39265.8
18298000 313.171 184.28 1.19017 39909.6
18300000 306.778 658.782 1.2031 39480.8
18302000 314.637 -1083.86 1.19985 39587.6
18304000 310.619 44.6639 1.2054 39405.6
18306000 309.655 16.4607 1.20699 39353.6
18308000 316.987 -454.876 1.20376 39459.1
18310000 308.714 -470.279 1.19772 39658.3
18312000 316.693 -1982.78 1.2009 39553
18314000 308.733 -468.364 1.20366 39462.6
18316000 311.947 750.091 1.19652 39697.9
18318000 310.049 721.086 1.19455 39763.5
18320000 312.076 493.873 1.20093 39552
18322000 315.385 1256.91 1.1957 39725.3
18324000 312.392 937.727 1.20477 39426.1
18326000 314.325 -2583.86 1.1927 39825.2
18328000 306.337 -260.034 1.20313 39479.9
18330000 310.519 1770.65 1.20284 39489.5
18332000 310.934 -399.702 1.20193 39519.3
18334000 315.241 226.95 1.20978 39262.9
18336000 306.773 856.537 1.20276 39491.9
18338000 311.697 -2334.21 1.1991 39612.3
18340000 313.026 644.261 1.19753 39664.3
18342000 313.542 527.876 1.20053 39565.2
18344000 318.598 -1243.15 1.19788 39652.9
18346000 312.046 1274.25 1.1993 39605.8
18348000 321.764 789.203 1.21446 39111.5
18350000 306.078 1340.21 1.20071 39559.5
18352000 315.497 292.487 1.20586 39390.4
18354000 308.927 1142.81 1.19638 39702.5
18356000 318.423 -673.983 1.1912 39875.2
18358000 315.787 -858.908 1.20806 39318.5
18360000 311.235 1692.74 1.20045 39567.9
18362000 313.008 -90.5606 1.19796 39650.1
18364000 316.337 323.112 1.20345 39469.3
18366000 306.158 -841.324 1.20635 39374.4
18368000 312.125 -3019.97 1.20069 39560
18370000 313.53 -826.437 1.20386 39456
18372000 321.348 1053.72 1.19323 39807.5
18374000 312.427 30.3864 1.19609 39712.1
18376000 311.202 1043.83 1.21648 39046.4
18378000 318.697 830.58 1.20365 39462.7
18380000 311.506 1674.84 1.19855 39630.7
18382000 322.147 834.909 1.21066 39234.1
18384000 309.8 -8.43466 1.19957 39597.1
18386000 306.974 1930.66 1.19891 39618.8
18388000 310.146 1060.23 1.19835 39637.4
18390000 311.904 -9.43162 1.20808 39318.1
18392000 313.6 -1883.61 1.21185 39195.8
18394000 313.137 278.766 1.19937 39603.5
18396000 314.668 -173.341 1.19554 39730.5
18398000 315.022 525.288 1.19951 39599
18400000 312.691 772.14 1.19184 39853.8
18402000 319.077 332.857 1.18999 39915.6
18404000 315.287 -562.181 1.20241 39503.5
18406000 311.845 -1764.63 1.20282 39490
18408000 309.935 1890.66 1.21042 39241.9
18410000 315.976 -1423.34 1.19554 39730.4
18412000 307.216 316.64 1.21149 39207.3
18414000 307.778 1024.32 1.20619 39379.6
18416000 321.678 -1168.45 1.19964 39594.6
18418000 313.771 -2615.1 1.20501 39418.4
18420000 307.973 -2058.71 1.20865 39299.3
18422000 318.736 -689.807 1.19643 39701
18424000 313.647 1658.14 1.20789 39324.3
18426000 312.186 -2328.44 1.21255 39172.9
18428000 319.379 1436.18 1.21049 39239.6
18430000 309.723 202.735 1.19364 39793.7
18432000 305.51 888.459 1.21939 38953.4
18434000 317.299 -486.834 1.21934 38954.9
18436000 307.224 9.03115 1.19901 39615.4
18438000 318.807 -463.044 1.20678 39360.4
18440000 311.491 -274.851 1.21179 39197.6
18442000 317.455 -2.14768 1.20146 39534.8
18444000 314.782 -455.196 1.20015 39577.9
18446000 318.771 -2241.67 1.19171 39858
18448000 306.978 318.77 1.20425 39443.1
18450000 315.206 -465.648 1.19968 39593.4
18452000 317.801 2284.13 1.20934 39277.1
18454000 308.229 2382.07 1.21207 39188.7
18456000 315.386 1296.58 1.20623 39378.3
18458000 308.966 2183.93 1.20822 39313.4
18460000 314.783 -496.655 1.19872 39625
18462000 316.982 -158.191 1.1941 39778.2
18464000 309.295 -1266.1 1.19644 39700.5
18466000 312.782 -2803.61 1.20355 39465.9
18468000 307.477 -181.868 1.19385 39786.8
18470000 310.359 342.737 1.20945 39273.6
18472000 320.539 231.071 1.20216 39511.8
18474000 311.838 -1978.46 1.20708 39350.7
18476000 311.786 -1969.08 1.19841 39635.2
18478000 321.165 -461.379 1.19151 39864.8
18480000 315.619 -555.867 1.19926 39607.1
18482000 320.962 1204.8 1.20233 39505.9
18484000 315.885 1366.71 1.20588 39389.8
18486000 316.057 1363.54 1.19893 39618.2
18488000 307.897 -445.121 1.1967 39692.1
18490000 320.684 354.754 1.20472 39427.8
18492000 311.155 2697.4 1.19649 39698.8
18494000 315.836 -765.889 1.20143 39535.5
18496000 307.219 40.1043 1.18951 39931.7
18498000 319.752 -670.073 1.197 39682
18500000 310.494 -194.962 1.19507 39746.2
18502000 318.493 -1205.83 1.19931 39605.4
18504000 311.95 139.975 1.20695 39354.7
18506000 313.68 306.638 1.20408 39448.7
18508000 311.447 694.607 1.20875 39296.4
18510000 311.752 -1022.59 1.19886 39620.5
18512000 310.819 1828.7 1.20428 39442.2
18514000 318.675 1201.61 1.20573 39394.8
18516000 322.784 3419.91 1.20717 39347.8
18518000 312.022 423.76 1.18978 39923
18520000 317.773 349.83 1.20161 39529.8
18522000 312.456 278.215 1.19898 39616.5
18524000 308.117 -372.479 1.207 39353.1
18526000 320.244 -1670.36 1.21035 39244.4
18528000 316.231 261.733 1.18931 39938.4
18530000 313.159 1426 1.20032 39572.1
18532000 310.087 -3038.14 1.21176 39198.7
18534000 316.487 1276.74 1.19818 39643
18536000 311.49 -1112.65 1.20416 39446.1
18538000 315.131 1457.46 1.20801 39320.2
18540000 310.406 -2507.04 1.19972 39592
18542000 315.458 -1317.64 1.20421 39444.4
18544000 318.975 478.205 1.20419 39444.9
18546000 321.219 -652.971 1.20335 39472.5
18548000 310.081 315.911 1.19858 39629.7
18550000 319.936 73.6974 1.194 39781.8
18552000 308.593 250.596 1.20629 39376.5
18554000 314.581 -114.939 1.20158 39530.7
18556000 307.989 -205.884 1.19968 39593.4
18558000 315.999 1183.63 1.19326 39806.4
18560000 310.596 -1493.87 1.2038 39457.7
18562000 308.503 -3487.23 1.18574 40058.7
18564000 312.843 546.097 1.20449 39435.3
18566000 308 -861.859 1.19334 39803.6
18568000 311.7 124.298 1.20146 39534.6
18570000 311.736 1841.56 1.2067 39363
18572000 316.667 -1954.08 1.21326 39150.3
18574000 318.704 -539.674 1.20084 39555.1
18576000 314.213 -248.05 1.20657 39367.2
18578000 315.583 937.326 1.21457 39107.8
18580000 306.045 585.768 1.20084 39555
18582000 304.324 -84.3235 1.20777 39328.3
18584000 310.45 1272.61 1.20281 39490.3
18586000 315.358 367.081 1.21436 39114.8
18588000 309.154 -1477.9 1.19902 39615.3
18590000 311.51 -1781.53 1.20324 39476.2
18592000 314.985 2778.15 1.19895 39617.3
18594000 306.942 351.381 1.19274 39823.9
18596000 312.427 -1854.56 1.19793 39651.1
18598000 313.94 327.747 1.207 39353.1
18600000 321.23 -665.935 1.19371 39791.4
18602000 309.894 318.746 1.19407 39779.4
18604000 310.952 1212.01 1.20912 39284.1
18606000 312.154 1206.83 1.2001 39579.5
18608000 307.828 -1411.95 1.20655 39367.9
18610000 312.005 -333.225 1.20757 39334.5
18612000 311.131 259.026 1.20277 39491.5
18614000 306.083 -12.7284 1.20528 39409.5
18616000 325.38 -817.197 1.19278 39822.5
18618000 318.534 72.0428 1.20225 39508.6
18620000 316.473 2195.75 1.2067 39363
18622000 308.273 -296.174 1.19996 39584
18624000 318.034 1268.52 1.20829 39311.2
18626000 317.461 1728.56 1.20573 39394.8
18628000 313.948 7.11587 1.20905 39286.4
18630000 312.657 -652.462 1.20404 39449.8
18632000 316.688 1239.69 1.19595 39716.9
18634000 309.137 519.36 1.19694 39683.9
18636000 308.25 1990.26 1.19785 39653.7
18638000 317.647 -476.196 1.20218 39511.1
18640000 311.319 1126.92 1.20158 39530.6
18642000 308.446 -387.757 1.20368 39461.7
18644000 310.185 1544.25 1.21434 39115.4
18646000 312.473 -2862.03 1.21332 39148.2
18648000 310.543 699.882 1.19685 39687
18650000 315.103 -1358.99 1.20696 39354.4
18652000 309.823 -550.436 1.19878 39622.9
18654000 313.514 -596.266 1.20208 39514.1
18656000 305.868 2348.33 1.21366 39137.1
18658000 314.196 225.088 1.20332 39473.7
18660000 308.708 -1121.56 1.21317 39153
18662000 318.03 -97.6789 1.19779 39655.7
18664000 313.459 272.618 1.20599 39386.1
18666000 314.863 -480.291 1.2027 39494
18668000 314.101 -2316.71 1.19492 39751.1
18670000 310.61 -183.066 1.20623 39378.4
18672000 318.685 -273.947 1.20135 39538.5
18674000 316.542 -1115.48 1.19698 39682.6
18676000 306.795 -352.964 1.20926 39279.7
18678000 320.384 2924.76 1.20524 39410.7
18680000 317.707 -79.8796 1.19654 39697.2
18682000 311.753 -1017.35 1.20406 39449.2
18684000 309.486 -466.127 1.19437 39769.4
18686000 312.821 -685.634 1.20713 39348.9
18688000 307.629 -821.688 1.1957 39725.1
18690000 314.796 -547.141 1.18887 39953.3
18692000 319.566 675.169 1.19912 39611.8
18694000 313.42 1951.14 1.19274 39823.7
18696000 309.401 25.3043 1.20622 39378.8
18698000 315.647 1061.46 1.19813 39644.7
18700000 313.798 100.097 1.20083 39555.6
18702000 312.28 -1445.03 1.19791 39651.7
18704000 315.824 2777.23 1.20508 39415.9
18706000 311.328 79.6257 1.20128 39540.7
18708000 316.497 642.88 1.21184 39196.2
18710000 312.575 2215.46 1.20678 39360.3
18712000 317.629 825.867 1.20048 39566.8
18714000 312.703 375.75 1.20209 39514
18716000 318.459 521.613 1.19519 39742.1
18718000 309.828 822.067 1.20352 39467
18720000 311.131 -611.788 1.19223 39840.9
18722000 321.739 2791.79 1.21017 39250.2
18724000 306 -1506.93 1.19589 39718.9
18726000 316.458 -625.365 1.20628 39376.6
18728000 313.075 -649.968 1.21081 39229.3
18730000 310.331 -753.113 1.20108 39547.3
18732000 317.51 350.207 1.19333 39804
18734000 317.432 -49.3422 1.21443 39112.4
18736000 303.326 348.913 1.20708 39350.5
18738000 310.652 2662.4 1.20498 39419.1
18740000 311.901 -2580.69 1.20374 39459.8
18742000 305.479 1492.51 1.20656 39367.6
18744000 306.321 583.989 1.20486 39423.2
18746000 310.094 -592.483 1.21038 39243.4
18748000 316.702 700.12 1.20929 39278.6
18750000 312.487 -1064.89 1.2017 39526.8
18752000 305.255 -1492.64 1.19488 39752.3
18754000 317.963 -555.319 1.20518 39412.6
18756000 308.182 1330.03 1.21043 39241.8
18758000 303.599 -628.734 1.20865 39299.3
18760000 320.528 -3426.97 1.20327 39475.1
18762000 311.472 -372.668 1.20202 39516.1
18764000 312.17 1015.38 1.2061 39382.4
18766000 308.065 1566.37 1.2064 39372.7
18768000 309.675 55.1273 1.20861 39300.9
18770000 313.283 1057.35 1.19585 39720.2
18772000 318.12 163.849 1.20001 39582.4
18774000 311.084 -902.179 1.19282 39821.2
18776000 307.083 1128.16 1.20141 39536.2
18778000 310.574 -794.051 1.19592 39717.9
18780000 313.561 -260.095 1.19925 39607.6
18782000 315.025 1235.16 1.20675 39361.5
18784000 317.882 1159.7 1.20128 39540.5
18786000 314.1 -1007.66 1.19486 39753.1
18788000 314.145 -1589.56 1.19764 39660.7
18790000 316.534 -995.323 1.21438 39114.2
18792000 310.262 -606.418 1.19503 39747.5
18794000 311.086 2793.26 1.20882 39293.9
18796000 313.602 2029.28 1.21402 39125.6
18798000 315.464 -602.785 1.20479 39425.4
18800000 307.23 -1272.63 1.19598 39716
18802000 319.297 2590.43 1.21455 39108.7
18804000 313.953 -582.595 1.2022 39510.5
18806000 308.812 1993.3 1.20968 39266
18808000 308.224 222.943 1.19942 39602.1
18810000 315.394 877.756 1.20889 39291.5
18812000 316.069 835.575 1.21311 39155
18814000 321.473 944.384 1.19941 39602.2
18816000 304.749 -499.649 1.20722 39346
18818000 309.885 -1176.36 1.20427 39442.5
18820000 318.053 183.233 1.20273 39492.8
18822000 313.628 2478.54 1.20494 39420.4
18824000 307.013 -182.552 1.20862 39300.6
18826000 308.744 -773.519 1.19582 39721.2
18828000 305.765 1814.64 1.19655 39697
18830000 313.602 -221.143 1.2128 39165.2
18832000 311.944 -561.247 1.19857 39630.2
18834000 312.61 -1224.2 1.20456 39432.9
18836000 308.133 1262.03 1.20713 39349.1
18838000 308.702 -363.691 1.19724 39674
18840000 314.305 342.795 1.20827 39311.7
18842000 313.075 -438.82 1.20366 39462.3
18844000 315.458 666.014 1.20896 39289.3
18846000 312.928 -1049.24 1.20296 39485.5
18848000 310.587 -208.777 1.19656 39696.6
18850000 310.831 1305.06 1.20971 39265.1
18852000 315.986 -153.144 1.20759 39334
18854000 306.177 -620.134 1.19666 39693.4
18856000 314.445 -54.3646 1.20369 39461.3
18858000 311.74 -1853.87 1.18992 39918.2
18860000 306.919 -3139.31 1.19623 39707.4
18862000 318.974 -61.8268 1.19994 39584.7
18864000 314.048 -500.479 1.20424 39443.3
18866000 311.865 -1009.8 1.19006 39913.3
18868000 317.047 885.092 1.1989 39619.1
18870000 312.729 -460.205 1.20666 39364.4
18872000 303.18 1144.9 1.19997 39583.8
18874000 309.647 -437.346 1.19975 39591.1
18876000 313.646 134.16 1.19644 39700.5
18878000 308.948 403.991 1.19624 39707.2
18880000 315.245 -621.253 1.18968 39926.3
18882000 308.921 1214.37 1.20456 39433
18884000 309.727 1700.64 1.19874 39624.4
18886000 316.94 333.468 1.20014 39578.2
18888000 310.729 345.381 1.20805 39319
18890000 313.999 802.381 1.2059 39389.2
18892000 311.916 -1476.77 1.19756 39663.4
18894000 324.448 212.189 1.2052 39412.1
18896000 317.45 -294.787 1.19113 39877.4
18898000 309.196 665.847 1.19314 39810.2
18900000 313.441 -644.56 1.21048 39240
18902000 304.907 -317.38 1.20805 39318.9
18904000 316.756 2739.24 1.21444 39112.2
18906000 311.628 -41.093 1.20876 39296
18908000 318.524 -2083.43 1.20205 39515.2
18910000 318.104 -2951.56 1.19351 39798
18912000 312.833 -689.395 1.20611 39382.3
18914000 311.366 319.672 1.20837 39308.6
18916000 314.459 -269.324 1.20263 39496.4
18918000 317.366 -1832.26 1.19539 39735.6
18920000 311.765 269.623 1.20225 39508.8
18922000 324.313 733.854 1.19941 39602.2
18924000 311.995 -2278.69 1.21083 39228.7
18926000 313.47 -1977.65 1.20401 39450.9
18928000 313.378 -814.792 1.19888 39619.9
18930000 309.52 466.765 1.2035 39467.7
18932000 315.565 79.6782 1.20346 39469.1
18934000 314.448 444.393 1.19703 39681.1
18936000 303.202 -395.73 1.20949 39272.2
18938000 319.408 105.261 1.2081 39317.4
18940000 309.532 -1381.06 1.20178 39524.2
18942000 309.988 -2201.24 1.19746 39666.7
18944000 311.977 -55.5778 1.19355 39796.7
18946000 313.673 -990.451 1.19907 39613.5
18948000 307.073 -464.185 1.20297 39485.1
18950000 310.515 -1983.03 1.1999 39586
18952000 310.437 -417.943 1.203 39484
18954000 311.951 -1303.03 1.19996 39584
18956000 318.212 884.037 1.20834 39309.6
18958000 310.272 390.821 1.19527 39739.5
18960000 318.81 -2382.54 1.20534 39407.4
18962000 315.783 -1550.81 1.19613 39710.8
18964000 310.061 430.448 1.20027 39574
18966000 310.203 1236.57 1.20134 39538.7
18968000 307.616 -619.285 1.20347 39468.5
18970000 311.149 914.534 1.21056 39237.5
18972000 314.45 2464.29 1.21092 39225.9
18974000 313.29 -577.13 1.1964 39701.9
18976000 317.806 -94.4393 1.20971 39265
18978000 312.725 -453.153 1.20388 39455.1
18980000 312.418 1158.85 1.20835 39309.3
18982000 318.909 2113.62 1.20808 39318.1
18984000 310.693 800.708 1.20885 39293
18986000 318.306 -910.214 1.19891 39618.8
18988000 307.119 -1431.43 1.1951 39744.9
18990000 310.757 -1015.51 1.19992 39585.6
18992000 316.165 2497.64 1.21082 39229
18994000 315.22 441.354 1.19565 39726.8
18996000 316.755 -436.406 1.20199 39517.2
18998000 310.063 -1426.71 1.20151 39532.9
19000000 309.115 35.9322 1.18954 39930.7
19002000 313.994 -628.827 1.2107 39232.9
19004000 314.518 158.411 1.20926 39279.7
19006000 311.352 -3511.15 1.19848 39632.9
19008000 318.17 -721.18 1.2119 39194.1
19010000 311.233 536.457 1.20561 39398.6
19012000 316.058 -887.738 1.19132 39871.1
19014000 316.895 -888.151 1.19595 39716.9
19016000 315.461 259.569 1.20241 39503.5
19018000 314.43 1080.88 1.21287 39162.8
19020000 310.364 510.291 1.20375 39459.5
19022000 314.603 1354.61 1.18554 40065.6
19024000 314.942 80.5289 1.19419 39775.4
19026000 307.554 -1219.43 1.19922 39608.5
19028000 315.34 -1165.17 1.20411 39447.7
19030000 313.602 613.272 1.20315 39479
19032000 308.155 -920.021 1.18863 39961.3
19034000 307.864 -379.279 1.19637 39702.8
19036000 318.776 252.765 1.19468 39759
19038000 315.607 -1002.5 1.18651 40032.7
19040000 323.242 -692.837 1.19533 39737.5
19042000 308.798 1479.96 1.20416 39446
19044000 314.687 -1300.3 1.20291 39487
19046000 315.952 40.4855 1.19666 39693.4
19048000 317.025 -1173.61 1.20311 39480.4
19050000 313.706 -281.713 1.20246 39501.7
19052000 309.495 -705.84 1.20542 39404.8
19054000 309.203 2357.76 1.20687 39357.5
19056000 316.535 1731.24 1.21003 39254.7
19058000 305.96 1989.9 1.20681 39359.3
19060000 318.001 -3233.99 1.19605 39713.7
19062000 308.498 5.60753 1.2033 39474.2
19064000 314.325 369.09 1.19742 39668.2
19066000 310.518 -398.687 1.2053 39408.6
19068000 308.071 -1269.87 1.19497 39749.5
19070000 309.152 136.378 1.19813 39644.4
19072000 313.867 -843.365 1.18393 40119.9
19074000 309.402 -138.841 1.20043 39568.7
19076000 307.602 -40.4302 1.19159 39862.1
19078000 317.014 -678.093 1.20278 39491.4
19080000 312.592 338.199 1.19657 39696.3
19082000 311.493 7.51057 1.18586 40054.8
19084000 318.627 -1377.51 1.19113 39877.5
19086000 316.406 -1121.97 1.1919 39851.7
19088000 317.278 2618.71 1.19345 39800.1
19090000 309.758 -796.383 1.19583 39720.7
19092000 320.717 -1137.14 1.19628 39705.9
19094000 309.992 1105.02 1.19203 39847.3
19096000 312.136 -487.638 1.20225 39508.8
19098000 313.624 -1734.64 1.19455 39763.4
19100000 310.926 1534.61 1.19007 39913.1
19102000 316.748 -274.395 1.19918 39609.9
19104000 308.288 376.733 1.19471 39758.2
19106000 309.398 -865.53 1.19054 39897.2
19108000 308.46 1075.29 1.1991 39612.5
19110000 306.011 480.474 1.20939 39275.3
19112000 312.856 -368.882 1.1967 39691.9
19114000 313.131 1949.1 1.20735 39341.7
19116000 309.989 -1801.16 1.20521 39411.8
19118000 312.994 -3515.42 1.20468 39429.1
19120000 312.069 -854.631 1.21008 39252.9
19122000 314.19 -678.012 1.20652 39369
19124000 315.434 -1877.53 1.19896 39617.1
19126000 306.973 -1749.3 1.20221 39510
19128000 314.402 -1943.13 1.20389 39454.9
19130000 317.247 -756.144 1.19205 39846.8
19132000 317.476 -1571.41 1.19869 39626.2
19134000 309.349 -1305.15 1.19935 39604.3
19136000 317.55 -20.8173 1.20626 39377.4
19138000 313.535 -1958.61 1.19826 39640.2
19140000 315.401 1830.04 1.21158 39204.3
19142000 313.685 -90.2377 1.20899 39288.4
19144000 315.851 748.676 1.20012 39578.9
19146000 318.942 -318.451 1.20632 39375.4
19148000 311.421 -188.323 1.21193 39193
19150000 319.968 -2468.49 1.19748 39666.1
19152000 311.996 -2056.94 1.20187 39521.1
19154000 310.636 504.963 1.20489 39422.1
19156000 311.952 -495.03 1.20028 39573.4
19158000 314.473 -58.4402 1.19189 39852.2
19160000 314.953 184.942 1.20615 39380.8
19162000 320.564 -1007.03 1.20116 39544.6
19164000 309.889 -1941.98 1.19827 39640.1
19166000 314.172 951.519 1.19928 39606.4
19168000 315.231 1876.44 1.19992 39585.3
19170000 315.128 -1284.13 1.21241 39177.7
19172000 318.029 -790.04 1.21196 39192
19174000 314.63 2515.22 1.19868 39626.4
19176000 315.08 -1317.7 1.20326 39475.5
19178000 314.164 -1493.58 1.19018 39909.4
19180000 306.949 -1077.47 1.19435 39769.9
19182000 315.838 -690.937 1.20517 39412.9
19184000 304.318 -918.824 1.20211 39513.3
19186000 304.512 1297.38 1.20462 39430.9
19188000 320.088 587.722 1.1918 39855.1
19190000 312.503 -1346.88 1.19056 39896.6
19192000 312.52 2703.48 1.19647 39699.5
19194000 316.843 1300.77 1.20299 39484.5
19196000 318.623 -394.704 1.20046 39567.6
19198000 311.472 -29.3278 1.20609 39382.9
19200000 313.221 1727.35 1.20717 39347.5
19202000 311.735 1655.07 1.20262 39496.7
19204000 317.335 -1156.27 1.19656 39696.5
19206000 314.456 2049.93 1.20735 39341.9
19208000 310.983 -1898.21 1.20506 39416.7
19210000 312.827 -1256.45 1.20039 39570
19212000 314.238 -119.824 1.19173 39857.5
19214000 317.65 781.417 1.20245 39502.1
19216000 313.845 534.427 1.19611 39711.5
19218000 311.008 -71.7463 1.20247 39501.4
19220000 314.912 -444.976 1.19821 39641.9
19222000 312.48 -217.708 1.1985 39632.3
19224000 320.3 -1715.82 1.19745 39667
19226000 316.347 255.491 1.21467 39104.7
19228000 310.965 645.788 1.19936 39604.1
19230000 313.757 -210.941 1.20494 39420.4
19232000 310.57 -417.248 1.19176 39856.6
19234000 309.531 2362.84 1.20075 39558
19236000 312.316 -984.406 1.19847 39633.2
19238000 319.175 -843.377 1.19821 39642
19240000 322.261 -0.466282 1.20803 39319.7
19242000 312.907 703.324 1.20121 39543
19244000 315.206 1280.69 1.20118 39543.8
19246000 305.895 1669.09 1.20345 39469.2
19248000 310.843 -2118.73 1.19383 39787.5
19250000 313.512 32.3281 1.19984 39588.1
19252000 311.473 216.224 1.20105 39548.2
19254000 313.634 305.826 1.20533 39407.6
19256000 314.118 2597.39 1.20042 39569
19258000 313.424 1250.85 1.19871 39625.3
19260000 308.525 -269.346 1.20062 39562.3
19262000 315.26 -523.127 1.20459 39431.8
19264000 311.547 282.174 1.19787 39653.1
19266000 313.697 1797.33 1.2146 39107.1
19268000 307.866 -2256.06 1.20578 39393.1
19270000 312.217 -324.614 1.21032 39245.4
19272000 311.972 -2155.03 1.20323 39476.5
19274000 313.973 171.8 1.19373 39790.7
19276000 315.323 -2523.88 1.20618 39379.9
19278000 313.267 -896.065 1.1947 39758.4
19280000 303.422 1464.53 1.20393 39453.5
19282000 308.635 1079.46 1.20259 39497.6
19284000 320.796 417.014 1.20075 39558
19286000 313.737 -1416.19 1.19961 39595.7
19288000 310.612 16.828 1.20825 39312.6
19290000 311.242 1788.83 1.20666 39364.2
19292000 311.282 -680.703 1.20845 39306
19294000 315.144 68.832 1.20411 39447.6
19296000 315.037 342.533 1.20964 39267.4
19298000 316.924 2122.38 1.20045 39568
19300000 320.427 -1161.96 1.19867 39626.7
19302000 304.45 1780.53 1.20526 39410
19304000 314.543 -549.97 1.20632 39375.6
19306000 316.068 -1783.35 1.19414 39776.9
19308000 304.6 1059.76 1.21057 39237.1
19310000 315.491 -473.219 1.19291 39818.1
19312000 316.468 -2024.71 1.19835 39637.3
19314000 317.069 533.963 1.20122 39542.6
19316000 315.909 1233.41 1.18962 39928.2
19318000 322.75 929.566 1.212 39191
19320000 309.334 -391.646 1.20803 39319.8
19322000 312.47 1372.85 1.21064 39234.9
19324000 318.214 -880.935 1.19882 39621.9
19326000 313.872 159.742 1.20496 39420
19328000 312.204 -316.421 1.20907 39285.7
19330000 311.271 691.305 1.21479 39100.8
19332000 314.085 697.704 1.21005 39253.9
19334000 311.06 396.409 1.20812 39316.9
19336000 312.847 -163.346 1.2078 39327.3
19338000 303.559 752.56 1.2134 39145.8
19340000 318.473 -1610.62 1.20492 39421.2
19342000 318.7 441.046 1.20146 39534.8
19344000 308.575 403.386 1.20632 39375.4
19346000 318.268 1397.27 1.19427 39772.8
19348000 318.29 2450.74 1.19662 39694.6
19350000 318.284 223.032 1.20863 39300.1
19352000 309.035 1193.02 1.19848 39632.9
19354000 314.693 1256.4 1.19916 39610.4
19356000 305.688 -2515.97 1.20342 39470.5
19358000 312.663 127.44 1.18852 39965
19360000 309.665 -1346.44 1.20654 39368.3
19362000 312.016 -1280.21 1.19441 39768.2
19364000 309.732 842.774 1.19688 39686
19366000 310.141 742.039 1.20239 39504.1
19368000 313.695 -2146.15 1.21014 39251.2
19370000 322.033 765.516 1.19707 39679.5
19372000 317.808 35.6758 1.20052 39565.6
19374000 307.672 1597.6 1.19251 39831.5
19376000 316.261 109.907 1.20105 39548.2
19378000 305.771 1375.66 1.20223 39509.4
19380000 310.752 937.668 1.20115 39544.9
19382000 316.142 1560.82 1.20065 39561.2
19384000 318.311 683.37 1.19873 39624.8
19386000 312.817 -118.275 1.2057 39395.6
19388000 322.323 -344.565 1.19854 39631.1
19390000 310.788 -2499.05 1.19137 39869.6
19392000 315.496 -147.057 1.18491 40086.7
19394000 315.047 -916.997 1.19104 39880.6
19396000 313.543 800.707 1.205 39418.6
19398000 320.647 -985.425 1.20333 39473.2
19400000 314.971 -663.55 1.20392 39453.8
19402000 310.187 215.518 1.20113 39545.4
19404000 311.844 331.044 1.19757 39663
19406000 306.279 -1130.36 1.19923 39608.3
19408000 311.813 -1438.01 1.19197 39849.5
19410000 312.65 1068.6 1.20722 39346.1
19412000 310.801 -1254.71 1.20514 39414
19414000 311.283 1074.98 1.20458 39432.3
19416000 311.572 1703.35 1.20875 39296.3
19418000 307.553 -2056.57 1.21512 39090.3
19420000 308.641 -1112.71 1.20015 39577.8
19422000 316.131 -575.852 1.19797 39649.7
19424000 324.966 301.003 1.21022 39248.4
19426000 309.052 -479.522 1.20572 39395.1
19428000 309.906 -317.909 1.20138 39537.5
19430000 314.721 1314.94 1.21405 39124.8
19432000 306.814 -1167.74 1.20137 39537.5
19434000 314.872 1775.14 1.21123 39215.9
19436000 313.675 2637.59 1.20071 39559.2
19438000 314.163 -792.336 1.19326 39806.3
19440000 316.83 -2447.18 1.20136 39538.1
19442000 316.873 1491.17 1.20471 39428
19444000 314.187 1129.56 1.19794 39650.9
19446000 311.039 -2243.99 1.20553 39401.3
19448000 309.139 793.835 1.20405 39449.5
19450000 316.575 -214.116 1.20069 39559.9
19452000 319.838 150.471 1.20121 39542.8
19454000 311.394 2845.34 1.20856 39302.3
19456000 311.237 -5.98386 1.20794 39322.6
19458000 317.45 904.9 1.19433 39770.8
19460000 313.781 602.241 1.21044 39241.5
19462000 321.359 -718.403 1.19789 39652.6
19464000 312.796 -97.5459 1.20814 39316.1
19466000 318.329 -55.9792 1.21759 39011.1
19468000 313.542 9.74783 1.20313 39479.7
19470000 308.118 3440.06 1.20157 39531
19472000 311.624 -404.384 1.1947 39758.3
19474000 309.277 -433.887 1.1992 39609.3
19476000 314.181 578.964 1.19666 39693.3
19478000 313.154 -338.418 1.20372 39460.3
19480000 318.747 699.81 1.20108 39547.2
19482000 306.889 -582.078 1.20272 39493.4
19484000 316.233 -1319.68 1.20065 39561.4
19486000 315.137 225.054 1.20885 39292.8
19488000 310.157 -612.086 1.19644 39700.5
19490000 313.495 -740.368 1.19722 39674.6
19492000 322.612 2473.5 1.21077 39230.6
19494000 314.918 2337.12 1.21452 39109.7
19496000 313.761 201.631 1.21077 39230.5
19498000 322.63 1734.79 1.20655 39367.8
19500000 314.691 -299.954 1.20897 39289.2
19502000 304.882 397.632 1.20788 39324.4
19504000 310.216 84.9521 1.2069 39356.3
19506000 319.012 -188.773 1.19665 39693.6
19508000 306.261 347.888 1.19898 39616.3
19510000 313.529 -2531.12 1.19206 39846.4
19512000 321.804 -697.625 1.20234 39505.6
19514000 307.914 -2341.76 1.20166 39528.1
19516000 317.523 -408.802 1.19076 39889.8
19518000 309.433 -332.312 1.19893 39618.2
19520000 309.418 1247.76 1.20258 39497.7
19522000 315.399 857.351 1.20127 39540.9
19524000 314.411 -932.945 1.18863 39961.6
19526000 309.275 356.025 1.20508 39416.1
19528000 311.686 -1692.91 1.1941 39778.4
19530000 314.265 1050.7 1.19082 39888
19532000 309.777 1399.1 1.20581 39392
19534000 314.447 -2297.84 1.19902 39615.1
19536000 316.236 601.492 1.20093 39552
19538000 310.196 -602.321 1.20283 39489.7
19540000 319.612 1127.87 1.18562 40063
19542000 314.856 -1082.01 1.20413 39447
19544000 324.864 1040.11 1.20077 39557.3
19546000 314.625 15.8545 1.20932 39277.7
19548000 303.447 -1526.39 1.20271 39493.7
19550000 310.851 406.892 1.20752 39336.3
19552000 315.422 1039.91 1.20607 39383.6
19554000 319.628 -604.315 1.19587 39719.6
19556000 317.118 410.126 1.19782 39655
19558000 313.889 -240.409 1.2078 39327
19560000 316.304 542.079 1.19996 39584
19562000 306.264 1544.26 1.20622 39378.8
19564000 314.85 166.61 1.20765 39332
19566000 314.885 -1760.05 1.19781 39655.1
19568000 306.532 231.133 1.2002 39576
19570000 309.299 2244.49 1.19939 39603
19572000 317.537 1412.79 1.19234 39837.2
19574000 313.855 229.653 1.20784 39325.9
19576000 313.043 2072.24 1.20661 39365.9
19578000 323.307 -973.572 1.20668 39363.6
19580000 307.199 -1374.48 1.19591 39718.2
19582000 309.661 490.639 1.20194 39519
19584000 318.634 1123.92 1.20703 39352.1
19586000 311.649 1620.32 1.20741 39339.9
19588000 310.316 -784.269 1.20124 39542
19590000 314.191 -976.865 1.19779 39655.7
19592000 315.607 326.019 1.20218 39511.1
19594000 311.613 -1529.36 1.19996 39584
19596000 312.535 502.437 1.2027 39493.8
19598000 315.425 389.211 1.20405 39449.8
19600000 309.914 -716.901 1.20161 39529.9
19602000 315.84 852.707 1.21152 39206.4
19604000 316.975 -250.352 1.19896 39617
19606000 312.073 -1555.11 1.19895 39617.6
19608000 317.342 -26.4494 1.21126 39214.8
19610000 306.742 -648.819 1.20182 39522.9
19612000 324.381 797.041 1.20625 39377.6
19614000 307.82 2026.79 1.21338 39146.2
19616000 309.627 -1132.1 1.20039 39569.9
19618000 306.271 -143.261 1.20793 39323
19620000 312.682 -505.429 1.21794 38999.8
19622000 308.977 392.886 1.21201 39190.6
19624000 310.066 738.731 1.19986 39587.5
19626000 316.936 236.287 1.20386 39456
19628000 310.826 -1594.27 1.19728 39672.7
19630000 308.145 -992.852 1.19641 39701.6
19632000 308.153 -1527.92 1.19397 39782.8
19634000 321.298 806.32 1.20059 39563.4
19636000 310.48 -1163.93 1.2049 39421.9
19638000 310.813 -647.382 1.20146 39534.8
19640000 311.012 -1631.14 1.19688 39685.9
19642000 318.373 1427.96 1.20224 39509.1
19644000 310.057 1281.22 1.19759 39662.3
19646000 305.608 -887.241 1.20551 39401.9
19648000 315.286 -481.928 1.20932 39277.8
19650000 309.671 -265.619 1.20347 39468.7
19652000 315.297 525.68 1.21297 39159.6
19654000 311.121 137.808 1.19963 39595.1
19656000 310.03 -326.554 1.20578 39393
19658000 307.603 -1355.9 1.19102 39881.2
19660000 312.859 290.481 1.20776 39328.4
19662000 307.785 825.428 1.20246 39501.6
19664000 315.117 -564.754 1.22304 38837.1
19666000 309.676 2191.02 1.20364 39463
19668000 305.921 2220.1 1.21625 39053.8
19670000 311.082 1647.87 1.21719 39023.9
19672000 316.267 1022.75 1.20523 39411.1
19674000 305.37 -426.501 1.1999 39586
19676000 309.82 638.165 1.2032 39477.6
19678000 315.075 1918.22 1.19488 39752.4
19680000 309.363 2292.06 1.2003 39573
19682000 316.946 -1400.99 1.20296 39485.3
19684000 307.821 1538.5 1.20543 39404.3
19686000 309.926 904.418 1.19919 39609.7
19688000 315.547 152.968 1.19516 39743
19690000 314.262 539.887 1.20227 39508.1
19692000 311.977 1469.77 1.19905 39614
19694000 312.977 2444.79 1.20662 39365.5
19696000 313.123 -661.071 1.20118 39544.1
19698000 317.226 328.093 1.20068 39560.4
19700000 309.6 -900.063 1.20671 39362.7
19702000 316.268 -771.161 1.20195 39518.6
19704000 308.733 -978.461 1.20817 39315.1
19706000 311.293 -352.158 1.21452 39109.5
19708000 307.488 -1826.96 1.2054 39405.5
19710000 311.041 1631.32 1.19843 39634.6
19712000 312.033 882.723 1.19714 39677.3
19714000 308.788 310.739 1.20535 39407.2
19716000 317.72 -1313.85 1.2072 39346.6
19718000 304.767 -2651.11 1.20047 39567.2
19720000 312.978 -1373.01 1.2024 39503.8
19722000 318.2 846.258 1.20549 39402.5
19724000 307.397 -973.818 1.20148 39534
19726000 308.712 -1513.82 1.19893 39618.1
19728000 312.85 3.60392 1.20162 39529.4
19730000 315.586 -1743.84 1.19895 39617.4
19732000 306.363 -1947.23 1.19748 39666.2
19734000 314.515 351.668 1.20202 39516.4
19736000 308.975 1242.59 1.19739 39669.1
19738000 315.017 -3143.13 1.20861 39300.7
19740000 316.671 686.058 1.20574 39394.3
19742000 317.889 661.53 1.19274 39823.8
19744000 311.261 1102.19 1.21052 39238.8
19746000 313.596 632.279 1.19802 39648.2
19748000 318.71 2269.08 1.20907 39286
19750000 310.368 -235.118 1.2018 39523.6
19752000 318.692 248.969 1.20214 39512.4
19754000 316.873 -1804.47 1.20182 39522.7
19756000 313.309 119.435 1.20151 39533.1
19758000 313.785 -1417.19 1.20143 39535.6
19760000 311.876 1903.32 1.20869 39298.3
19762000 313.042 -784.648 1.19532 39737.8
19764000 309.701 1240.32 1.19922 39608.5
19766000 315.156 1873.3 1.20803 39319.8
19768000 314.165 1193.56 1.19212 39844.3
19770000 317.759 -22.9696 1.1984 39635.5
19772000 315.925 -133.82 1.19788 39652.9
19774000 314.927 -818.375 1.20639 39373
19776000 316.252 -535.487 1.19911 39612.1
19778000 315.439 -290.591 1.18355 40133.1
19780000 315.389 -753.526 1.20436 39439.6
19782000 311.085 -304.82 1.20462 39430.9
19784000 315.115 942.332 1.19637 39702.8
19786000 306.44 -2478.71 1.1973 39672.2
19788000 311.408 -453.531 1.19507 39746.2
19790000 317.362 -1242.7 1.1989 39619.1
19792000 317.02 -1251.37 1.20333 39473.3
19794000 313.611 492.229 1.19343 39800.6
19796000 319.212 695.216 1.1954 39735.1
19798000 309.903 950.73 1.20776 39328.3
19800000 308.137 -1726.21 1.19155 39863.3
19802000 322.243 2706.52 1.21057 39237.3
19804000 313.966 -2947.01 1.20189 39520.7
19806000 319.155 727.904 1.19933 39604.9
19808000 314.112 821.933 1.19639 39702.4
19810000 315.146 -183.268 1.20048 39567.1
19812000 312.695 1097.82 1.19895 39617.3
19814000 319.965 363.883 1.19954 39598
19816000 310.306 1492.35 1.1917 39858.5
19818000 306.932 -2993.19 1.19716 39676.6
19820000 313.125 -473.066 1.18661 40029.5
19822000 313.942 294.84 1.19104 39880.4
19824000 313.057 721.819 1.20552 39401.4
19826000 313.136 -1017.06 1.1935 39798.3
19828000 311.027 -225.443 1.19807 39646.6
19830000 316.412 637.697 1.20795 39322.4
19832000 313.995 -524.742 1.19311 39811.5
19834000 314.438 -2126.84 1.19278 39822.3
19836000 309.362 -483.919 1.20287 39488.5
19838000 310.707 -1723.27 1.2074 39340.3
19840000 312.843 408.022 1.21016 39250.4
19842000 304.296 1024.69 1.19047 39899.7
19844000 308.119 911.804 1.19278 39822.5
19846000 318.224 1451.26 1.19463 39760.8
19848000 310.014 -91.7549 1.19753 39664.3
19850000 309.588 90.5808 1.2023 39506.9
19852000 316.14 -540.004 1.2032 39477.4
19854000 308.262 -214.631 1.19591 39718
19856000 310.787 -438.032 1.20227 39508.2
19858000 318.984 1530.52 1.19907 39613.5
19860000 312.211 -778.653 1.20541 39405.1
19862000 303.853 -2257.5 1.1993 39605.9
19864000 310.96 -728.476 1.20215 39511.9
19866000 309.26 386.081 1.19356 39796.4
19868000 311.22 -866.915 1.1919 39851.8
19870000 312.269 -796.435 1.19585 39720.3
19872000 314.536 105.891 1.20536 39406.6
19874000 310.726 -1768.97 1.2032 39477.4
19876000 317.937 -1028.14 1.20029 39573.3
19878000 311.911 2163.7 1.19386 39786.4
19880000 322.921 -1939.08 1.20355 39466
19882000 317.488 507.144 1.19071 39891.7
19884000 315.531 473.887 1.20169 39527.1
19886000 308.656 619.622 1.19701 39681.5
19888000 320.688 996.252 1.2079 39323.9
19890000 320.068 -1852.54 1.19476 39756.4
19892000 307.119 464.953 1.1937 39791.8
19894000 315.356 -855.884 1.20564 39397.6
19896000 314.629 -401.178 1.19531 39738.1
19898000 310.348 2285.1 1.20799 39320.9
19900000 315.944 549.959 1.20484 39423.7
19902000 310.115 500.948 1.20435 39439.7
19904000 312.576 1843.46 1.20333 39473.3
19906000 312.822 -362.247 1.21314 39153.9
19908000 314.004 195.882 1.20747 39337.9
19910000 305.663 166.506 1.20953 39270.8
19912000 311.122 809.22 1.20789 39324.2
19914000 313.298 109.263 1.20438 39438.9
19916000 314.014 676.876 1.20584 39391.1
19918000 312.769 13.1909 1.20467 39429.3
19920000 310.657 673.516 1.20131 39539.6
19922000 313.199 641.216 1.20967 39266.2
19924000 307.983 193.364 1.19802 39648.1
19926000 314.068 -2030.69 1.2054 39405.4
19928000 313.099 297.504 1.20345 39469.5
19930000 310.421 -487.261 1.20343 39470.1
19932000 314.865 145.67 1.21259 39171.9
19934000 315.5 -432.294 1.21041 39242.3
19936000 312.475 177.828 1.20883 39293.6
19938000 307.692 -642.157 1.2065 39369.4
19940000 308.992 -1947.62 1.20869 39298.3
19942000 316.71 905.851 1.1929 39818.4
19944000 308.685 679.115 1.20058 39563.5
19946000 309.779 1094.92 1.2087 39297.7
19948000 312.535 2.72142 1.2057 39395.7
19950000 311.214 2707.07 1.20267 39494.9
19952000 303.863 -2188.08 1.19843 39634.7
19954000 308.979 166.416 1.19794 39650.8
19956000 315.561 15.6416 1.20763 39332.6
19958000 305.735 179.428 1.18966 39926.9
19960000 310.993 32.5956 1.20151 39533.2
19962000 311.149 1328.26 1.19627 39706.3
19964000 313.058 -334.154 1.19442 39767.8
19966000 313.111 -69.1504 1.20312 39480.2
19968000 315.077 -161.156 1.2012 39543.3
19970000 313.511 1215.75 1.20227 39507.9
19972000 311.625 -239.949 1.21729 39020.7
19974000 318.953 -119.478 1.21142 39209.6
19976000 315.593 -1090 1.20759 39334.1
19978000 313.936 -1315.62 1.19875 39624
19980000 316.482 -1051.98 1.20272 39493.4
19982000 309.629 -1170.58 1.19688 39686.1
19984000 311.776 -2106.2 1.19805 39647.2
19986000 320.034 989.29 1.20985 39260.7
19988000 316.045 -455.695 1.20039 39570.1
19990000 310.698 -1363.28 1.19995 39584.5
19992000 310.707 899.308 1.20748 39337.6
19994000 307.671 431.711 1.20943 39274.1
19996000 315.674 -1949.01 1.20526 39409.9
19998000 315.021 1242.17 1.20721 39346.3
20000000 308.793 2819.94 1.19799 39649.1
