# Chunk-averaged data for fix density_out and group all
# Timestep Number-of-chunks Total-count
# Chunk Coord1 Ncount density/mass
12000000 30 3640
  1 -8.81367 89 0.95548
  2 -7.81367 137 1.19232
  3 -6.81367 114 1.15619
  4 -5.81367 125 1.15377
  5 -4.81367 121 1.1847
  6 -3.81367 137 1.35073
  7 -2.81367 128 1.35939
  8 -1.81367 116 1.09675
  9 -0.813671 119 1.08578
  10 0.186329 113 1.15637
  11 1.18633 108 1.07936
  12 2.18633 135 1.279
  13 3.18633 121 1.1886
  14 4.18633 130 1.17363
  15 5.18633 128 1.37553
  16 6.18633 133 1.05607
  17 7.18633 125 1.22936
  18 8.18633 123 1.10928
  19 9.18633 140 1.47971
  20 10.1863 135 1.404
  21 11.1863 107 1.0905
  22 12.1863 112 1.02864
  23 13.1863 131 1.23315
  24 14.1863 119 1.15881
  25 15.1863 119 1.23806
  26 16.1863 124 1.31601
  27 17.1863 130 1.29758
  28 18.1863 122 1.08202
  29 19.1863 121 1.20079
  30 20.1863 78 0.695358
12010000 30 3640
  1 -8.81367 76 0.718173
  2 -7.81367 137 1.39073
  3 -6.81367 119 1.14639
  4 -5.81367 122 1.12928
  5 -4.81367 134 1.30227
  6 -3.81367 137 1.28271
  7 -2.81367 122 1.25191
  8 -1.81367 136 1.3023
  9 -0.813671 109 1.02748
  10 0.186329 103 0.968554
  11 1.18633 122 1.25323
  12 2.18633 117 1.05325
  13 3.18633 131 1.26322
  14 4.18633 133 1.29362
  15 5.18633 127 1.23238
  16 6.18633 129 1.22878
  17 7.18633 115 0.991884
  18 8.18633 126 1.21526
  19 9.18633 142 1.25458
  20 10.1863 124 1.3231
  21 11.1863 126 1.24458
  22 12.1863 117 1.09006
  23 13.1863 125 1.3281
  24 14.1863 120 1.17476
  25 15.1863 124 1.21513
  26 16.1863 116 1.11571
  27 17.1863 126 1.35147
  28 18.1863 120 1.09494
  29 19.1863 130 1.13672
  30 20.1863 75 0.688591
12020000 30 3640
  1 -8.81367 106 1.10045
  2 -7.81367 139 1.3895
  3 -6.81367 124 1.24809
  4 -5.81367 125 1.14971
  5 -4.81367 112 1.06896
  6 -3.81367 141 1.45497
  7 -2.81367 124 1.30487
  8 -1.81367 131 1.29854
  9 -0.813671 108 1.05146
  10 0.186329 112 1.0248
  11 1.18633 106 1.20024
  12 2.18633 129 1.12463
  13 3.18633 128 1.29478
  14 4.18633 122 1.2658
  15 5.18633 129 1.23052
  16 6.18633 114 1.02356
  17 7.18633 128 1.21663
  18 8.18633 117 1.16994
  19 9.18633 136 1.33644
  20 10.1863 123 1.23555
  21 11.1863 119 1.2771
  22 12.1863 118 1.2078
  23 13.1863 113 1.04119
  24 14.1863 124 1.32386
  25 15.1863 129 1.22046
  26 16.1863 114 1.2505
  27 17.1863 116 1.17626
  28 18.1863 129 1.36167
  29 19.1863 115 0.979501
  30 20.1863 109 1.02862
12030000 30 3640
  1 -8.81367 111 1.03935
  2 -7.81367 148 1.4601
  3 -6.81367 111 1.0942
  4 -5.81367 135 1.27654
  5 -4.81367 123 1.15043
  6 -3.81367 124 1.34009
  7 -2.81367 125 1.27405
  8 -1.81367 127 1.22032
  9 -0.813671 114 1.04689
  10 0.186329 96 0.954334
  11 1.18633 114 1.16667
  12 2.18633 137 1.23672
  13 3.18633 125 1.24047
  14 4.18633 126 1.28402
  15 5.18633 129 1.2578
  16 6.18633 120 1.03315
  17 7.18633 117 1.13542
  18 8.18633 118 1.12798
  19 9.18633 148 1.44905
  20 10.1863 125 1.3501
  21 11.1863 128 1.29026
  22 12.1863 108 1.03552
  23 13.1863 126 1.21791
  24 14.1863 124 1.25285
  25 15.1863 111 1.123
  26 16.1863 125 1.3414
  27 17.1863 116 1.16918
  28 18.1863 117 1.15541
  29 19.1863 116 1.01444
  30 20.1863 96 0.949257
12040000 32 3640
  1 -9.81367 2 0.0164419
  2 -8.81367 122 1.23407
  3 -7.81367 136 1.33647
  4 -6.81367 119 1.21761
  5 -5.81367 125 1.16579
  6 -4.81367 128 1.28712
  7 -3.81367 116 1.30971
  8 -2.81367 135 1.26707
  9 -1.81367 121 1.16574
  10 -0.813671 114 1.1912
  11 0.186329 106 0.96735
  12 1.18633 120 1.25946
  13 2.18633 118 1.09762
  14 3.18633 129 1.30491
  15 4.18633 113 1.08104
  16 5.18633 138 1.32769
  17 6.18633 116 1.11279
  18 7.18633 112 1.19224
  19 8.18633 126 1.11918
  20 9.18633 133 1.36935
  21 10.1863 135 1.37572
  22 11.1863 115 1.24404
  23 12.1863 106 0.997609
  24 13.1863 119 1.16343
  25 14.1863 111 1.10894
  26 15.1863 129 1.38194
  27 16.1863 119 1.13549
  28 17.1863 103 1.15309
  29 18.1863 134 1.39338
  30 19.1863 111 0.90931
  31 20.1863 129 1.2392
  32 21.1863 0 0
12050000 30 3640
  1 -8.81367 110 1.1411
  2 -7.81367 122 1.11272
  3 -6.81367 127 1.30536
  4 -5.81367 129 1.1967
  5 -4.81367 117 1.1213
  6 -3.81367 137 1.41296
  7 -2.81367 128 1.20658
  8 -1.81367 126 1.23992
  9 -0.813671 110 0.968164
  10 0.186329 122 1.19055
  11 1.18633 110 1.17575
  12 2.18633 121 1.07937
  13 3.18633 128 1.28076
  14 4.18633 121 1.17572
  15 5.18633 120 1.08925
  16 6.18633 126 1.22634
  17 7.18633 120 1.07689
  18 8.18633 124 1.22641
  19 9.18633 143 1.39335
  20 10.1863 133 1.29186
  21 11.1863 104 1.06934
  22 12.1863 117 1.13732
  23 13.1863 112 1.02869
  24 14.1863 124 1.30059
  25 15.1863 126 1.21034
  26 16.1863 126 1.32893
  27 17.1863 111 1.06688
  28 18.1863 121 1.29184
  29 19.1863 120 1.03614
  30 20.1863 105 0.939592
12060000 30 3640
  1 -8.81367 104 1.00964
  2 -7.81367 155 1.57833
  3 -6.81367 112 1.06347
  4 -5.81367 128 1.28128
  5 -4.81367 124 1.09366
  6 -3.81367 131 1.41528
  7 -2.81367 130 1.3189
  8 -1.81367 129 1.2175
  9 -0.813671 119 1.12497
  10 0.186329 98 0.978294
  11 1.18633 117 1.29019
  12 2.18633 125 1.20885
  13 3.18633 135 1.26271
  14 4.18633 118 1.14856
  15 5.18633 137 1.33033
  16 6.18633 119 1.10861
  17 7.18633 121 1.07482
  18 8.18633 120 1.18125
  19 9.18633 149 1.49439
  20 10.1863 118 1.18117
  21 11.1863 112 1.18607
  22 12.1863 111 1.0522
  23 13.1863 124 1.2051
  24 14.1863 123 1.32279
  25 15.1863 120 1.15242
  26 16.1863 118 1.27001
  27 17.1863 119 1.20003
  28 18.1863 124 1.18994
  29 19.1863 108 0.963411
  30 20.1863 92 0.88304
12070000 30 3640
  1 -8.81367 100 0.989926
  2 -7.81367 141 1.3835
  3 -6.81367 110 1.049
  4 -5.81367 128 1.17741
  5 -4.81367 129 1.23909
  6 -3.81367 132 1.3537
  7 -2.81367 111 1.12065
  8 -1.81367 133 1.27857
  9 -0.813671 115 1.05544
  10 0.186329 99 0.978714
  11 1.18633 117 1.14664
  12 2.18633 123 1.191
  13 3.18633 130 1.19478
  14 4.18633 121 1.13545
  15 5.18633 123 1.15523
  16 6.18633 126 1.27984
  17 7.18633 117 0.999794
  18 8.18633 117 1.08609
  19 9.18633 148 1.45893
  20 10.1863 123 1.27114
  21 11.1863 119 1.22167
  22 12.1863 110 1.00835
  23 13.1863 118 1.21575
  24 14.1863 118 1.13299
  25 15.1863 139 1.34411
  26 16.1863 119 1.27233
  27 17.1863 131 1.35019
  28 18.1863 115 1.09471
  29 19.1863 126 1.12814
  30 20.1863 102 0.947838
12080000 30 3640
  1 -8.81367 98 0.918663
  2 -7.81367 148 1.37561
  3 -6.81367 110 1.142
  4 -5.81367 124 1.25985
  5 -4.81367 123 1.08875
  6 -3.81367 133 1.42987
  7 -2.81367 122 1.13599
  8 -1.81367 129 1.22389
  9 -0.813671 129 1.30722
  10 0.186329 103 0.929853
  11 1.18633 101 1.10362
  12 2.18633 145 1.30982
  13 3.18633 123 1.16947
  14 4.18633 127 1.27359
  15 5.18633 122 1.20164
  16 6.18633 124 1.21407
  17 7.18633 125 1.04538
  18 8.18633 111 1.05403
  19 9.18633 145 1.45984
  20 10.1863 134 1.44114
  21 11.1863 112 1.08
  22 12.1863 115 1.05513
  23 13.1863 118 1.1868
  24 14.1863 118 1.29599
  25 15.1863 133 1.21914
  26 16.1863 108 1.09734
  27 17.1863 129 1.33322
  28 18.1863 118 1.24997
  29 19.1863 124 1.02307
  30 20.1863 89 0.84162
12090000 30 3640
  1 -8.81367 116 1.17125
  2 -7.81367 150 1.41378
  3 -6.81367 113 1.16371
  4 -5.81367 122 1.25573
  5 -4.81367 131 1.23196
  6 -3.81367 120 1.26584
  7 -2.81367 126 1.28236
  8 -1.81367 137 1.32273
  9 -0.813671 108 1.05664
  10 0.186329 110 1.0704
  11 1.18633 100 1.07789
  12 2.18633 128 1.16769
  13 3.18633 135 1.32657
  14 4.18633 109 1.093
  15 5.18633 136 1.3292
  16 6.18633 119 1.18897
  17 7.18633 125 1.06924
  18 8.18633 118 1.18143
  19 9.18633 141 1.39988
  20 10.1863 119 1.29613
  21 11.1863 122 1.23813
  22 12.1863 115 1.10952
  23 13.1863 119 1.17515
  24 14.1863 118 1.26229
  25 15.1863 122 1.18646
  26 16.1863 126 1.27095
  27 17.1863 123 1.30378
  28 18.1863 110 1.189
  29 19.1863 115 0.982153
  30 20.1863 107 0.979577
12100000 30 3640
  1 -8.81367 101 0.985309
  2 -7.81367 155 1.50228
  3 -6.81367 114 1.03265
  4 -5.81367 123 1.2728
  5 -4.81367 125 1.18085
  6 -3.81367 135 1.35509
  7 -2.81367 125 1.31027
  8 -1.81367 128 1.20198
  9 -0.813671 128 1.15849
  10 0.186329 105 1.10995
  11 1.18633 105 1.08367
  12 2.18633 123 1.10742
  13 3.18633 136 1.36027
  14 4.18633 123 1.18207
  15 5.18633 133 1.27051
  16 6.18633 111 1.02145
  17 7.18633 123 1.10742
  18 8.18633 107 0.99655
  19 9.18633 153 1.60923
  20 10.1863 116 1.19571
  21 11.1863 120 1.26789
  22 12.1863 114 1.00151
  23 13.1863 123 1.23569
  24 14.1863 111 1.10864
  25 15.1863 125 1.28918
  26 16.1863 123 1.22939
  27 17.1863 110 1.15704
  28 18.1863 124 1.20335
  29 19.1863 116 1.06751
  30 20.1863 105 0.98278
12110000 30 3640
  1 -8.81367 82 0.811118
  2 -7.81367 159 1.5671
  3 -6.81367 112 1.1227
  4 -5.81367 118 1.13395
  5 -4.81367 122 1.1966
  6 -3.81367 131 1.29666
  7 -2.81367 136 1.37558
  8 -1.81367 129 1.2141
  9 -0.813671 110 1.12282
  10 0.186329 115 1.104
  11 1.18633 100 0.998923
  12 2.18633 128 1.22794
  13 3.18633 135 1.26681
  14 4.18633 121 1.25032
  15 5.18633 136 1.34184
  16 6.18633 110 1.03016
  17 7.18633 130 1.23668
  18 8.18633 117 1.04407
  19 9.18633 146 1.50699
  20 10.1863 123 1.20783
  21 11.1863 118 1.2916
  22 12.1863 115 1.08027
  23 13.1863 126 1.23289
  24 14.1863 122 1.30556
  25 15.1863 123 1.1553
  26 16.1863 117 1.20276
  27 17.1863 121 1.26177
  28 18.1863 121 1.19035
  29 19.1863 118 1.10275
  30 20.1863 99 0.881285
12120000 30 3640
  1 -8.81367 113 1.09677
  2 -7.81367 130 1.35172
  3 -6.81367 124 1.15334
  4 -5.81367 131 1.33023
  5 -4.81367 124 1.24113
  6 -3.81367 136 1.29773
  7 -2.81367 122 1.26747
  8 -1.81367 139 1.30402
  9 -0.813671 98 0.924667
  10 0.186329 120 1.22242
  11 1.18633 113 1.05164
  12 2.18633 130 1.30655
  13 3.18633 119 1.26502
  14 4.18633 123 1.16459
  15 5.18633 131 1.32027
  16 6.18633 117 1.02018
  17 7.18633 122 1.14705
  18 8.18633 129 1.24121
  19 9.18633 134 1.43466
  20 10.1863 133 1.30774
  21 11.1863 105 1.11421
  22 12.1863 111 1.09418
  23 13.1863 130 1.2175
  24 14.1863 118 1.21604
  25 15.1863 114 1.20092
  26 16.1863 125 1.24495
  27 17.1863 119 1.19344
  28 18.1863 121 1.31523
  29 19.1863 113 0.958693
  30 20.1863 96 0.888175
12130000 30 3640
  1 -8.81367 84 0.830951
  2 -7.81367 153 1.46387
  3 -6.81367 110 1.12416
  4 -5.81367 137 1.32965
  5 -4.81367 128 1.22446
  6 -3.81367 136 1.40604
  7 -2.81367 124 1.20191
  8 -1.81367 128 1.24074
  9 -0.813671 112 1.10796
  10 0.186329 109 1.05413
  11 1.18633 102 1.01515
  12 2.18633 131 1.17321
  13 3.18633 126 1.26849
  14 4.18633 133 1.34462
  15 5.18633 130 1.34093
  16 6.18633 122 1.09044
  17 7.18633 118 1.10795
  18 8.18633 119 1.0554
  19 9.18633 144 1.5127
  20 10.1863 129 1.25207
  21 11.1863 108 1.23302
  22 12.1863 115 1.02892
  23 13.1863 123 1.26836
  24 14.1863 119 1.25214
  25 15.1863 126 1.23942
  26 16.1863 130 1.3009
  27 17.1863 115 1.24449
  28 18.1863 119 1.14674
  29 19.1863 129 1.1381
  30 20.1863 81 0.8096
12140000 30 3640
  1 -8.81367 85 0.791274
  2 -7.81367 141 1.39503
  3 -6.81367 136 1.35386
  4 -5.81367 112 1.12173
  5 -4.81367 136 1.28404
  6 -3.81367 137 1.36501
  7 -2.81367 130 1.31015
  8 -1.81367 136 1.33512
  9 -0.813671 109 1.16059
  10 0.186329 109 0.919714
  11 1.18633 110 1.10694
  12 2.18633 127 1.2229
  13 3.18633 131 1.24542
  14 4.18633 124 1.28518
  15 5.18633 124 1.14178
  16 6.18633 128 1.21422
  17 7.18633 117 1.06073
  18 8.18633 124 1.26525
  19 9.18633 128 1.29898
  20 10.1863 128 1.29898
  21 11.1863 116 1.13421
  22 12.1863 115 1.08814
  23 13.1863 118 1.2116
  24 14.1863 131 1.25918
  25 15.1863 126 1.32018
  26 16.1863 115 1.20663
  27 17.1863 128 1.30272
  28 18.1863 107 1.03694
  29 19.1863 120 1.05327
  30 20.1863 92 0.860989
12150000 30 3640
  1 -8.81367 101 0.953153
  2 -7.81367 149 1.45814
  3 -6.81367 119 1.14908
  4 -5.81367 128 1.23218
  5 -4.81367 125 1.15905
  6 -3.81367 135 1.41821
  7 -2.81367 122 1.19626
  8 -1.81367 126 1.1851
  9 -0.813671 111 1.04125
  10 0.186329 104 1.05233
  11 1.18633 108 1.07969
  12 2.18633 140 1.32538
  13 3.18633 116 1.16401
  14 4.18633 120 1.17884
  15 5.18633 134 1.2162
  16 6.18633 130 1.23348
  17 7.18633 115 1.06601
  18 8.18633 117 1.04623
  19 9.18633 148 1.53614
  20 10.1863 120 1.1306
  21 11.1863 124 1.33016
  22 12.1863 110 0.982878
  23 13.1863 121 1.26825
  24 14.1863 121 1.22609
  25 15.1863 118 1.16399
  26 16.1863 117 1.09816
  27 17.1863 131 1.41212
  28 18.1863 117 1.24338
  29 19.1863 124 1.02517
  30 20.1863 89 0.882228
12160000 32 3640
  1 -9.81367 2 0.0304369
  2 -8.81367 134 1.25974
  3 -7.81367 128 1.33714
  4 -6.81367 116 1.17205
  5 -5.81367 137 1.35475
  6 -4.81367 116 1.10748
  7 -3.81367 130 1.35975
  8 -2.81367 122 1.24067
  9 -1.81367 137 1.34839
  10 -0.813671 109 1.07834
  11 0.186329 101 1.08853
  12 1.18633 116 1.11259
  13 2.18633 123 1.13294
  14 3.18633 115 1.17854
  15 4.18633 129 1.27857
  16 5.18633 121 1.19509
  17 6.18633 129 1.15066
  18 7.18633 117 1.17594
  19 8.18633 118 1.19379
  20 9.18633 138 1.35733
  21 10.1863 131 1.31551
  22 11.1863 115 1.25442
  23 12.1863 103 1.01492
  24 13.1863 126 1.16218
  25 14.1863 124 1.33067
  26 15.1863 119 1.13036
  27 16.1863 117 1.2798
  28 17.1863 120 1.28504
  29 18.1863 118 1.23809
  30 19.1863 113 1.01242
  31 20.1863 114 1.06433
  32 21.1863 2 0.00255429
12170000 30 3640
  1 -8.81367 84 0.840583
  2 -7.81367 146 1.4403
  3 -6.81367 117 1.15892
  4 -5.81367 131 1.23544
  5 -4.81367 125 1.16144
  6 -3.81367 127 1.35127
  7 -2.81367 131 1.22812
  8 -1.81367 129 1.24652
  9 -0.813671 126 1.26023
  10 0.186329 104 1.00226
  11 1.18633 114 1.17008
  12 2.18633 131 1.09488
  13 3.18633 120 1.20712
  14 4.18633 125 1.17137
  15 5.18633 127 1.25765
  16 6.18633 128 1.13185
  17 7.18633 115 1.07382
  18 8.18633 119 1.03815
  19 9.18633 143 1.48345
  20 10.1863 134 1.40572
  21 11.1863 117 1.20207
  22 12.1863 108 0.991158
  23 13.1863 132 1.30214
  24 14.1863 117 1.11336
  25 15.1863 126 1.33406
  26 16.1863 116 1.06887
  27 17.1863 118 1.27251
  28 18.1863 127 1.25641
  29 19.1863 125 1.06776
  30 20.1863 78 0.69484
12180000 30 3640
  1 -8.81367 95 0.806155
  2 -7.81367 157 1.59851
  3 -6.81367 113 1.10485
  4 -5.81367 128 1.24871
  5 -4.81367 120 1.08386
  6 -3.81367 145 1.51149
  7 -2.81367 125 1.20413
  8 -1.81367 125 1.17435
  9 -0.813671 114 1.14087
  10 0.186329 109 1.03557
  11 1.18633 104 1.06774
  12 2.18633 130 1.13235
  13 3.18633 128 1.32569
  14 4.18633 121 1.22758
  15 5.18633 132 1.2092
  16 6.18633 123 1.10618
  17 7.18633 120 1.19042
  18 8.18633 116 1.05674
  19 9.18633 147 1.50169
  20 10.1863 125 1.17188
  21 11.1863 119 1.18918
  22 12.1863 120 1.16313
  23 13.1863 119 1.17198
  24 14.1863 124 1.30959
  25 15.1863 121 1.20274
  26 16.1863 118 1.15079
  27 17.1863 124 1.34296
  28 18.1863 110 1.16436
  29 19.1863 115 0.912895
  30 20.1863 93 0.923805
12190000 30 3640
  1 -8.81367 105 0.988754
  2 -7.81367 142 1.41358
  3 -6.81367 120 1.15544
  4 -5.81367 132 1.23939
  5 -4.81367 122 1.24553
  6 -3.81367 118 1.27681
  7 -2.81367 128 1.27571
  8 -1.81367 117 1.13912
  9 -0.813671 120 1.14171
  10 0.186329 111 1.00636
  11 1.18633 109 1.1956
  12 2.18633 134 1.22699
  13 3.18633 127 1.25823
  14 4.18633 116 1.16531
  15 5.18633 132 1.28959
  16 6.18633 126 1.16804
  17 7.18633 119 1.12908
  18 8.18633 123 1.17434
  19 9.18633 133 1.37971
  20 10.1863 141 1.39096
  21 11.1863 110 1.15909
  22 12.1863 114 0.980054
  23 13.1863 117 1.20559
  24 14.1863 112 1.14669
  25 15.1863 130 1.33587
  26 16.1863 116 1.17794
  27 17.1863 121 1.26817
  28 18.1863 121 1.15799
  29 19.1863 123 1.16675
  30 20.1863 101 0.944942
12200000 30 3640
  1 -8.81367 110 1.13109
  2 -7.81367 122 1.22398
  3 -6.81367 116 1.18881
  4 -5.81367 138 1.28675
  5 -4.81367 114 1.10845
  6 -3.81367 127 1.28164
  7 -2.81367 126 1.33061
  8 -1.81367 130 1.22654
  9 -0.813671 121 1.14244
  10 0.186329 110 1.11869
  11 1.18633 105 1.10848
  12 2.18633 132 1.21532
  13 3.18633 129 1.24663
  14 4.18633 121 1.18253
  15 5.18633 121 1.15379
  16 6.18633 129 1.25537
  17 7.18633 113 1.0395
  18 8.18633 117 1.0584
  19 9.18633 137 1.43109
  20 10.1863 130 1.35076
  21 11.1863 126 1.28543
  22 12.1863 114 1.09215
  23 13.1863 114 1.14244
  24 14.1863 127 1.31068
  25 15.1863 118 1.19004
  26 16.1863 120 1.13362
  27 17.1863 114 1.33064
  28 18.1863 136 1.3545
  29 19.1863 115 0.960543
  30 20.1863 108 0.985496
12210000 30 3640
  1 -8.81367 95 0.997676
  2 -7.81367 133 1.23079
  3 -6.81367 123 1.25543
  4 -5.81367 130 1.22444
  5 -4.81367 118 1.10306
  6 -3.81367 135 1.32977
  7 -2.81367 133 1.3137
  8 -1.81367 127 1.2356
  9 -0.813671 114 1.09323
  10 0.186329 104 1.01512
  11 1.18633 106 1.08444
  12 2.18633 132 1.25436
  13 3.18633 132 1.16519
  14 4.18633 123 1.2542
  15 5.18633 130 1.22572
  16 6.18633 139 1.31132
  17 7.18633 114 1.05474
  18 8.18633 121 1.09076
  19 9.18633 144 1.55537
  20 10.1863 118 1.21321
  21 11.1863 130 1.31864
  22 12.1863 108 0.915982
  23 13.1863 120 1.15145
  24 14.1863 125 1.34108
  25 15.1863 123 1.23554
  26 16.1863 121 1.17116
  27 17.1863 125 1.41653
  28 18.1863 112 1.07455
  29 19.1863 125 0.988022
  30 20.1863 80 0.788167
12220000 32 3640
  1 -9.81367 0 0
  2 -8.81367 128 1.27516
  3 -7.81367 140 1.33537
  4 -6.81367 116 1.23473
  5 -5.81367 130 1.18581
  6 -4.81367 120 1.10785
  7 -3.81367 127 1.44333
  8 -2.81367 122 1.17568
  9 -1.81367 130 1.22727
  10 -0.813671 118 1.15319
  11 0.186329 100 1.00343
  12 1.18633 105 1.14309
  13 2.18633 136 1.18845
  14 3.18633 129 1.29515
  15 4.18633 106 1.09904
  16 5.18633 133 1.20719
  17 6.18633 123 1.16943
  18 7.18633 118 1.13927
  19 8.18633 118 1.13552
  20 9.18633 136 1.48501
  21 10.1863 130 1.22606
  22 11.1863 114 1.25102
  23 12.1863 120 1.09279
  24 13.1863 107 1.0613
  25 14.1863 124 1.22608
  26 15.1863 128 1.35672
  27 16.1863 122 1.25364
  28 17.1863 108 1.05376
  29 18.1863 113 1.18576
  30 19.1863 128 1.11799
  31 20.1863 111 1.09646
  32 21.1863 0 0
12230000 30 3640
  1 -8.81367 114 1.14885
  2 -7.81367 131 1.26554
  3 -6.81367 112 1.14498
  4 -5.81367 139 1.362
  5 -4.81367 122 1.13128
  6 -3.81367 126 1.29294
  7 -2.81367 120 1.2153
  8 -1.81367 137 1.35568
  9 -0.813671 113 1.10258
  10 0.186329 103 0.975849
  11 1.18633 105 1.11121
  12 2.18633 128 1.16777
  13 3.18633 128 1.19284
  14 4.18633 117 1.16507
  15 5.18633 123 1.24791
  16 6.18633 125 1.20528
  17 7.18633 122 1.13258
  18 8.18633 118 1.05866
  19 9.18633 134 1.4296
  20 10.1863 135 1.36213
  21 11.1863 122 1.22148
  22 12.1863 106 1.01465
  23 13.1863 133 1.25184
  24 14.1863 117 1.30181
  25 15.1863 132 1.2768
  26 16.1863 113 1.18255
  27 17.1863 127 1.38959
  28 18.1863 121 1.14515
  29 19.1863 113 0.987173
  30 20.1863 104 0.99329
12240000 30 3640
  1 -8.81367 121 1.14846
  2 -7.81367 134 1.30899
  3 -6.81367 98 0.964158
  4 -5.81367 142 1.38659
  5 -4.81367 123 1.20225
  6 -3.81367 108 1.09824
  7 -2.81367 145 1.48567
  8 -1.81367 130 1.2737
  9 -0.813671 117 1.15488
  10 0.186329 100 0.902783
  11 1.18633 105 1.08712
  12 2.18633 140 1.33778
  13 3.18633 125 1.24381
  14 4.18633 127 1.23491
  15 5.18633 126 1.15606
  16 6.18633 124 1.22737
  17 7.18633 127 1.2024
  18 8.18633 120 1.09088
  19 9.18633 134 1.35906
  20 10.1863 125 1.33392
  21 11.1863 113 1.19726
  22 12.1863 121 1.06699
  23 13.1863 114 1.22114
  24 14.1863 123 1.15357
  25 15.1863 126 1.359
  26 16.1863 116 1.17349
  27 17.1863 117 1.17859
  28 18.1863 122 1.26868
  29 19.1863 121 1.12344
  30 20.1863 96 0.878912
12250000 30 3640
  1 -8.81367 91 0.807471
  2 -7.81367 145 1.46497
  3 -6.81367 118 1.12452
  4 -5.81367 129 1.31503
  5 -4.81367 125 1.09109
  6 -3.81367 126 1.36326
  7 -2.81367 134 1.2855
  8 -1.81367 121 1.21727
  9 -0.813671 131 1.2471
  10 0.186329 104 1.00322
  11 1.18633 111 1.13932
  12 2.18633 119 1.02424
  13 3.18633 147 1.49235
  14 4.18633 109 1.02164
  15 5.18633 130 1.26075
  16 6.18633 123 1.13317
  17 7.18633 124 1.11213
  18 8.18633 119 1.15551
  19 9.18633 142 1.43404
  20 10.1863 138 1.34488
  21 11.1863 114 1.23947
  22 12.1863 103 0.900347
  23 13.1863 127 1.26327
  24 14.1863 115 1.08242
  25 15.1863 132 1.42281
  26 16.1863 115 1.11078
  27 17.1863 131 1.33758
  28 18.1863 121 1.1579
  29 19.1863 112 1.03287
  30 20.1863 84 0.796327
12260000 30 3640
  1 -8.81367 98 0.973992
  2 -7.81367 147 1.40239
  3 -6.81367 109 1.06882
  4 -5.81367 134 1.27238
  5 -4.81367 118 1.09763
  6 -3.81367 138 1.45332
  7 -2.81367 126 1.28356
  8 -1.81367 126 1.25238
  9 -0.813671 110 0.995386
  10 0.186329 107 1.10762
  11 1.18633 115 1.16258
  12 2.18633 123 1.14016
  13 3.18633 124 1.16012
  14 4.18633 131 1.32858
  15 5.18633 132 1.27618
  16 6.18633 115 1.06015
  17 7.18633 120 1.10641
  18 8.18633 110 0.984103
  19 9.18633 143 1.53702
  20 10.1863 129 1.30989
  21 11.1863 112 1.15498
  22 12.1863 113 1.05396
  23 13.1863 120 1.10512
  24 14.1863 123 1.29863
  25 15.1863 125 1.26495
  26 16.1863 112 1.17611
  27 17.1863 134 1.3124
  28 18.1863 132 1.37736
  29 19.1863 107 0.976508
  30 20.1863 107 0.982817
12270000 30 3640
  1 -8.81367 95 0.957594
  2 -7.81367 136 1.31567
  3 -6.81367 122 1.22833
  4 -5.81367 130 1.29561
  5 -4.81367 123 1.17217
  6 -3.81367 126 1.21213
  7 -2.81367 134 1.33687
  8 -1.81367 125 1.21705
  9 -0.813671 112 1.05491
  10 0.186329 100 1.09983
  11 1.18633 120 1.13973
  12 2.18633 123 1.18351
  13 3.18633 135 1.32703
  14 4.18633 113 1.10349
  15 5.18633 146 1.37571
  16 6.18633 105 0.981152
  17 7.18633 131 1.18352
  18 8.18633 119 1.14225
  19 9.18633 147 1.51543
  20 10.1863 114 1.15217
  21 11.1863 118 1.21948
  22 12.1863 114 1.1048
  23 13.1863 120 1.17725
  24 14.1863 138 1.33444
  25 15.1863 123 1.30321
  26 16.1863 109 1.1434
  27 17.1863 136 1.3694
  28 18.1863 107 1.09604
  29 19.1863 132 1.16102
  30 20.1863 87 0.761498
12280000 30 3640
  1 -8.81367 83 0.813477
  2 -7.81367 147 1.38557
  3 -6.81367 126 1.27093
  4 -5.81367 126 1.25974
  5 -4.81367 125 1.16042
  6 -3.81367 134 1.3791
  7 -2.81367 130 1.29213
  8 -1.81367 128 1.18647
  9 -0.813671 112 1.10819
  10 0.186329 110 1.04478
  11 1.18633 120 1.24737
  12 2.18633 122 1.08595
  13 3.18633 125 1.29839
  14 4.18633 131 1.27972
  15 5.18633 136 1.28726
  16 6.18633 123 1.11187
  17 7.18633 119 1.1231
  18 8.18633 128 1.16175
  19 9.18633 140 1.49358
  20 10.1863 120 1.20755
  21 11.1863 111 1.11299
  22 12.1863 116 1.14421
  23 13.1863 111 1.02736
  24 14.1863 134 1.35567
  25 15.1863 120 1.24117
  26 16.1863 113 1.12554
  27 17.1863 137 1.46497
  28 18.1863 106 0.953993
  29 19.1863 122 1.1442
  30 20.1863 85 0.764878
12290000 30 3640
  1 -8.81367 115 1.14287
  2 -7.81367 127 1.24907
  3 -6.81367 116 1.13656
  4 -5.81367 134 1.25399
  5 -4.81367 124 1.25266
  6 -3.81367 122 1.20896
  7 -2.81367 131 1.29016
  8 -1.81367 126 1.27019
  9 -0.813671 116 1.1392
  10 0.186329 104 0.975509
  11 1.18633 112 1.15531
  12 2.18633 125 1.14052
  13 3.18633 120 1.24027
  14 4.18633 117 1.10281
  15 5.18633 132 1.28276
  16 6.18633 125 1.19906
  17 7.18633 126 1.15043
  18 8.18633 119 1.03933
  19 9.18633 139 1.52745
  20 10.1863 138 1.31144
  21 11.1863 104 1.24626
  22 12.1863 110 0.911884
  23 13.1863 130 1.30646
  24 14.1863 130 1.3528
  25 15.1863 121 1.23765
  26 16.1863 116 1.15034
  27 17.1863 128 1.32522
  28 18.1863 117 1.15155
  29 19.1863 119 1.00058
  30 20.1863 97 0.932944
12300000 30 3640
  1 -8.81367 116 1.18322
  2 -7.81367 142 1.30891
  3 -6.81367 117 1.16569
  4 -5.81367 123 1.2179
  5 -4.81367 126 1.16705
  6 -3.81367 127 1.30742
  7 -2.81367 124 1.25783
  8 -1.81367 123 1.13338
  9 -0.813671 111 1.09367
  10 0.186329 105 1.00779
  11 1.18633 118 1.23917
  12 2.18633 132 1.2144
  13 3.18633 124 1.24421
  14 4.18633 123 1.14953
  15 5.18633 132 1.3014
  16 6.18633 115 1.07747
  17 7.18633 127 1.13096
  18 8.18633 129 1.11369
  19 9.18633 133 1.47787
  20 10.1863 127 1.30756
  21 11.1863 105 1.1631
  22 12.1863 112 0.930747
  23 13.1863 131 1.23306
  24 14.1863 113 1.29756
  25 15.1863 133 1.24414
  26 16.1863 101 1.0699
  27 17.1863 135 1.33378
  28 18.1863 107 1.16436
  29 19.1863 118 0.988005
  30 20.1863 111 1.02144
12310000 30 3640
  1 -8.81367 108 1.02767
  2 -7.81367 149 1.53905
  3 -6.81367 122 1.11643
  4 -5.81367 127 1.24011
  5 -4.81367 118 1.1314
  6 -3.81367 125 1.24635
  7 -2.81367 125 1.31888
  8 -1.81367 131 1.21518
  9 -0.813671 105 1.10518
  10 0.186329 129 1.2141
  11 1.18633 99 0.998917
  12 2.18633 125 1.16153
  13 3.18633 133 1.31784
  14 4.18633 126 1.27385
  15 5.18633 135 1.33765
  16 6.18633 125 1.04533
  17 7.18633 108 1.08387
  18 8.18633 121 1.05159
  19 9.18633 144 1.47646
  20 10.1863 130 1.31516
  21 11.1863 114 1.20254
  22 12.1863 112 1.05521
  23 13.1863 132 1.33143
  24 14.1863 110 1.16399
  25 15.1863 133 1.23655
  26 16.1863 120 1.27257
  27 17.1863 115 1.24884
  28 18.1863 112 1.1464
  29 19.1863 114 0.902852
  30 20.1863 93 0.941335
12320000 30 3640
  1 -8.81367 97 0.905168
  2 -7.81367 142 1.46741
  3 -6.81367 120 1.12452
  4 -5.81367 130 1.30894
  5 -4.81367 126 1.1657
  6 -3.81367 127 1.3002
  7 -2.81367 127 1.28039
  8 -1.81367 134 1.27156
  9 -0.813671 113 1.13827
  10 0.186329 95 0.89411
  11 1.18633 103 1.06347
  12 2.18633 135 1.25052
  13 3.18633 118 1.177
  14 4.18633 124 1.14692
  15 5.18633 116 1.16824
  16 6.18633 130 1.21054
  17 7.18633 126 1.14952
  18 8.18633 119 1.17201
  19 9.18633 155 1.58827
  20 10.1863 122 1.16445
  21 11.1863 128 1.33631
  22 12.1863 107 1.0323
  23 13.1863 133 1.27795
  24 14.1863 121 1.25434
  25 15.1863 120 1.18429
  26 16.1863 123 1.23789
  27 17.1863 127 1.2991
  28 18.1863 119 1.27532
  29 19.1863 107 0.891552
  30 20.1863 96 0.882712
12330000 30 3640
  1 -8.81367 112 1.22377
  2 -7.81367 145 1.35131
  3 -6.81367 118 1.21734
  4 -5.81367 130 1.17878
  5 -4.81367 135 1.32124
  6 -3.81367 131 1.36858
  7 -2.81367 120 1.25863
  8 -1.81367 130 1.17629
  9 -0.813671 109 1.13379
  10 0.186329 95 0.938872
  11 1.18633 107 1.05124
  12 2.18633 131 1.15385
  13 3.18633 126 1.2713
  14 4.18633 123 1.17122
  15 5.18633 124 1.31368
  16 6.18633 126 1.14507
  17 7.18633 117 1.09004
  18 8.18633 119 1.04891
  19 9.18633 132 1.34873
  20 10.1863 130 1.28499
  21 11.1863 111 1.19857
  22 12.1863 115 1.03632
  23 13.1863 130 1.34622
  24 14.1863 121 1.18507
  25 15.1863 124 1.27874
  26 16.1863 119 1.23611
  27 17.1863 118 1.24998
  28 18.1863 117 1.24121
  29 19.1863 121 0.955216
  30 20.1863 104 0.937511
12340000 30 3640
  1 -8.81367 91 0.87347
  2 -7.81367 139 1.37128
  3 -6.81367 119 1.18822
  4 -5.81367 135 1.33372
  5 -4.81367 127 1.16465
  6 -3.81367 123 1.23792
  7 -2.81367 132 1.33129
  8 -1.81367 120 1.22177
  9 -0.813671 121 1.14113
  10 0.186329 112 1.02908
  11 1.18633 115 1.23181
  12 2.18633 130 1.17718
  13 3.18633 117 1.17333
  14 4.18633 126 1.16459
  15 5.18633 139 1.33015
  16 6.18633 124 1.21316
  17 7.18633 124 1.12363
  18 8.18633 114 1.0677
  19 9.18633 144 1.46444
  20 10.1863 120 1.26032
  21 11.1863 112 1.09364
  22 12.1863 115 1.13852
  23 13.1863 123 1.18213
  24 14.1863 126 1.25298
  25 15.1863 115 1.18197
  26 16.1863 129 1.30261
  27 17.1863 127 1.31021
  28 18.1863 105 1.13843
  29 19.1863 125 1.05404
  30 20.1863 91 0.795134
12350000 30 3640
  1 -8.81367 89 0.942595
  2 -7.81367 162 1.57124
  3 -6.81367 111 0.991336
  4 -5.81367 126 1.35357
  5 -4.81367 112 1.08129
  6 -3.81367 135 1.32746
  7 -2.81367 122 1.20503
  8 -1.81367 127 1.27489
  9 -0.813671 119 1.22768
  10 0.186329 117 1.04508
  11 1.18633 115 1.21753
  12 2.18633 132 1.13642
  13 3.18633 122 1.23638
  14 4.18633 125 1.22245
  15 5.18633 126 1.24252
  16 6.18633 127 1.26124
  17 7.18633 114 0.980173
  18 8.18633 128 1.23628
  19 9.18633 142 1.43133
  20 10.1863 125 1.26997
  21 11.1863 111 1.18242
  22 12.1863 107 0.971273
  23 13.1863 125 1.22508
  24 14.1863 126 1.2551
  25 15.1863 116 1.18628
  26 16.1863 118 1.2874
  27 17.1863 118 1.16127
  28 18.1863 119 1.19756
  29 19.1863 118 1.05759
  30 20.1863 106 0.935072
12360000 30 3640
  1 -8.81367 117 1.19962
  2 -7.81367 142 1.36286
  3 -6.81367 113 1.12113
  4 -5.81367 129 1.2108
  5 -4.81367 130 1.23704
  6 -3.81367 133 1.40867
  7 -2.81367 122 1.26932
  8 -1.81367 136 1.21213
  9 -0.813671 116 1.15233
  10 0.186329 89 0.911966
  11 1.18633 108 1.07633
  12 2.18633 129 1.09512
  13 3.18633 137 1.47365
  14 4.18633 113 1.09375
  15 5.18633 129 1.18718
  16 6.18633 123 1.21958
  17 7.18633 119 1.05271
  18 8.18633 116 1.06021
  19 9.18633 146 1.41386
  20 10.1863 128 1.40636
  21 11.1863 117 1.14232
  22 12.1863 118 1.13853
  23 13.1863 118 1.21827
  24 14.1863 113 1.14117
  25 15.1863 128 1.27189
  26 16.1863 114 1.15716
  27 17.1863 126 1.29561
  28 18.1863 115 1.20698
  29 19.1863 120 0.95446
  30 20.1863 96 0.899373
12370000 30 3640
  1 -8.81367 113 1.10478
  2 -7.81367 144 1.41288
  3 -6.81367 112 1.092
  4 -5.81367 125 1.2266
  5 -4.81367 121 1.16
  6 -3.81367 124 1.22282
  7 -2.81367 121 1.38119
  8 -1.81367 137 1.32726
  9 -0.813671 101 0.90608
  10 0.186329 100 1.07445
  11 1.18633 114 1.06823
  12 2.18633 132 1.27449
  13 3.18633 114 1.06823
  14 4.18633 124 1.21656
  15 5.18633 131 1.3399
  16 6.18633 118 1.07324
  17 7.18633 123 1.15122
  18 8.18633 124 1.2632
  19 9.18633 139 1.38394
  20 10.1863 133 1.29964
  21 11.1863 117 1.25163
  22 12.1863 113 1.12603
  23 13.1863 120 1.14746
  24 14.1863 128 1.24182
  25 15.1863 112 1.17385
  26 16.1863 127 1.38628
  27 17.1863 125 1.25559
  28 18.1863 102 1.09702
  29 19.1863 130 1.13372
  30 20.1863 116 1.08445
12380000 30 3640
  1 -8.81367 85 0.898634
  2 -7.81367 151 1.42287
  3 -6.81367 111 1.07166
  4 -5.81367 136 1.27318
  5 -4.81367 115 1.15076
  6 -3.81367 132 1.36821
  7 -2.81367 138 1.30781
  8 -1.81367 132 1.26947
  9 -0.813671 113 1.04083
  10 0.186329 100 0.993934
  11 1.18633 109 1.07301
  12 2.18633 136 1.26958
  13 3.18633 126 1.1868
  14 4.18633 114 1.12359
  15 5.18633 137 1.31154
  16 6.18633 123 1.14467
  17 7.18633 121 1.15577
  18 8.18633 118 1.05699
  19 9.18633 138 1.38562
  20 10.1863 132 1.3622
  21 11.1863 122 1.26446
  22 12.1863 117 1.04089
  23 13.1863 115 1.13841
  24 14.1863 129 1.36231
  25 15.1863 123 1.19154
  26 16.1863 123 1.22377
  27 17.1863 117 1.1977
  28 18.1863 113 1.2002
  29 19.1863 120 1.01129
  30 20.1863 94 0.818378
12390000 30 3640
  1 -8.81367 120 1.1764
  2 -7.81367 141 1.29555
  3 -6.81367 108 1.10358
  4 -5.81367 132 1.30542
  5 -4.81367 126 1.17638
  6 -3.81367 123 1.32661
  7 -2.81367 118 1.25023
  8 -1.81367 131 1.20897
  9 -0.813671 123 1.16141
  10 0.186329 97 1.00081
  11 1.18633 105 1.07228
  12 2.18633 139 1.26676
  13 3.18633 118 1.14127
  14 4.18633 125 1.26407
  15 5.18633 125 1.18387
  16 6.18633 130 1.26418
  17 7.18633 116 1.04222
  18 8.18633 120 1.1425
  19 9.18633 148 1.51626
  20 10.1863 125 1.31415
  21 11.1863 111 1.18127
  22 12.1863 118 1.03716
  23 13.1863 121 1.25541
  24 14.1863 129 1.29423
  25 15.1863 115 1.19511
  26 16.1863 122 1.25273
  27 17.1863 119 1.26667
  28 18.1863 115 1.13114
  29 19.1863 110 0.955742
  30 20.1863 110 1.04713
12400000 30 3640
  1 -8.81367 106 1.06536
  2 -7.81367 140 1.38308
  3 -6.81367 116 1.08935
  4 -5.81367 118 1.21148
  5 -4.81367 127 1.13734
  6 -3.81367 128 1.39927
  7 -2.81367 125 1.25696
  8 -1.81367 124 1.28586
  9 -0.813671 128 1.17647
  10 0.186329 110 1.10829
  11 1.18633 97 1.00489
  12 2.18633 129 1.24446
  13 3.18633 131 1.30749
  14 4.18633 126 1.19648
  15 5.18633 129 1.29723
  16 6.18633 123 1.08824
  17 7.18633 121 1.15995
  18 8.18633 117 1.08686
  19 9.18633 139 1.4675
  20 10.1863 131 1.31627
  21 11.1863 120 1.22536
  22 12.1863 114 1.10579
  23 13.1863 118 1.23422
  24 14.1863 129 1.27227
  25 15.1863 101 1.07668
  26 16.1863 131 1.3678
  27 17.1863 130 1.35155
  28 18.1863 105 1.05526
  29 19.1863 124 1.05672
  30 20.1863 103 0.992272
12410000 30 3640
  1 -8.81367 106 1.06866
  2 -7.81367 149 1.54472
  3 -6.81367 114 1.08114
  4 -5.81367 119 1.13753
  5 -4.81367 121 1.17886
  6 -3.81367 134 1.33793
  7 -2.81367 125 1.36914
  8 -1.81367 140 1.3029
  9 -0.813671 117 1.08517
  10 0.186329 103 1.04611
  11 1.18633 103 1.04113
  12 2.18633 126 1.18401
  13 3.18633 132 1.31546
  14 4.18633 125 1.20022
  15 5.18633 130 1.17516
  16 6.18633 123 1.21525
  17 7.18633 118 1.1213
  18 8.18633 114 1.05629
  19 9.18633 139 1.45065
  20 10.1863 134 1.29293
  21 11.1863 116 1.29144
  22 12.1863 109 1.0236
  23 13.1863 124 1.11136
  24 14.1863 120 1.34676
  25 15.1863 120 1.20519
  26 16.1863 116 1.17625
  27 17.1863 125 1.2503
  28 18.1863 111 1.23519
  29 19.1863 124 1.04505
  30 20.1863 103 0.903341
12420000 30 3640
  1 -8.81367 85 0.867374
  2 -7.81367 145 1.43668
  3 -6.81367 122 1.13461
  4 -5.81367 123 1.21157
  5 -4.81367 124 1.19054
  6 -3.81367 133 1.3085
  7 -2.81367 133 1.3905
  8 -1.81367 122 1.17311
  9 -0.813671 126 1.2503
  10 0.186329 105 0.97934
  11 1.18633 111 1.16073
  12 2.18633 127 1.14467
  13 3.18633 138 1.26522
  14 4.18633 113 1.22272
  15 5.18633 128 1.19184
  16 6.18633 124 1.11355
  17 7.18633 114 1.02533
  18 8.18633 118 1.09619
  19 9.18633 152 1.57569
  20 10.1863 128 1.29368
  21 11.1863 114 1.19536
  22 12.1863 109 1.0849
  23 13.1863 129 1.16954
  24 14.1863 129 1.32729
  25 15.1863 111 1.06627
  26 16.1863 115 1.25377
  27 17.1863 133 1.31612
  28 18.1863 116 1.2041
  29 19.1863 108 0.923502
  30 20.1863 105 0.932123
12430000 30 3640
  1 -8.81367 100 0.985418
  2 -7.81367 144 1.41057
  3 -6.81367 114 1.08042
  4 -5.81367 130 1.26916
  5 -4.81367 133 1.26048
  6 -3.81367 119 1.25536
  7 -2.81367 129 1.27168
  8 -1.81367 123 1.25038
  9 -0.813671 114 1.01927
  10 0.186329 112 1.15423
  11 1.18633 99 0.966674
  12 2.18633 132 1.20564
  13 3.18633 125 1.29289
  14 4.18633 131 1.30427
  15 5.18633 117 1.10546
  16 6.18633 128 1.18797
  17 7.18633 115 1.06922
  18 8.18633 123 1.11928
  19 9.18633 143 1.48419
  20 10.1863 128 1.29431
  21 11.1863 122 1.24285
  22 12.1863 117 1.18169
  23 13.1863 124 1.19921
  24 14.1863 118 1.16436
  25 15.1863 113 1.17282
  26 16.1863 125 1.27297
  27 17.1863 113 1.19418
  28 18.1863 130 1.27921
  29 19.1863 111 1.00673
  30 20.1863 108 1.02536
12440000 30 3640
  1 -8.81367 86 0.851304
  2 -7.81367 151 1.45406
  3 -6.81367 110 1.06383
  4 -5.81367 135 1.31102
  5 -4.81367 130 1.24398
  6 -3.81367 131 1.35074
  7 -2.81367 132 1.30731
  8 -1.81367 125 1.21408
  9 -0.813671 115 1.05153
  10 0.186329 101 1.02027
  11 1.18633 121 1.26019
  12 2.18633 126 1.14591
  13 3.18633 134 1.29496
  14 4.18633 117 1.14702
  15 5.18633 137 1.28759
  16 6.18633 125 1.20913
  17 7.18633 112 0.999275
  18 8.18633 135 1.25029
  19 9.18633 132 1.48867
  20 10.1863 120 1.19921
  21 11.1863 116 1.12088
  22 12.1863 118 1.16203
  23 13.1863 124 1.14963
  24 14.1863 119 1.25521
  25 15.1863 133 1.27002
  26 16.1863 110 1.08981
  27 17.1863 122 1.3993
  28 18.1863 118 1.10606
  29 19.1863 112 0.940892
  30 20.1863 93 0.861203
12450000 30 3640
  1 -8.81367 99 0.998666
  2 -7.81367 125 1.16834
  3 -6.81367 131 1.31671
  4 -5.81367 119 1.162
  5 -4.81367 125 1.16947
  6 -3.81367 127 1.31409
  7 -2.81367 135 1.35879
  8 -1.81367 131 1.19421
  9 -0.813671 121 1.21653
  10 0.186329 95 0.891131
  11 1.18633 111 1.13365
  12 2.18633 133 1.14731
  13 3.18633 124 1.26732
  14 4.18633 121 1.19672
  15 5.18633 126 1.15831
  16 6.18633 130 1.20537
  17 7.18633 123 1.16826
  18 8.18633 108 0.952962
  19 9.18633 155 1.63355
  20 10.1863 123 1.2338
  21 11.1863 122 1.21393
  22 12.1863 112 1.05197
  23 13.1863 121 1.24866
  24 14.1863 121 1.25364
  25 15.1863 127 1.17571
  26 16.1863 112 1.13968
  27 17.1863 129 1.37615
  28 18.1863 114 1.06924
  29 19.1863 125 1.08915
  30 20.1863 95 0.851422
12460000 30 3640
  1 -8.81367 79 0.721763
  2 -7.81367 150 1.51687
  3 -6.81367 112 1.08319
  4 -5.81367 137 1.28129
  5 -4.81367 124 1.24015
  6 -3.81367 122 1.2575
  7 -2.81367 129 1.2701
  8 -1.81367 129 1.29496
  9 -0.813671 124 1.16308
  10 0.186329 106 1.01085
  11 1.18633 102 1.08444
  12 2.18633 134 1.17428
  13 3.18633 121 1.23277
  14 4.18633 121 1.16909
  15 5.18633 134 1.30134
  16 6.18633 127 1.26506
  17 7.18633 125 1.08079
  18 8.18633 122 1.10944
  19 9.18633 135 1.40836
  20 10.1863 138 1.43088
  21 11.1863 113 1.17905
  22 12.1863 118 1.06572
  23 13.1863 122 1.19659
  24 14.1863 122 1.3238
  25 15.1863 127 1.20402
  26 16.1863 117 1.13667
  27 17.1863 127 1.3399
  28 18.1863 124 1.21032
  29 19.1863 118 1.10189
  30 20.1863 81 0.756581
12470000 30 3640
  1 -8.81367 106 1.05068
  2 -7.81367 151 1.42055
  3 -6.81367 109 1.11203
  4 -5.81367 123 1.27243
  5 -4.81367 133 1.23243
  6 -3.81367 126 1.31006
  7 -2.81367 117 1.14719
  8 -1.81367 128 1.16352
  9 -0.813671 101 1.02804
  10 0.186329 121 1.22622
  11 1.18633 108 1.08955
  12 2.18633 123 1.16988
  13 3.18633 127 1.2262
  14 4.18633 125 1.33137
  15 5.18633 133 1.19374
  16 6.18633 120 1.12337
  17 7.18633 131 1.20864
  18 8.18633 111 1.05075
  19 9.18633 147 1.56711
  20 10.1863 120 1.20104
  21 11.1863 129 1.29004
  22 12.1863 104 0.987946
  23 13.1863 124 1.3314
  24 14.1863 119 1.11606
  25 15.1863 125 1.27122
  26 16.1863 117 1.14214
  27 17.1863 120 1.27003
  28 18.1863 121 1.27375
  29 19.1863 124 1.08209
  30 20.1863 97 0.930286
12480000 30 3640
  1 -8.81367 83 0.928842
  2 -7.81367 130 1.11508
  3 -6.81367 130 1.30338
  4 -5.81367 132 1.21294
  5 -4.81367 114 1.15451
  6 -3.81367 130 1.28486
  7 -2.81367 135 1.36039
  8 -1.81367 132 1.26993
  9 -0.813671 113 1.04313
  10 0.186329 113 1.11742
  11 1.18633 114 1.12502
  12 2.18633 112 1.02194
  13 3.18633 133 1.31724
  14 4.18633 124 1.24755
  15 5.18633 128 1.22651
  16 6.18633 132 1.25388
  17 7.18633 128 1.09899
  18 8.18633 109 1.09508
  19 9.18633 146 1.49318
  20 10.1863 124 1.22157
  21 11.1863 117 1.19549
  22 12.1863 113 1.02576
  23 13.1863 131 1.22537
  24 14.1863 130 1.35058
  25 15.1863 117 1.19184
  26 16.1863 125 1.28108
  27 17.1863 118 1.16952
  28 18.1863 119 1.17572
  29 19.1863 111 1.01703
  30 20.1863 97 0.90913
12490000 30 3640
  1 -8.81367 98 1.00191
  2 -7.81367 148 1.38457
  3 -6.81367 107 1.15434
  4 -5.81367 125 1.17438
  5 -4.81367 126 1.16825
  6 -3.81367 126 1.34436
  7 -2.81367 124 1.28691
  8 -1.81367 139 1.30325
  9 -0.813671 119 1.16328
  10 0.186329 112 1.08314
  11 1.18633 111 1.07562
  12 2.18633 135 1.24348
  13 3.18633 115 1.17572
  14 4.18633 128 1.29315
  15 5.18633 134 1.21583
  16 6.18633 120 1.21438
  17 7.18633 120 1.09566
  18 8.18633 122 1.1033
  19 9.18633 144 1.46712
  20 10.1863 127 1.39063
  21 11.1863 125 1.27313
  22 12.1863 106 0.944407
  23 13.1863 114 1.17561
  24 14.1863 126 1.20465
  25 15.1863 129 1.2932
  26 16.1863 118 1.22183
  27 17.1863 122 1.29454
  28 18.1863 117 1.17066
  29 19.1863 111 0.948165
  30 20.1863 92 0.867968
12500000 32 3640
  1 -9.81367 1 0.00128144
  2 -8.81367 120 1.24997
  3 -7.81367 136 1.35932
  4 -6.81367 118 1.18112
  5 -5.81367 121 1.16971
  6 -4.81367 131 1.20665
  7 -3.81367 121 1.3071
  8 -2.81367 133 1.42664
  9 -1.81367 120 1.14683
  10 -0.813671 107 0.962365
  11 0.186329 119 1.27541
  12 1.18633 103 1.12008
  13 2.18633 125 1.15582
  14 3.18633 129 1.26652
  15 4.18633 119 1.21169
  16 5.18633 132 1.17995
  17 6.18633 124 1.2855
  18 7.18633 118 1.09216
  19 8.18633 130 1.17622
  20 9.18633 139 1.51064
  21 10.1863 121 1.31607
  22 11.1863 120 1.24095
  23 12.1863 98 0.935534
  24 13.1863 120 1.19645
  25 14.1863 117 1.2512
  26 15.1863 131 1.27542
  27 16.1863 109 1.12382
  28 17.1863 116 1.21428
  29 18.1863 117 1.24227
  30 19.1863 125 1.1049
  31 20.1863 117 1.14674
  32 21.1863 3 0.0318203
12510000 30 3640
  1 -8.81367 92 0.799967
  2 -7.81367 141 1.53288
  3 -6.81367 123 1.2211
  4 -5.81367 130 1.21609
  5 -4.81367 128 1.23869
  6 -3.81367 133 1.36561
  7 -2.81367 122 1.19349
  8 -1.81367 125 1.29268
  9 -0.813671 120 1.03642
  10 0.186329 112 1.19095
  11 1.18633 113 1.20102
  12 2.18633 119 1.07406
  13 3.18633 125 1.22131
  14 4.18633 126 1.2587
  15 5.18633 133 1.33056
  16 6.18633 126 1.15203
  17 7.18633 115 1.1318
  18 8.18633 125 1.07039
  19 9.18633 147 1.6285
  20 10.1863 124 1.13066
  21 11.1863 113 1.29507
  22 12.1863 116 1.08915
  23 13.1863 122 1.20351
  24 14.1863 129 1.2364
  25 15.1863 106 1.15681
  26 16.1863 129 1.29274
  27 17.1863 121 1.28902
  28 18.1863 112 1.15068
  29 19.1863 120 1.02385
  30 20.1863 93 0.905441
12520000 30 3640
  1 -8.81367 97 1.01537
  2 -7.81367 136 1.28051
  3 -6.81367 117 1.21038
  4 -5.81367 130 1.24911
  5 -4.81367 118 1.15413
  6 -3.81367 143 1.36665
  7 -2.81367 115 1.23037
  8 -1.81367 136 1.28295
  9 -0.813671 107 1.1129
  10 0.186329 118 1.13178
  11 1.18633 116 1.13797
  12 2.18633 124 1.17792
  13 3.18633 127 1.25305
  14 4.18633 135 1.3404
  15 5.18633 133 1.26428
  16 6.18633 118 1.06291
  17 7.18633 121 1.1342
  18 8.18633 119 1.0818
  19 9.18633 147 1.47544
  20 10.1863 118 1.23663
  21 11.1863 117 1.29149
  22 12.1863 117 1.04797
  23 13.1863 126 1.2955
  24 14.1863 120 1.26296
  25 15.1863 126 1.19916
  26 16.1863 119 1.13916
  27 17.1863 125 1.44541
  28 18.1863 105 1.04406
  29 19.1863 130 1.04187
  30 20.1863 80 0.758961
12530000 30 3640
  1 -8.81367 95 0.835462
  2 -7.81367 136 1.42546
  3 -6.81367 112 1.08931
  4 -5.81367 137 1.35945
  5 -4.81367 120 1.15278
  6 -3.81367 133 1.27357
  7 -2.81367 136 1.40925
  8 -1.81367 123 1.19631
  9 -0.813671 130 1.30109
  10 0.186329 99 0.901494
  11 1.18633 112 1.15782
  12 2.18633 126 1.09699
  13 3.18633 116 1.10443
  14 4.18633 133 1.32579
  15 5.18633 135 1.38559
  16 6.18633 117 1.10798
  17 7.18633 123 1.09694
  18 8.18633 119 1.04589
  19 9.18633 142 1.51006
  20 10.1863 127 1.27483
  21 11.1863 122 1.24863
  22 12.1863 113 1.05205
  23 13.1863 119 1.20631
  24 14.1863 117 1.1742
  25 15.1863 131 1.34444
  26 16.1863 121 1.16276
  27 17.1863 117 1.16657
  28 18.1863 115 1.23995
  29 19.1863 123 1.02726
  30 20.1863 91 0.896325
12540000 30 3640
  1 -8.81367 113 1.03936
  2 -7.81367 134 1.38881
  3 -6.81367 114 1.03563
  4 -5.81367 127 1.29365
  5 -4.81367 122 1.1282
  6 -3.81367 133 1.416
  7 -2.81367 124 1.18747
  8 -1.81367 134 1.31721
  9 -0.813671 114 1.0776
  10 0.186329 119 1.15798
  11 1.18633 91 0.913277
  12 2.18633 123 1.05042
  13 3.18633 142 1.4298
  14 4.18633 128 1.2579
  15 5.18633 123 1.20487
  16 6.18633 116 1.05529
  17 7.18633 124 1.1295
  18 8.18633 124 1.09747
  19 9.18633 148 1.49396
  20 10.1863 114 1.1763
  21 11.1863 121 1.2541
  22 12.1863 120 1.11223
  23 13.1863 115 1.18006
  24 14.1863 114 1.09246
  25 15.1863 134 1.33828
  26 16.1863 115 1.11457
  27 17.1863 121 1.31358
  28 18.1863 126 1.16781
  29 19.1863 120 1.12699
  30 20.1863 87 0.753809
12550000 30 3640
  1 -8.81367 75 0.750143
  2 -7.81367 139 1.42695
  3 -6.81367 115 1.10898
  4 -5.81367 128 1.23315
  5 -4.81367 140 1.31025
  6 -3.81367 130 1.29894
  7 -2.81367 129 1.25807
  8 -1.81367 134 1.33243
  9 -0.813671 116 1.0632
  10 0.186329 115 1.17743
  11 1.18633 120 1.18486
  12 2.18633 113 1.04452
  13 3.18633 130 1.2705
  14 4.18633 132 1.38462
  15 5.18633 131 1.14021
  16 6.18633 119 1.13881
  17 7.18633 125 1.0744
  18 8.18633 118 1.12891
  19 9.18633 146 1.5523
  20 10.1863 123 1.25433
  21 11.1863 106 1.14862
  22 12.1863 119 1.03709
  23 13.1863 121 1.15995
  24 14.1863 121 1.2047
  25 15.1863 123 1.25557
  26 16.1863 117 1.24555
  27 17.1863 131 1.24935
  28 18.1863 117 1.22206
  29 19.1863 123 1.12769
  30 20.1863 84 0.698048
12560000 30 3640
  1 -8.81367 99 0.945897
  2 -7.81367 136 1.32062
  3 -6.81367 119 1.24362
  4 -5.81367 118 1.07863
  5 -4.81367 136 1.27232
  6 -3.81367 126 1.33911
  7 -2.81367 131 1.34916
  8 -1.81367 132 1.20772
  9 -0.813671 115 1.15321
  10 0.186329 100 0.871384
  11 1.18633 108 1.15944
  12 2.18633 122 1.16433
  13 3.18633 141 1.29587
  14 4.18633 121 1.2388
  15 5.18633 142 1.30835
  16 6.18633 110 1.1058
  17 7.18633 123 0.965947
  18 8.18633 113 1.05513
  19 9.18633 150 1.6048
  20 10.1863 121 1.26104
  21 11.1863 107 1.07486
  22 12.1863 116 1.10465
  23 13.1863 133 1.26867
  24 14.1863 123 1.31573
  25 15.1863 115 1.14314
  26 16.1863 124 1.21512
  27 17.1863 117 1.2127
  28 18.1863 125 1.28838
  29 19.1863 120 0.967146
  30 20.1863 97 0.930945
12570000 30 3640
  1 -8.81367 82 0.867776
  2 -7.81367 144 1.38108
  3 -6.81367 119 1.19132
  4 -5.81367 133 1.26069
  5 -4.81367 122 1.16283
  6 -3.81367 132 1.36843
  7 -2.81367 127 1.25955
  8 -1.81367 131 1.23716
  9 -0.813671 119 1.20632
  10 0.186329 106 0.981942
  11 1.18633 122 1.20874
  12 2.18633 129 1.11954
  13 3.18633 118 1.17783
  14 4.18633 131 1.32389
  15 5.18633 138 1.34012
  16 6.18633 124 1.06996
  17 7.18633 116 1.19374
  18 8.18633 123 1.05272
  19 9.18633 144 1.42684
  20 10.1863 127 1.3103
  21 11.1863 119 1.30772
  22 12.1863 114 1.03774
  23 13.1863 120 1.21113
  24 14.1863 118 1.20133
  25 15.1863 130 1.17282
  26 16.1863 114 1.13053
  27 17.1863 118 1.32143
  28 18.1863 108 1.00917
  29 19.1863 125 1.19008
  30 20.1863 87 0.695609
12580000 30 3640
  1 -8.81367 88 0.884826
  2 -7.81367 147 1.3577
  3 -6.81367 114 1.09944
  4 -5.81367 117 1.20726
  5 -4.81367 128 1.21734
  6 -3.81367 131 1.21239
  7 -2.81367 138 1.49019
  8 -1.81367 124 1.19248
  9 -0.813671 123 1.13431
  10 0.186329 105 1.07219
  11 1.18633 102 1.06222
  12 2.18633 124 1.06119
  13 3.18633 136 1.40477
  14 4.18633 125 1.12426
  15 5.18633 140 1.38867
  16 6.18633 116 1.11182
  17 7.18633 130 1.13435
  18 8.18633 115 1.071
  19 9.18633 147 1.50518
  20 10.1863 127 1.30666
  21 11.1863 118 1.20361
  22 12.1863 116 1.15037
  23 13.1863 123 1.11068
  24 14.1863 129 1.39736
  25 15.1863 116 1.14277
  26 16.1863 112 1.06344
  27 17.1863 124 1.396
  28 18.1863 117 1.17385
  29 19.1863 119 0.959427
  30 20.1863 89 0.817786
12590000 30 3640
  1 -8.81367 104 1.06002
  2 -7.81367 136 1.33535
  3 -6.81367 123 1.22064
  4 -5.81367 114 1.11224
  5 -4.81367 126 1.14979
  6 -3.81367 127 1.34509
  7 -2.81367 129 1.30786
  8 -1.81367 130 1.18835
  9 -0.813671 118 1.20211
  10 0.186329 106 0.98034
  11 1.18633 105 1.07873
  12 2.18633 131 1.29673
  13 3.18633 128 1.18469
  14 4.18633 125 1.24934
  15 5.18633 144 1.4237
  16 6.18633 104 0.889486
  17 7.18633 134 1.25813
  18 8.18633 116 1.02904
  19 9.18633 151 1.65159
  20 10.1863 122 1.20569
  21 11.1863 119 1.23179
  22 12.1863 103 0.98664
  23 13.1863 131 1.26682
  24 14.1863 124 1.22572
  25 15.1863 116 1.15595
  26 16.1863 119 1.19449
  27 17.1863 126 1.36516
  28 18.1863 119 1.17093
  29 19.1863 117 0.995372
  30 20.1863 93 0.825897
12600000 30 3640
  1 -8.81367 116 1.10837
  2 -7.81367 134 1.37688
  3 -6.81367 114 1.11963
  4 -5.81367 128 1.22929
  5 -4.81367 117 1.13478
  6 -3.81367 117 1.22295
  7 -2.81367 127 1.2609
  8 -1.81367 131 1.33893
  9 -0.813671 121 1.07314
  10 0.186329 102 1.05666
  11 1.18633 118 1.26725
  12 2.18633 126 1.10469
  13 3.18633 122 1.20796
  14 4.18633 118 1.23688
  15 5.18633 137 1.32019
  16 6.18633 119 1.12719
  17 7.18633 130 1.18533
  18 8.18633 100 0.983522
  19 9.18633 147 1.44117
  20 10.1863 124 1.31768
  21 11.1863 123 1.35775
  22 12.1863 117 1.07304
  23 13.1863 130 1.23574
  24 14.1863 125 1.40973
  25 15.1863 126 1.11468
  26 16.1863 111 1.24426
  27 17.1863 131 1.39079
  28 18.1863 114 1.12093
  29 19.1863 118 1.00381
  30 20.1863 97 0.959532
12610000 30 3640
  1 -8.81367 73 0.778061
  2 -7.81367 146 1.34967
  3 -6.81367 107 1.01437
  4 -5.81367 132 1.26052
  5 -4.81367 123 1.18876
  6 -3.81367 143 1.44597
  7 -2.81367 128 1.27287
  8 -1.81367 132 1.29012
  9 -0.813671 114 1.09116
  10 0.186329 116 1.11715
  11 1.18633 102 1.03169
  12 2.18633 126 1.09246
  13 3.18633 128 1.32237
  14 4.18633 126 1.22586
  15 5.18633 137 1.26437
  16 6.18633 113 1.10086
  17 7.18633 124 1.07386
  18 8.18633 123 1.10478
  19 9.18633 148 1.57341
  20 10.1863 117 1.12815
  21 11.1863 126 1.31111
  22 12.1863 114 1.04043
  23 13.1863 126 1.27658
  24 14.1863 137 1.4449
  25 15.1863 114 1.08978
  26 16.1863 124 1.20119
  27 17.1863 121 1.28893
  28 18.1863 117 1.12199
  29 19.1863 125 1.0887
  30 20.1863 78 0.752066
12620000 30 3640
  1 -8.81367 97 1.05842
  2 -7.81367 141 1.33194
  3 -6.81367 119 1.11
  4 -5.81367 120 1.20881
  5 -4.81367 124 1.1689
  6 -3.81367 132 1.40692
  7 -2.81367 132 1.3018
  8 -1.81367 123 1.1237
  9 -0.813671 120 1.17394
  10 0.186329 107 1.08367
  11 1.18633 111 1.12867
  12 2.18633 125 1.24033
  13 3.18633 132 1.24057
  14 4.18633 123 1.19886
  15 5.18633 139 1.39454
  16 6.18633 114 1.08606
  17 7.18633 125 1.10754
  18 8.18633 113 0.980881
  19 9.18633 152 1.66783
  20 10.1863 114 1.11747
  21 11.1863 122 1.26276
  22 12.1863 112 1.11241
  23 13.1863 118 1.14001
  24 14.1863 131 1.41724
  25 15.1863 125 1.23399
  26 16.1863 122 1.21776
  27 17.1863 120 1.2792
  28 18.1863 113 1.12365
  29 19.1863 124 1.0887
  30 20.1863 90 0.823953
12630000 30 3640
  1 -8.81367 93 0.878936
  2 -7.81367 142 1.42295
  3 -6.81367 114 1.13914
  4 -5.81367 137 1.32003
  5 -4.81367 127 1.26923
  6 -3.81367 122 1.17751
  7 -2.81367 135 1.32882
  8 -1.81367 124 1.23697
  9 -0.813671 129 1.19508
  10 0.186329 90 0.85658
  11 1.18633 114 1.18752
  12 2.18633 122 1.11201
  13 3.18633 122 1.17637
  14 4.18633 126 1.27663
  15 5.18633 146 1.35129
  16 6.18633 116 1.05858
  17 7.18633 124 1.17635
  18 8.18633 112 1.03389
  19 9.18633 147 1.55066
  20 10.1863 131 1.19743
  21 11.1863 117 1.23939
  22 12.1863 109 1.0722
  23 13.1863 138 1.27319
  24 14.1863 114 1.20983
  25 15.1863 124 1.18628
  26 16.1863 117 1.17374
  27 17.1863 118 1.28787
  28 18.1863 122 1.19369
  29 19.1863 120 1.05497
  30 20.1863 88 0.777238
12640000 30 3640
  1 -8.81367 108 1.02372
  2 -7.81367 132 1.3198
  3 -6.81367 122 1.17243
  4 -5.81367 127 1.19859
  5 -4.81367 121 1.19859
  6 -3.81367 131 1.36467
  7 -2.81367 124 1.19744
  8 -1.81367 131 1.36098
  9 -0.813671 116 1.05504
  10 0.186329 105 0.975011
  11 1.18633 110 1.23985
  12 2.18633 131 1.16121
  13 3.18633 129 1.28491
  14 4.18633 124 1.19237
  15 5.18633 136 1.34866
  16 6.18633 119 1.05374
  17 7.18633 109 1.01368
  18 8.18633 126 1.13755
  19 9.18633 146 1.48482
  20 10.1863 127 1.31857
  21 11.1863 112 1.20469
  22 12.1863 113 1.05989
  23 13.1863 131 1.33624
  24 14.1863 108 1.04497
  25 15.1863 122 1.21484
  26 16.1863 126 1.28103
  27 17.1863 123 1.35485
  28 18.1863 117 1.13364
  29 19.1863 119 1.0188
  30 20.1863 95 0.958597
12650000 30 3640
  1 -8.81367 94 0.862353
  2 -7.81367 138 1.37584
  3 -6.81367 111 1.0793
  4 -5.81367 130 1.30865
  5 -4.81367 120 1.0695
  6 -3.81367 125 1.31485
  7 -2.81367 132 1.35841
  8 -1.81367 126 1.16246
  9 -0.813671 122 1.18972
  10 0.186329 112 1.04227
  11 1.18633 114 1.2146
  12 2.18633 124 1.05716
  13 3.18633 116 1.15377
  14 4.18633 126 1.25292
  15 5.18633 147 1.4354
  16 6.18633 114 0.997582
  17 7.18633 133 1.24312
  18 8.18633 110 0.99383
  19 9.18633 150 1.58051
  20 10.1863 126 1.26037
  21 11.1863 116 1.17596
  22 12.1863 120 1.11905
  23 13.1863 140 1.36356
  24 14.1863 112 1.15624
  25 15.1863 117 1.18101
  26 16.1863 125 1.24301
  27 17.1863 120 1.26794
  28 18.1863 120 1.17977
  29 19.1863 115 0.905865
  30 20.1863 85 0.899325
12660000 30 3640
  1 -8.81367 95 0.912765
  2 -7.81367 136 1.31973
  3 -6.81367 117 1.23763
  4 -5.81367 124 1.17333
  5 -4.81367 128 1.18074
  6 -3.81367 124 1.24884
  7 -2.81367 135 1.3853
  8 -1.81367 121 1.16459
  9 -0.813671 126 1.18951
  10 0.186329 108 1.03453
  11 1.18633 114 1.14228
  12 2.18633 122 1.17088
  13 3.18633 136 1.29128
  14 4.18633 120 1.14468
  15 5.18633 130 1.27135
  16 6.18633 121 1.19552
  17 7.18633 124 1.08043
  18 8.18633 109 0.927912
  19 9.18633 155 1.64447
  20 10.1863 120 1.26123
  21 11.1863 122 1.22408
  22 12.1863 111 0.991063
  23 13.1863 126 1.24403
  24 14.1863 122 1.3023
  25 15.1863 127 1.20928
  26 16.1863 111 1.14227
  27 17.1863 119 1.23776
  28 18.1863 125 1.24149
  29 19.1863 119 0.961393
  30 20.1863 93 0.904184
12670000 30 3640
  1 -8.81367 98 0.925969
  2 -7.81367 143 1.47701
  3 -6.81367 111 1.00421
  4 -5.81367 139 1.35387
  5 -4.81367 125 1.13491
  6 -3.81367 128 1.40842
  7 -2.81367 134 1.32897
  8 -1.81367 120 1.13608
  9 -0.813671 114 1.07405
  10 0.186329 111 1.03414
  11 1.18633 99 1.13608
  12 2.18633 127 1.14123
  13 3.18633 124 1.2494
  14 4.18633 122 1.13983
  15 5.18633 134 1.28414
  16 6.18633 124 1.16482
  17 7.18633 126 1.13249
  18 8.18633 116 1.07522
  19 9.18633 144 1.54912
  20 10.1863 122 1.20582
  21 11.1863 118 1.12614
  22 12.1863 115 1.12363
  23 13.1863 123 1.24439
  24 14.1863 127 1.29919
  25 15.1863 115 1.14483
  26 16.1863 118 1.13734
  27 17.1863 119 1.24562
  28 18.1863 128 1.31898
  29 19.1863 116 0.950898
  30 20.1863 100 1.0053
12680000 30 3640
  1 -8.81367 100 1.03218
  2 -7.81367 141 1.39039
  3 -6.81367 116 1.12234
  4 -5.81367 132 1.2113
  5 -4.81367 121 1.19244
  6 -3.81367 127 1.35896
  7 -2.81367 132 1.3339
  8 -1.81367 125 1.14491
  9 -0.813671 119 1.24014
  10 0.186329 107 1.01468
  11 1.18633 107 1.09358
  12 2.18633 129 1.27525
  13 3.18633 134 1.27014
  14 4.18633 116 1.14738
  15 5.18633 134 1.27138
  16 6.18633 111 1.09857
  17 7.18633 133 1.20009
  18 8.18633 104 0.940815
  19 9.18633 155 1.57957
  20 10.1863 124 1.26755
  21 11.1863 124 1.31767
  22 12.1863 105 0.970811
  23 13.1863 126 1.21755
  24 14.1863 125 1.19259
  25 15.1863 117 1.25004
  26 16.1863 119 1.23251
  27 17.1863 120 1.28136
  28 18.1863 114 1.11363
  29 19.1863 125 1.16746
  30 20.1863 98 0.85809
12690000 30 3640
  1 -8.81367 89 0.774609
  2 -7.81367 133 1.382
  3 -6.81367 120 1.16912
  4 -5.81367 138 1.2776
  5 -4.81367 121 1.09827
  6 -3.81367 123 1.34452
  7 -2.81367 128 1.26258
  8 -1.81367 128 1.21524
  9 -0.813671 120 1.14932
  10 0.186329 107 1.04235
  11 1.18633 112 1.08952
  12 2.18633 140 1.39702
  13 3.18633 112 1.05853
  14 4.18633 130 1.24521
  15 5.18633 123 1.24135
  16 6.18633 128 1.219
  17 7.18633 126 1.19785
  18 8.18633 128 1.09966
  19 9.18633 127 1.33228
  20 10.1863 135 1.36213
  21 11.1863 125 1.31724
  22 12.1863 115 1.0733
  23 13.1863 120 1.16802
  24 14.1863 113 1.22529
  25 15.1863 134 1.25885
  26 16.1863 122 1.2202
  27 17.1863 122 1.31238
  28 18.1863 116 1.09697
  29 19.1863 119 1.11074
  30 20.1863 86 0.833023
12700000 30 3640
  1 -8.81367 96 0.888549
  2 -7.81367 142 1.46264
  3 -6.81367 120 1.14873
  4 -5.81367 127 1.27748
  5 -4.81367 130 1.22504
  6 -3.81367 125 1.24247
  7 -2.81367 123 1.30876
  8 -1.81367 123 1.17368
  9 -0.813671 125 1.25766
  10 0.186329 114 1.07994
  11 1.18633 114 1.09742
  12 2.18633 138 1.26268
  13 3.18633 129 1.28273
  14 4.18633 113 1.22233
  15 5.18633 126 1.13755
  16 6.18633 124 1.12243
  17 7.18633 126 1.20755
  18 8.18633 105 0.89236
  19 9.18633 155 1.71159
  20 10.1863 116 1.13999
  21 11.1863 127 1.36373
  22 12.1863 105 0.941037
  23 13.1863 132 1.36011
  24 14.1863 119 1.24766
  25 15.1863 122 1.1787
  26 16.1863 107 1.09104
  27 17.1863 122 1.24257
  28 18.1863 127 1.26885
  29 19.1863 124 1.10499
  30 20.1863 84 0.809554
12710000 30 3640
  1 -8.81367 102 1.06914
  2 -7.81367 136 1.26328
  3 -6.81367 114 1.23177
  4 -5.81367 134 1.21685
  5 -4.81367 113 1.08419
  6 -3.81367 138 1.41336
  7 -2.81367 129 1.34693
  8 -1.81367 132 1.25062
  9 -0.813671 111 1.02674
  10 0.186329 108 1.14425
  11 1.18633 108 1.12425
  12 2.18633 128 1.09437
  13 3.18633 124 1.25065
  14 4.18633 132 1.38082
  15 5.18633 129 1.16434
  16 6.18633 124 1.17433
  17 7.18633 122 1.05176
  18 8.18633 113 1.15673
  19 9.18633 143 1.5035
  20 10.1863 130 1.29699
  21 11.1863 115 1.243
  22 12.1863 103 0.932759
  23 13.1863 126 1.12935
  24 14.1863 114 1.24442
  25 15.1863 121 1.27808
  26 16.1863 125 1.23944
  27 17.1863 116 1.17062
  28 18.1863 124 1.23684
  29 19.1863 117 1.06421
  30 20.1863 109 0.98404
12720000 32 3640
  1 -9.81367 1 0.0150783
  2 -8.81367 137 1.40522
  3 -7.81367 135 1.27202
  4 -6.81367 113 1.17512
  5 -5.81367 131 1.29324
  6 -4.81367 111 1.0357
  7 -3.81367 134 1.43771
  8 -2.81367 118 1.14246
  9 -1.81367 130 1.31459
  10 -0.813671 115 1.08731
  11 0.186329 106 1.00056
  12 1.18633 112 1.24181
  13 2.18633 132 1.15902
  14 3.18633 110 1.0935
  15 4.18633 129 1.29571
  16 5.18633 122 1.16023
  17 6.18633 124 1.23042
  18 7.18633 114 1.0458
  19 8.18633 126 1.17025
  20 9.18633 138 1.45794
  21 10.1863 133 1.28955
  22 11.1863 119 1.25673
  23 12.1863 110 1.05452
  24 13.1863 114 1.10866
  25 14.1863 114 1.27703
  26 15.1863 131 1.23928
  27 16.1863 112 1.23661
  28 17.1863 120 1.14133
  29 18.1863 118 1.25181
  30 19.1863 115 1.02695
  31 20.1863 116 0.992994
  32 21.1863 0 0
12730000 30 3640
  1 -8.81367 99 1.08374
  2 -7.81367 130 1.22206
  3 -6.81367 123 1.16849
  4 -5.81367 122 1.2033
  5 -4.81367 127 1.17098
  6 -3.81367 126 1.38996
  7 -2.81367 132 1.26321
  8 -1.81367 119 1.12612
  9 -0.813671 120 1.15109
  10 0.186329 105 0.99666
  11 1.18633 112 1.16476
  12 2.18633 132 1.23583
  13 3.18633 124 1.20094
  14 4.18633 116 1.15595
  15 5.18633 129 1.19104
  16 6.18633 122 1.13485
  17 7.18633 129 1.1835
  18 8.18633 117 1.07267
  19 9.18633 149 1.56692
  20 10.1863 117 1.16983
  21 11.1863 121 1.3016
  22 12.1863 109 1.01155
  23 13.1863 126 1.23951
  24 14.1863 122 1.2968
  25 15.1863 129 1.23326
  26 16.1863 111 1.16465
  27 17.1863 125 1.30427
  28 18.1863 133 1.21838
  29 19.1863 115 1.06635
  30 20.1863 99 0.901931
12740000 30 3640
  1 -8.81367 97 0.860346
  2 -7.81367 152 1.51214
  3 -6.81367 107 1.08755
  4 -5.81367 144 1.38958
  5 -4.81367 118 1.12002
  6 -3.81367 135 1.34598
  7 -2.81367 126 1.27098
  8 -1.81367 135 1.2823
  9 -0.813671 120 1.12876
  10 0.186329 93 0.988864
  11 1.18633 106 1.13507
  12 2.18633 129 1.1688
  13 3.18633 126 1.21374
  14 4.18633 141 1.37467
  15 5.18633 118 1.14125
  16 6.18633 134 1.27487
  17 7.18633 112 1.00021
  18 8.18633 125 1.18496
  19 9.18633 136 1.36722
  20 10.1863 132 1.43458
  21 11.1863 116 1.16112
  22 12.1863 125 1.20122
  23 13.1863 108 1.05759
  24 14.1863 127 1.34721
  25 15.1863 125 1.2124
  26 16.1863 113 1.16738
  27 17.1863 115 1.15369
  28 18.1863 116 1.1974
  29 19.1863 114 0.977773
  30 20.1863 95 0.915208
12750000 30 3640
  1 -8.81367 124 1.28838
  2 -7.81367 138 1.2535
  3 -6.81367 111 1.10142
  4 -5.81367 133 1.29706
  5 -4.81367 123 1.22816
  6 -3.81367 134 1.38368
  7 -2.81367 118 1.21177
  8 -1.81367 139 1.3348
  9 -0.813671 117 1.07908
  10 0.186329 97 1.02119
  11 1.18633 102 1.00738
  12 2.18633 129 1.21456
  13 3.18633 130 1.29961
  14 4.18633 126 1.25334
  15 5.18633 120 1.13421
  16 6.18633 135 1.2821
  17 7.18633 118 1.07769
  18 8.18633 118 1.13044
  19 9.18633 150 1.60321
  20 10.1863 130 1.28336
  21 11.1863 107 1.10271
  22 12.1863 125 1.13789
  23 13.1863 127 1.28718
  24 14.1863 125 1.35743
  25 15.1863 120 1.14291
  26 16.1863 109 1.14146
  27 17.1863 124 1.28468
  28 18.1863 110 1.14666
  29 19.1863 121 1.0539
  30 20.1863 80 0.702593
12760000 30 3640
  1 -8.81367 110 1.10336
  2 -7.81367 144 1.46279
  3 -6.81367 119 1.08837
  4 -5.81367 122 1.24974
  5 -4.81367 119 1.15718
  6 -3.81367 139 1.38383
  7 -2.81367 130 1.29862
  8 -1.81367 124 1.24478
  9 -0.813671 116 1.05595
  10 0.186329 101 1.04823
  11 1.18633 114 1.09842
  12 2.18633 125 1.13349
  13 3.18633 136 1.41399
  14 4.18633 127 1.28487
  15 5.18633 128 1.28119
  16 6.18633 127 1.16478
  17 7.18633 115 1.10337
  18 8.18633 123 1.09596
  19 9.18633 140 1.42273
  20 10.1863 127 1.35119
  21 11.1863 107 1.09199
  22 12.1863 114 1.11718
  23 13.1863 118 1.12965
  24 14.1863 120 1.20372
  25 15.1863 123 1.23853
  26 16.1863 113 1.1571
  27 17.1863 126 1.35756
  28 18.1863 120 1.20602
  29 19.1863 110 0.95444
  30 20.1863 103 0.881785
12770000 30 3640
  1 -8.81367 98 1.00217
  2 -7.81367 145 1.34953
  3 -6.81367 106 1.08768
  4 -5.81367 133 1.30101
  5 -4.81367 123 1.16466
  6 -3.81367 129 1.33197
  7 -2.81367 135 1.38781
  8 -1.81367 134 1.20191
  9 -0.813671 113 1.07917
  10 0.186329 90 0.942651
  11 1.18633 107 1.00847
  12 2.18633 124 1.16102
  13 3.18633 134 1.2949
  14 4.18633 126 1.24274
  15 5.18633 135 1.33956
  16 6.18633 121 1.10517
  17 7.18633 126 1.1523
  18 8.18633 120 1.13869
  19 9.18633 152 1.47354
  20 10.1863 116 1.23395
  21 11.1863 127 1.3072
  22 12.1863 113 1.03448
  23 13.1863 132 1.36441
  24 14.1863 124 1.15979
  25 15.1863 119 1.24392
  26 16.1863 113 1.12857
  27 17.1863 130 1.35939
  28 18.1863 105 1.05304
  29 19.1863 125 1.04448
  30 20.1863 85 0.741762
12780000 30 3640
  1 -8.81367 72 0.726385
  2 -7.81367 152 1.47619
  3 -6.81367 103 0.973866
  4 -5.81367 141 1.4043
  5 -4.81367 109 1.03075
  6 -3.81367 142 1.43648
  7 -2.81367 127 1.29053
  8 -1.81367 139 1.31163
  9 -0.813671 112 1.11377
  10 0.186329 118 1.09519
  11 1.18633 92 0.924296
  12 2.18633 133 1.15343
  13 3.18633 136 1.41304
  14 4.18633 124 1.22372
  15 5.18633 129 1.18683
  16 6.18633 131 1.246
  17 7.18633 122 1.11121
  18 8.18633 113 1.07298
  19 9.18633 152 1.44155
  20 10.1863 129 1.33016
  21 11.1863 111 1.25326
  22 12.1863 119 1.05061
  23 13.1863 124 1.24978
  24 14.1863 114 1.073
  25 15.1863 129 1.28809
  26 16.1863 124 1.23107
  27 17.1863 121 1.38829
  28 18.1863 127 1.13852
  29 19.1863 116 1.02461
  30 20.1863 79 0.69302
12790000 30 3640
  1 -8.81367 104 1.02795
  2 -7.81367 141 1.33279
  3 -6.81367 118 1.17396
  4 -5.81367 126 1.27007
  5 -4.81367 118 1.17525
  6 -3.81367 137 1.29642
  7 -2.81367 138 1.43499
  8 -1.81367 126 1.21765
  9 -0.813671 117 1.13923
  10 0.186329 102 1.00296
  11 1.18633 109 1.08666
  12 2.18633 133 1.17169
  13 3.18633 127 1.27515
  14 4.18633 113 1.13152
  15 5.18633 132 1.29273
  16 6.18633 118 1.1291
  17 7.18633 123 1.06049
  18 8.18633 118 1.20281
  19 9.18633 143 1.35639
  20 10.1863 130 1.28399
  21 11.1863 110 1.2213
  22 12.1863 124 1.13914
  23 13.1863 116 1.27007
  24 14.1863 134 1.32906
  25 15.1863 124 1.20399
  26 16.1863 117 1.22384
  27 17.1863 128 1.37139
  28 18.1863 110 1.0529
  29 19.1863 118 1.06296
  30 20.1863 86 0.746909
12800000 32 3640
  1 -9.81367 14 0.169994
  2 -8.81367 115 1.0793
  3 -7.81367 154 1.48112
  4 -6.81367 109 1.08557
  5 -5.81367 128 1.30204
  6 -4.81367 116 1.14219
  7 -3.81367 142 1.42428
  8 -2.81367 122 1.31092
  9 -1.81367 130 1.23667
  10 -0.813671 103 0.969899
  11 0.186329 100 0.962238
  12 1.18633 107 1.02392
  13 2.18633 130 1.25321
  14 3.18633 135 1.31593
  15 4.18633 126 1.33123
  16 5.18633 114 1.05917
  17 6.18633 129 1.28073
  18 7.18633 118 1.05295
  19 8.18633 110 1.05791
  20 9.18633 137 1.44066
  21 10.1863 135 1.41675
  22 11.1863 117 1.24792
  23 12.1863 109 1.01892
  24 13.1863 112 1.063
  25 14.1863 123 1.29589
  26 15.1863 122 1.21023
  27 16.1863 110 1.06036
  28 17.1863 117 1.23538
  29 18.1863 124 1.3148
  30 19.1863 121 1.0693
  31 20.1863 102 0.963516
  32 21.1863 9 0.104486
12810000 30 3640
  1 -8.81367 94 0.971458
  2 -7.81367 142 1.39098
  3 -6.81367 118 1.14218
  4 -5.81367 124 1.20151
  5 -4.81367 126 1.19788
  6 -3.81367 138 1.2895
  7 -2.81367 134 1.40442
  8 -1.81367 135 1.24862
  9 -0.813671 117 1.13616
  10 0.186329 98 1.00231
  11 1.18633 105 1.12126
  12 2.18633 129 1.15835
  13 3.18633 132 1.26606
  14 4.18633 120 1.15199
  15 5.18633 133 1.25124
  16 6.18633 126 1.20035
  17 7.18633 126 1.12002
  18 8.18633 119 1.09282
  19 9.18633 150 1.65687
  20 10.1863 123 1.16201
  21 11.1863 110 1.12474
  22 12.1863 105 1.047
  23 13.1863 128 1.1473
  24 14.1863 117 1.24363
  25 15.1863 119 1.11254
  26 16.1863 139 1.3686
  27 17.1863 112 1.25347
  28 18.1863 105 1.05192
  29 19.1863 126 1.05202
  30 20.1863 90 0.788297
12820000 30 3640
  1 -8.81367 102 1.004
  2 -7.81367 154 1.51344
  3 -6.81367 109 1.07393
  4 -5.81367 121 1.18286
  5 -4.81367 119 1.12411
  6 -3.81367 136 1.40553
  7 -2.81367 127 1.28178
  8 -1.81367 127 1.24794
  9 -0.813671 116 1.0654
  10 0.186329 112 1.11908
  11 1.18633 116 1.18921
  12 2.18633 132 1.19811
  13 3.18633 119 1.2242
  14 4.18633 128 1.33428
  15 5.18633 121 1.0904
  16 6.18633 121 1.12035
  17 7.18633 115 1.12655
  18 8.18633 121 1.07171
  19 9.18633 155 1.61094
  20 10.1863 114 1.1503
  21 11.1863 127 1.32305
  22 12.1863 114 1.02397
  23 13.1863 131 1.36193
  24 14.1863 112 1.20924
  25 15.1863 120 1.17532
  26 16.1863 122 1.21412
  27 17.1863 124 1.35694
  28 18.1863 119 1.10657
  29 19.1863 116 1.05155
  30 20.1863 90 0.806152
12830000 30 3640
  1 -8.81367 75 0.783218
  2 -7.81367 137 1.32969
  3 -6.81367 137 1.29505
  4 -5.81367 134 1.2887
  5 -4.81367 117 1.1376
  6 -3.81367 134 1.37297
  7 -2.81367 132 1.25289
  8 -1.81367 130 1.2615
  9 -0.813671 107 1.07446
  10 0.186329 116 1.08193
  11 1.18633 106 1.04346
  12 2.18633 140 1.33723
  13 3.18633 122 1.13763
  14 4.18633 116 1.22677
  15 5.18633 138 1.28767
  16 6.18633 126 1.2045
  17 7.18633 123 1.08321
  18 8.18633 120 1.1377
  19 9.18633 151 1.49331
  20 10.1863 120 1.26017
  21 11.1863 116 1.21437
  22 12.1863 117 1.067
  23 13.1863 118 1.19709
  24 14.1863 122 1.23927
  25 15.1863 128 1.23803
  26 16.1863 120 1.20442
  27 17.1863 137 1.43134
  28 18.1863 104 1.01865
  29 19.1863 124 1.09927
  30 20.1863 73 0.606042
12840000 30 3640
  1 -8.81367 95 0.920256
  2 -7.81367 149 1.50827
  3 -6.81367 123 1.14497
  4 -5.81367 124 1.27211
  5 -4.81367 126 1.11881
  6 -3.81367 136 1.45812
  7 -2.81367 123 1.26354
  8 -1.81367 135 1.26725
  9 -0.813671 110 1.13872
  10 0.186329 113 1.05891
  11 1.18633 99 0.956452
  12 2.18633 131 1.26495
  13 3.18633 126 1.19736
  14 4.18633 142 1.46327
  15 5.18633 114 1.10746
  16 6.18633 119 1.08505
  17 7.18633 125 1.16746
  18 8.18633 111 1.00018
  19 9.18633 147 1.53195
  20 10.1863 122 1.18492
  21 11.1863 116 1.2447
  22 12.1863 109 1.05747
  23 13.1863 131 1.31734
  24 14.1863 116 1.14994
  25 15.1863 135 1.41083
  26 16.1863 126 1.16366
  27 17.1863 132 1.39596
  28 18.1863 105 1.07997
  29 19.1863 116 0.950329
  30 20.1863 84 0.791581
12850000 30 3640
  1 -8.81367 97 0.928253
  2 -7.81367 148 1.45135
  3 -6.81367 117 1.16893
  4 -5.81367 135 1.35199
  5 -4.81367 108 1.00102
  6 -3.81367 134 1.37209
  7 -2.81367 129 1.28691
  8 -1.81367 134 1.31066
  9 -0.813671 114 1.13267
  10 0.186329 109 1.06128
  11 1.18633 99 0.938275
  12 2.18633 117 1.17911
  13 3.18633 146 1.3848
  14 4.18633 113 1.1877
  15 5.18633 137 1.32464
  16 6.18633 113 1.01104
  17 7.18633 132 1.23301
  18 8.18633 119 1.124
  19 9.18633 148 1.56019
  20 10.1863 124 1.20797
  21 11.1863 108 1.19647
  22 12.1863 122 1.13888
  23 13.1863 126 1.28697
  24 14.1863 131 1.32965
  25 15.1863 116 1.12511
  26 16.1863 117 1.14635
  27 17.1863 126 1.43115
  28 18.1863 118 1.18398
  29 19.1863 115 0.982295
  30 20.1863 88 0.798975
12860000 30 3640
  1 -8.81367 88 0.87029
  2 -7.81367 157 1.46213
  3 -6.81367 119 1.14631
  4 -5.81367 112 1.15978
  5 -4.81367 122 1.0833
  6 -3.81367 138 1.46802
  7 -2.81367 133 1.35794
  8 -1.81367 129 1.12289
  9 -0.813671 114 1.15251
  10 0.186329 121 1.15512
  11 1.18633 99 0.994113
  12 2.18633 126 1.23303
  13 3.18633 145 1.31477
  14 4.18633 123 1.20208
  15 5.18633 123 1.21942
  16 6.18633 122 1.08696
  17 7.18633 125 1.25277
  18 8.18633 106 0.970696
  19 9.18633 159 1.47566
  20 10.1863 116 1.26014
  21 11.1863 121 1.2923
  22 12.1863 118 1.06595
  23 13.1863 121 1.24286
  24 14.1863 127 1.26774
  25 15.1863 111 1.01883
  26 16.1863 115 1.15987
  27 17.1863 125 1.33081
  28 18.1863 115 1.20196
  29 19.1863 116 0.962059
  30 20.1863 94 0.838127
12870000 30 3640
  1 -8.81367 123 1.13617
  2 -7.81367 141 1.4126
  3 -6.81367 113 1.14475
  4 -5.81367 119 1.1823
  5 -4.81367 127 1.20862
  6 -3.81367 129 1.36254
  7 -2.81367 125 1.2086
  8 -1.81367 129 1.21612
  9 -0.813671 105 1.03105
  10 0.186329 108 1.11489
  11 1.18633 102 0.997277
  12 2.18633 124 1.24495
  13 3.18633 137 1.2826
  14 4.18633 112 1.0872
  15 5.18633 142 1.37518
  16 6.18633 119 1.13607
  17 7.18633 125 1.16116
  18 8.18633 112 1.09865
  19 9.18633 153 1.47513
  20 10.1863 132 1.33503
  21 11.1863 116 1.23602
  22 12.1863 107 1.03472
  23 13.1863 119 1.17373
  24 14.1863 129 1.30002
  25 15.1863 128 1.23001
  26 16.1863 108 1.18852
  27 17.1863 113 1.22117
  28 18.1863 121 1.18233
  29 19.1863 113 0.938583
  30 20.1863 109 1.03105
12880000 30 3640
  1 -8.81367 97 0.866688
  2 -7.81367 144 1.52732
  3 -6.81367 113 1.05984
  4 -5.81367 132 1.36759
  5 -4.81367 129 1.15966
  6 -3.81367 122 1.28284
  7 -2.81367 131 1.25188
  8 -1.81367 116 1.15199
  9 -0.813671 122 1.19079
  10 0.186329 98 0.956411
  11 1.18633 110 1.06243
  12 2.18633 122 1.16836
  13 3.18633 143 1.33794
  14 4.18633 125 1.32777
  15 5.18633 138 1.26321
  16 6.18633 111 1.05356
  17 7.18633 121 1.19817
  18 8.18633 115 0.949099
  19 9.18633 150 1.6258
  20 10.1863 128 1.23188
  21 11.1863 118 1.32892
  22 12.1863 118 1.05113
  23 13.1863 123 1.19964
  24 14.1863 121 1.28054
  25 15.1863 112 1.07845
  26 16.1863 118 1.17942
  27 17.1863 117 1.24935
  28 18.1863 125 1.16342
  29 19.1863 114 1.0474
  30 20.1863 107 1.0112
12890000 30 3640
  1 -8.81367 79 0.781115
  2 -7.81367 144 1.46918
  3 -6.81367 122 1.21616
  4 -5.81367 135 1.32274
  5 -4.81367 116 1.08119
  6 -3.81367 139 1.30797
  7 -2.81367 121 1.31281
  8 -1.81367 146 1.30555
  9 -0.813671 113 1.14938
  10 0.186329 104 0.968328
  11 1.18633 103 1.04394
  12 2.18633 123 1.13456
  13 3.18633 135 1.28574
  14 4.18633 135 1.35877
  15 5.18633 119 1.14562
  16 6.18633 138 1.31788
  17 7.18633 121 1.08615
  18 8.18633 122 1.08503
  19 9.18633 146 1.57564
  20 10.1863 126 1.2633
  21 11.1863 122 1.26202
  22 12.1863 111 0.968326
  23 13.1863 121 1.26462
  24 14.1863 116 1.07507
  25 15.1863 119 1.20999
  26 16.1863 127 1.29053
  27 17.1863 114 1.1803
  28 18.1863 119 1.23853
  29 19.1863 124 1.03293
  30 20.1863 80 0.688128
12900000 30 3640
  1 -8.81367 93 0.874087
  2 -7.81367 149 1.47707
  3 -6.81367 116 1.19343
  4 -5.81367 139 1.25697
  5 -4.81367 120 1.17734
  6 -3.81367 129 1.30406
  7 -2.81367 136 1.35514
  8 -1.81367 129 1.19851
  9 -0.813671 118 1.16127
  10 0.186329 101 1.04064
  11 1.18633 113 1.0867
  12 2.18633 125 1.07182
  13 3.18633 123 1.38239
  14 4.18633 127 1.17864
  15 5.18633 132 1.27068
  16 6.18633 133 1.25074
  17 7.18633 115 1.01959
  18 8.18633 129 1.2396
  19 9.18633 140 1.38495
  20 10.1863 127 1.29546
  21 11.1863 116 1.23942
  22 12.1863 123 1.13144
  23 13.1863 111 1.11642
  24 14.1863 129 1.33777
  25 15.1863 115 1.11648
  26 16.1863 112 1.08534
  27 17.1863 127 1.41477
  28 18.1863 112 1.10277
  29 19.1863 106 0.846846
  30 20.1863 95 0.910012
12910000 30 3640
  1 -8.81367 100 1.06401
  2 -7.81367 152 1.49091
  3 -6.81367 121 1.11788
  4 -5.81367 126 1.22916
  5 -4.81367 119 1.10659
  6 -3.81367 137 1.43691
  7 -2.81367 116 1.17414
  8 -1.81367 141 1.3644
  9 -0.813671 109 1.00157
  10 0.186329 104 1.04901
  11 1.18633 107 1.09291
  12 2.18633 131 1.25933
  13 3.18633 129 1.30427
  14 4.18633 121 1.20551
  15 5.18633 132 1.23308
  16 6.18633 124 1.12665
  17 7.18633 117 1.07286
  18 8.18633 135 1.3057
  19 9.18633 133 1.39444
  20 10.1863 127 1.29551
  21 11.1863 127 1.28052
  22 12.1863 103 0.946413
  23 13.1863 120 1.3468
  24 14.1863 133 1.29191
  25 15.1863 119 1.13416
  26 16.1863 109 1.20544
  27 17.1863 119 1.21919
  28 18.1863 117 1.0941
  29 19.1863 112 0.997775
  30 20.1863 100 0.922551
12920000 30 3640
  1 -8.81367 112 1.07803
  2 -7.81367 148 1.49672
  3 -6.81367 116 1.131
  4 -5.81367 119 1.19647
  5 -4.81367 127 1.19909
  6 -3.81367 129 1.34657
  7 -2.81367 130 1.28604
  8 -1.81367 130 1.2734
  9 -0.813671 116 1.07195
  10 0.186329 97 1.01627
  11 1.18633 104 1.04658
  12 2.18633 131 1.29238
  13 3.18633 131 1.24704
  14 4.18633 120 1.24825
  15 5.18633 116 1.00885
  16 6.18633 127 1.2873
  17 7.18633 124 1.1777
  18 8.18633 121 1.1488
  19 9.18633 141 1.48903
  20 10.1863 125 1.23812
  21 11.1863 122 1.37545
  22 12.1863 116 1.07181
  23 13.1863 122 1.208
  24 14.1863 120 1.12092
  25 15.1863 115 1.25711
  26 16.1863 118 1.15112
  27 17.1863 127 1.36678
  28 18.1863 112 1.17387
  29 19.1863 118 0.955908
  30 20.1863 106 1.06293
12930000 30 3640
  1 -8.81367 77 0.862823
  2 -7.81367 145 1.4075
  3 -6.81367 128 1.21219
  4 -5.81367 126 1.25964
  5 -4.81367 121 1.1871
  6 -3.81367 137 1.3461
  7 -2.81367 137 1.37746
  8 -1.81367 127 1.18959
  9 -0.813671 109 1.08452
  10 0.186329 117 1.15469
  11 1.18633 104 1.00307
  12 2.18633 135 1.31246
  13 3.18633 122 1.23225
  14 4.18633 120 1.1858
  15 5.18633 130 1.26353
  16 6.18633 126 1.15092
  17 7.18633 112 1.05439
  18 8.18633 116 1.11209
  19 9.18633 146 1.47138
  20 10.1863 131 1.29604
  21 11.1863 122 1.28475
  22 12.1863 109 1.06434
  23 13.1863 124 1.27984
  24 14.1863 128 1.2798
  25 15.1863 128 1.25602
  26 16.1863 122 1.22342
  27 17.1863 121 1.27227
  28 18.1863 110 1.13823
  29 19.1863 117 0.990688
  30 20.1863 93 0.82401
12940000 30 3640
  1 -8.81367 85 0.868674
  2 -7.81367 144 1.39889
  3 -6.81367 127 1.10133
  4 -5.81367 124 1.26218
  5 -4.81367 125 1.13446
  6 -3.81367 137 1.45034
  7 -2.81367 123 1.22297
  8 -1.81367 131 1.10006
  9 -0.813671 113 1.19829
  10 0.186329 106 0.996686
  11 1.18633 103 0.949905
  12 2.18633 124 1.22185
  13 3.18633 129 1.19958
  14 4.18633 130 1.28324
  15 5.18633 131 1.24513
  16 6.18633 131 1.27589
  17 7.18633 107 0.956079
  18 8.18633 140 1.30306
  19 9.18633 134 1.29068
  20 10.1863 126 1.277
  21 11.1863 108 1.17239
  22 12.1863 118 1.06065
  23 13.1863 120 1.21068
  24 14.1863 140 1.4248
  25 15.1863 119 1.14908
  26 16.1863 124 1.18854
  27 17.1863 116 1.23894
  28 18.1863 116 1.11714
  29 19.1863 119 1.00779
  30 20.1863 90 0.845187
12950000 30 3640
  1 -8.81367 116 1.08882
  2 -7.81367 141 1.46262
  3 -6.81367 110 1.00348
  4 -5.81367 139 1.42479
  5 -4.81367 110 1.0737
  6 -3.81367 131 1.23927
  7 -2.81367 125 1.36081
  8 -1.81367 139 1.35336
  9 -0.813671 101 0.924585
  10 0.186329 113 1.12644
  11 1.18633 105 0.967203
  12 2.18633 123 1.25814
  13 3.18633 127 1.26184
  14 4.18633 118 1.26681
  15 5.18633 132 1.16667
  16 6.18633 133 1.26308
  17 7.18633 121 1.11017
  18 8.18633 120 1.18292
  19 9.18633 139 1.39357
  20 10.1863 124 1.2593
  21 11.1863 116 1.28551
  22 12.1863 112 1.00606
  23 13.1863 122 1.16532
  24 14.1863 132 1.41745
  25 15.1863 138 1.34711
  26 16.1863 114 1.18524
  27 17.1863 112 1.18166
  28 18.1863 109 1.09501
  29 19.1863 110 0.968419
  30 20.1863 108 0.997164
12960000 30 3640
  1 -8.81367 105 0.994291
  2 -7.81367 141 1.35543
  3 -6.81367 124 1.29923
  4 -5.81367 123 1.20334
  5 -4.81367 126 1.21959
  6 -3.81367 126 1.23448
  7 -2.81367 127 1.2707
  8 -1.81367 129 1.23576
  9 -0.813671 113 1.06643
  10 0.186329 111 1.14125
  11 1.18633 96 0.96678
  12 2.18633 137 1.21479
  13 3.18633 128 1.2794
  14 4.18633 129 1.26568
  15 5.18633 122 1.20099
  16 6.18633 122 1.12995
  17 7.18633 114 1.06395
  18 8.18633 123 1.14743
  19 9.18633 154 1.50998
  20 10.1863 119 1.21081
  21 11.1863 118 1.28303
  22 12.1863 114 1.05519
  23 13.1863 126 1.26453
  24 14.1863 126 1.31182
  25 15.1863 124 1.21957
  26 16.1863 129 1.26691
  27 17.1863 114 1.16237
  28 18.1863 124 1.25573
  29 19.1863 103 0.926943
  30 20.1863 93 0.835928
12970000 30 3640
  1 -8.81367 113 1.02021
  2 -7.81367 135 1.38161
  3 -6.81367 114 1.07987
  4 -5.81367 131 1.30172
  5 -4.81367 110 1.08606
  6 -3.81367 134 1.33169
  7 -2.81367 117 1.20573
  8 -1.81367 145 1.35792
  9 -0.813671 114 1.13364
  10 0.186329 103 1.00261
  11 1.18633 108 1.09736
  12 2.18633 125 1.09864
  13 3.18633 134 1.35175
  14 4.18633 126 1.26808
  15 5.18633 132 1.19233
  16 6.18633 123 1.15215
  17 7.18633 116 1.09985
  18 8.18633 129 1.2695
  19 9.18633 140 1.45764
  20 10.1863 125 1.18584
  21 11.1863 109 1.17697
  22 12.1863 121 1.1398
  23 13.1863 118 1.07137
  24 14.1863 121 1.28558
  25 15.1863 120 1.26551
  26 16.1863 126 1.1996
  27 17.1863 119 1.27815
  28 18.1863 115 1.18331
  29 19.1863 110 0.920422
  30 20.1863 107 1.03117
12980000 30 3640
  1 -8.81367 88 0.874464
  2 -7.81367 155 1.45745
  3 -6.81367 112 1.09027
  4 -5.81367 127 1.23287
  5 -4.81367 124 1.10135
  6 -3.81367 141 1.44993
  7 -2.81367 119 1.16714
  8 -1.81367 137 1.21959
  9 -0.813671 119 1.17933
  10 0.186329 109 1.07935
  11 1.18633 99 0.942893
  12 2.18633 134 1.13549
  13 3.18633 122 1.25978
  14 4.18633 124 1.24642
  15 5.18633 120 1.12816
  16 6.18633 131 1.17202
  17 7.18633 129 1.16484
  18 8.18633 116 1.04283
  19 9.18633 159 1.60737
  20 10.1863 120 1.22193
  21 11.1863 120 1.19148
  22 12.1863 114 1.01959
  23 13.1863 130 1.26592
  24 14.1863 119 1.17821
  25 15.1863 131 1.30853
  26 16.1863 117 1.18046
  27 17.1863 129 1.2709
  28 18.1863 117 1.11471
  29 19.1863 103 0.901331
  30 20.1863 75 0.6391
12990000 30 3640
  1 -8.81367 103 1.09379
  2 -7.81367 152 1.41749
  3 -6.81367 110 1.08006
  4 -5.81367 137 1.30655
  5 -4.81367 112 1.13607
  6 -3.81367 129 1.27669
  7 -2.81367 136 1.37748
  8 -1.81367 136 1.29905
  9 -0.813671 121 1.13135
  10 0.186329 103 1.02536
  11 1.18633 108 1.07646
  12 2.18633 116 1.07529
  13 3.18633 137 1.35877
  14 4.18633 137 1.35639
  15 5.18633 114 1.11133
  16 6.18633 126 1.12498
  17 7.18633 108 0.993114
  18 8.18633 132 1.31281
  19 9.18633 136 1.36018
  20 10.1863 134 1.40604
  21 11.1863 111 1.11128
  22 12.1863 122 1.17221
  23 13.1863 104 0.9669
  24 14.1863 127 1.37007
  25 15.1863 132 1.2034
  26 16.1863 121 1.27792
  27 17.1863 112 1.1896
  28 18.1863 117 1.23431
  29 19.1863 117 0.954643
  30 20.1863 90 0.752944
13000000 32 3640
  1 -9.81367 0 0
  2 -8.81367 128 1.30291
  3 -7.81367 149 1.51966
  4 -6.81367 108 1.0548
  5 -5.81367 134 1.29282
  6 -4.81367 110 1.0636
  7 -3.81367 130 1.32788
  8 -2.81367 121 1.19766
  9 -1.81367 134 1.29532
  10 -0.813671 101 1.01983
  11 0.186329 104 0.971037
  12 1.18633 99 1.01736
  13 2.18633 144 1.36185
  14 3.18633 124 1.28405
  15 4.18633 137 1.29666
  16 5.18633 113 1.15759
  17 6.18633 114 1.05738
  18 7.18633 120 1.07756
  19 8.18633 121 1.15266
  20 9.18633 142 1.45436
  21 10.1863 134 1.33926
  22 11.1863 112 1.23384
  23 12.1863 111 1.06368
  24 13.1863 121 1.08252
  25 14.1863 127 1.35428
  26 15.1863 123 1.20517
  27 16.1863 123 1.33416
  28 17.1863 116 1.17259
  29 18.1863 114 1.14632
  30 19.1863 112 1.0336
  31 20.1863 114 0.922195
  32 21.1863 0 0
13010000 30 3640
  1 -8.81367 105 1.02244
  2 -7.81367 145 1.37853
  3 -6.81367 106 1.02727
  4 -5.81367 133 1.3621
  5 -4.81367 116 1.1232
  6 -3.81367 132 1.24393
  7 -2.81367 130 1.35848
  8 -1.81367 121 1.10578
  9 -0.813671 128 1.21541
  10 0.186329 91 0.937664
  11 1.18633 101 1.08343
  12 2.18633 131 1.18054
  13 3.18633 133 1.33105
  14 4.18633 122 1.0872
  15 5.18633 137 1.41332
  16 6.18633 121 1.11698
  17 7.18633 125 1.15938
  18 8.18633 110 1.00249
  19 9.18633 148 1.51546
  20 10.1863 127 1.29368
  21 11.1863 119 1.29491
  22 12.1863 107 0.996108
  23 13.1863 126 1.16321
  24 14.1863 130 1.25777
  25 15.1863 116 1.2924
  26 16.1863 128 1.21035
  27 17.1863 127 1.37723
  28 18.1863 108 1.10693
  29 19.1863 116 1.03733
  30 20.1863 101 0.881676
13020000 30 3640
  1 -8.81367 112 1.16623
  2 -7.81367 145 1.34331
  3 -6.81367 108 1.10887
  4 -5.81367 135 1.28459
  5 -4.81367 116 1.10148
  6 -3.81367 130 1.3704
  7 -2.81367 116 1.18617
  8 -1.81367 126 1.21356
  9 -0.813671 122 1.13521
  10 0.186329 100 1.07288
  11 1.18633 115 1.02557
  12 2.18633 121 1.09654
  13 3.18633 120 1.18118
  14 4.18633 130 1.37064
  15 5.18633 122 1.09031
  16 6.18633 126 1.21108
  17 7.18633 119 1.14385
  18 8.18633 119 1.03931
  19 9.18633 145 1.52882
  20 10.1863 132 1.32199
  21 11.1863 119 1.26337
  22 12.1863 112 1.03669
  23 13.1863 121 1.20243
  24 14.1863 124 1.2884
  25 15.1863 114 1.084
  26 16.1863 129 1.34061
  27 17.1863 125 1.2709
  28 18.1863 114 1.18992
  29 19.1863 123 1.04676
  30 20.1863 100 0.883456
13030000 30 3640
  1 -8.81367 106 0.967458
  2 -7.81367 136 1.26826
  3 -6.81367 108 1.11826
  4 -5.81367 125 1.24073
  5 -4.81367 131 1.29154
  6 -3.81367 125 1.14555
  7 -2.81367 131 1.36942
  8 -1.81367 127 1.13326
  9 -0.813671 125 1.29654
  10 0.186329 108 1.03054
  11 1.18633 100 0.967513
  12 2.18633 130 1.15571
  13 3.18633 126 1.29522
  14 4.18633 124 1.20121
  15 5.18633 134 1.31144
  16 6.18633 131 1.14563
  17 7.18633 113 1.07385
  18 8.18633 128 1.2014
  19 9.18633 148 1.51789
  20 10.1863 125 1.22968
  21 11.1863 117 1.24441
  22 12.1863 114 1.02815
  23 13.1863 117 1.21229
  24 14.1863 136 1.40181
  25 15.1863 118 1.11712
  26 16.1863 114 1.14919
  27 17.1863 121 1.22978
  28 18.1863 123 1.21113
  29 19.1863 125 1.09373
  30 20.1863 74 0.696505
13040000 30 3640
  1 -8.81367 89 0.825846
  2 -7.81367 146 1.39905
  3 -6.81367 113 1.18262
  4 -5.81367 134 1.30197
  5 -4.81367 119 1.1267
  6 -3.81367 128 1.30693
  7 -2.81367 121 1.24731
  8 -1.81367 129 1.15161
  9 -0.813671 109 1.10933
  10 0.186329 110 1.03601
  11 1.18633 104 1.01611
  12 2.18633 132 1.29094
  13 3.18633 126 1.19018
  14 4.18633 132 1.3878
  15 5.18633 126 1.1268
  16 6.18633 118 1.04968
  17 7.18633 123 1.28453
  18 8.18633 121 1.07968
  19 9.18633 147 1.49725
  20 10.1863 128 1.21502
  21 11.1863 132 1.41999
  22 12.1863 104 0.936586
  23 13.1863 117 1.23992
  24 14.1863 121 1.20255
  25 15.1863 137 1.30953
  26 16.1863 106 1.09052
  27 17.1863 127 1.36673
  28 18.1863 120 1.09447
  29 19.1863 129 1.11565
  30 20.1863 92 0.928942
13050000 30 3640
  1 -8.81367 112 1.07449
  2 -7.81367 144 1.41829
  3 -6.81367 112 1.22482
  4 -5.81367 128 1.16598
  5 -4.81367 123 1.16475
  6 -3.81367 129 1.30403
  7 -2.81367 123 1.31269
  8 -1.81367 134 1.24883
  9 -0.813671 111 1.15859
  10 0.186329 101 0.916312
  11 1.18633 106 1.08306
  12 2.18633 142 1.38327
  13 3.18633 118 1.16604
  14 4.18633 126 1.22118
  15 5.18633 130 1.31409
  16 6.18633 117 1.01924
  17 7.18633 123 1.16225
  18 8.18633 122 1.1473
  19 9.18633 153 1.6566
  20 10.1863 122 1.16099
  21 11.1863 123 1.31024
  22 12.1863 94 0.873535
  23 13.1863 131 1.3141
  24 14.1863 120 1.24767
  25 15.1863 132 1.28773
  26 16.1863 104 1.11686
  27 17.1863 128 1.29911
  28 18.1863 117 1.16852
  29 19.1863 118 1.0105
  30 20.1863 97 0.9275
13060000 30 3640
  1 -8.81367 90 0.882568
  2 -7.81367 148 1.44368
  3 -6.81367 113 1.1417
  4 -5.81367 135 1.35494
  5 -4.81367 123 1.15802
  6 -3.81367 116 1.12937
  7 -2.81367 137 1.3998
  8 -1.81367 124 1.17923
  9 -0.813671 120 1.31135
  10 0.186329 119 1.00613
  11 1.18633 110 1.11078
  12 2.18633 114 1.00858
  13 3.18633 137 1.38113
  14 4.18633 134 1.39355
  15 5.18633 124 1.15322
  16 6.18633 124 1.12563
  17 7.18633 114 1.10324
  18 8.18633 121 1.15805
  19 9.18633 147 1.4162
  20 10.1863 121 1.22534
  21 11.1863 125 1.27261
  22 12.1863 115 1.14063
  23 13.1863 128 1.26649
  24 14.1863 133 1.41865
  25 15.1863 114 1.02968
  26 16.1863 111 1.18783
  27 17.1863 137 1.4672
  28 18.1863 106 1.01596
  29 19.1863 121 1.04472
  30 20.1863 79 0.688136
13070000 30 3640
  1 -8.81367 76 0.857489
  2 -7.81367 156 1.50759
  3 -6.81367 120 1.10238
  4 -5.81367 131 1.30607
  5 -4.81367 120 1.09495
  6 -3.81367 130 1.36321
  7 -2.81367 123 1.22287
  8 -1.81367 133 1.21049
  9 -0.813671 121 1.27015
  10 0.186329 109 1.04026
  11 1.18633 92 0.851475
  12 2.18633 130 1.23163
  13 3.18633 130 1.28264
  14 4.18633 131 1.32726
  15 5.18633 127 1.24529
  16 6.18633 133 1.23661
  17 7.18633 130 1.19817
  18 8.18633 110 1.04151
  19 9.18633 156 1.52495
  20 10.1863 116 1.14458
  21 11.1863 118 1.30352
  22 12.1863 110 0.986881
  23 13.1863 124 1.23536
  24 14.1863 121 1.18696
  25 15.1863 117 1.15578
  26 16.1863 118 1.19548
  27 17.1863 139 1.53109
  28 18.1863 115 1.08127
  29 19.1863 122 1.04282
  30 20.1863 82 0.728313
13080000 30 3640
  1 -8.81367 86 0.864622
  2 -7.81367 141 1.33183
  3 -6.81367 115 1.2642
  4 -5.81367 131 1.21958
  5 -4.81367 121 1.12618
  6 -3.81367 139 1.34162
  7 -2.81367 120 1.30912
  8 -1.81367 137 1.26322
  9 -0.813671 114 1.05153
  10 0.186329 111 1.176
  11 1.18633 97 0.913192
  12 2.18633 132 1.26458
  13 3.18633 127 1.2432
  14 4.18633 130 1.31426
  15 5.18633 121 1.13992
  16 6.18633 132 1.24822
  17 7.18633 130 1.13499
  18 8.18633 124 1.17488
  19 9.18633 139 1.40759
  20 10.1863 133 1.40388
  21 11.1863 112 1.26297
  22 12.1863 118 1.01671
  23 13.1863 128 1.29062
  24 14.1863 129 1.31434
  25 15.1863 120 1.16471
  26 16.1863 108 1.13731
  27 17.1863 115 1.17224
  28 18.1863 125 1.2059
  29 19.1863 119 1.05522
  30 20.1863 86 0.778612
13090000 30 3640
  1 -8.81367 85 0.841488
  2 -7.81367 140 1.37562
  3 -6.81367 126 1.25276
  4 -5.81367 133 1.25903
  5 -4.81367 118 1.10787
  6 -3.81367 134 1.31849
  7 -2.81367 139 1.44361
  8 -1.81367 129 1.2565
  9 -0.813671 113 1.03363
  10 0.186329 116 1.12289
  11 1.18633 99 0.906028
  12 2.18633 125 1.26893
  13 3.18633 135 1.34576
  14 4.18633 127 1.13149
  15 5.18633 138 1.40403
  16 6.18633 115 1.04471
  17 7.18633 116 0.996508
  18 8.18633 114 1.1686
  19 9.18633 152 1.50443
  20 10.1863 112 1.12515
  21 11.1863 121 1.2106
  22 12.1863 124 1.18843
  23 13.1863 121 1.22441
  24 14.1863 127 1.28894
  25 15.1863 113 1.12512
  26 16.1863 118 1.17596
  27 17.1863 126 1.33343
  28 18.1863 119 1.22429
  29 19.1863 115 0.885032
  30 20.1863 90 0.84141
13100000 30 3640
  1 -8.81367 107 1.07308
  2 -7.81367 142 1.35516
  3 -6.81367 114 1.1812
  4 -5.81367 127 1.20521
  5 -4.81367 113 1.06799
  6 -3.81367 127 1.29456
  7 -2.81367 130 1.38648
  8 -1.81367 127 1.2379
  9 -0.813671 117 1.05933
  10 0.186329 104 1.05669
  11 1.18633 111 1.08693
  12 2.18633 124 1.22417
  13 3.18633 141 1.37534
  14 4.18633 126 1.33483
  15 5.18633 133 1.24063
  16 6.18633 115 1.10193
  17 7.18633 130 1.23929
  18 8.18633 120 1.05561
  19 9.18633 149 1.59301
  20 10.1863 114 1.09193
  21 11.1863 113 1.25164
  22 12.1863 127 1.16624
  23 13.1863 124 1.30103
  24 14.1863 121 1.20652
  25 15.1863 119 1.23914
  26 16.1863 118 1.18762
  27 17.1863 128 1.3526
  28 18.1863 114 1.21269
  29 19.1863 110 0.932101
  30 20.1863 95 0.870264
13110000 30 3640
  1 -8.81367 89 0.941595
  2 -7.81367 144 1.33401
  3 -6.81367 113 1.16689
  4 -5.81367 138 1.30646
  5 -4.81367 117 1.17567
  6 -3.81367 135 1.28781
  7 -2.81367 125 1.31262
  8 -1.81367 129 1.25411
  9 -0.813671 110 1.075
  10 0.186329 108 1.05498
  11 1.18633 104 1.00013
  12 2.18633 130 1.2008
  13 3.18633 121 1.20678
  14 4.18633 123 1.20066
  15 5.18633 127 1.29157
  16 6.18633 135 1.192
  17 7.18633 116 1.12343
  18 8.18633 122 1.11489
  19 9.18633 157 1.57666
  20 10.1863 120 1.20318
  21 11.1863 114 1.23535
  22 12.1863 115 0.997754
  23 13.1863 128 1.26539
  24 14.1863 112 1.1944
  25 15.1863 127 1.30149
  26 16.1863 123 1.1956
  27 17.1863 120 1.21806
  28 18.1863 114 1.20315
  29 19.1863 132 1.09619
  30 20.1863 92 0.856883
13120000 30 3640
  1 -8.81367 99 0.894708
  2 -7.81367 141 1.49311
  3 -6.81367 126 1.13359
  4 -5.81367 122 1.25533
  5 -4.81367 123 1.19316
  6 -3.81367 126 1.22188
  7 -2.81367 125 1.34247
  8 -1.81367 128 1.18213
  9 -0.813671 110 1.04275
  10 0.186329 105 1.03654
  11 1.18633 119 1.12245
  12 2.18633 122 1.16342
  13 3.18633 129 1.23065
  14 4.18633 124 1.28032
  15 5.18633 128 1.21577
  16 6.18633 124 1.13605
  17 7.18633 122 1.10995
  18 8.18633 113 1.01801
  19 9.18633 141 1.47305
  20 10.1863 136 1.39607
  21 11.1863 119 1.30136
  22 12.1863 113 0.973042
  23 13.1863 125 1.31402
  24 14.1863 118 1.12744
  25 15.1863 124 1.25541
  26 16.1863 110 1.10731
  27 17.1863 126 1.27292
  28 18.1863 127 1.3301
  29 19.1863 122 1.018
  30 20.1863 93 0.908247
13130000 30 3640
  1 -8.81367 105 1.06771
  2 -7.81367 144 1.45729
  3 -6.81367 122 1.14235
  4 -5.81367 121 1.28756
  5 -4.81367 116 1.01089
  6 -3.81367 139 1.47862
  7 -2.81367 134 1.33207
  8 -1.81367 115 1.18139
  9 -0.813671 117 1.16258
  10 0.186329 106 1.01725
  11 1.18633 107 1.13977
  12 2.18633 114 1.07026
  13 3.18633 132 1.28142
  14 4.18633 118 1.23472
  15 5.18633 134 1.22841
  16 6.18633 118 1.08286
  17 7.18633 140 1.41299
  18 8.18633 112 0.917393
  19 9.18633 145 1.58106
  20 10.1863 127 1.31816
  21 11.1863 106 1.14096
  22 12.1863 120 1.18016
  23 13.1863 125 1.19684
  24 14.1863 121 1.31052
  25 15.1863 123 1.174
  26 16.1863 121 1.26358
  27 17.1863 115 1.21689
  28 18.1863 126 1.3321
  29 19.1863 123 1.08167
  30 20.1863 94 0.840023
13140000 30 3640
  1 -8.81367 129 1.31904
  2 -7.81367 143 1.32029
  3 -6.81367 113 1.17473
  4 -5.81367 120 1.17223
  5 -4.81367 112 1.01565
  6 -3.81367 143 1.49567
  7 -2.81367 131 1.34268
  8 -1.81367 114 1.06321
  9 -0.813671 126 1.19748
  10 0.186329 99 1.14094
  11 1.18633 106 0.895348
  12 2.18633 116 1.24617
  13 3.18633 141 1.31032
  14 4.18633 131 1.28767
  15 5.18633 124 1.13859
  16 6.18633 112 1.08196
  17 7.18633 130 1.22499
  18 8.18633 110 0.999401
  19 9.18633 158 1.69128
  20 10.1863 111 1.09826
  21 11.1863 123 1.2537
  22 12.1863 113 1.08462
  23 13.1863 126 1.29259
  24 14.1863 119 1.21126
  25 15.1863 116 1.13219
  26 16.1863 111 1.18344
  27 17.1863 132 1.35912
  28 18.1863 116 1.23872
  29 19.1863 119 1.00063
  30 20.1863 96 0.848878
13150000 30 3640
  1 -8.81367 117 1.20141
  2 -7.81367 136 1.31976
  3 -6.81367 134 1.26943
  4 -5.81367 116 1.2389
  5 -4.81367 121 1.11074
  6 -3.81367 137 1.41158
  7 -2.81367 127 1.26427
  8 -1.81367 126 1.21768
  9 -0.813671 119 1.15865
  10 0.186329 99 1.00879
  11 1.18633 108 0.999948
  12 2.18633 137 1.38396
  13 3.18633 122 1.12334
  14 4.18633 123 1.31085
  15 5.18633 124 1.1348
  16 6.18633 125 1.18752
  17 7.18633 117 1.08933
  18 8.18633 114 1.17363
  19 9.18633 148 1.42181
  20 10.1863 125 1.27943
  21 11.1863 107 1.21379
  22 12.1863 109 1.02759
  23 13.1863 125 1.24293
  24 14.1863 116 1.17621
  25 15.1863 132 1.25687
  26 16.1863 113 1.24908
  27 17.1863 118 1.19254
  28 18.1863 119 1.31966
  29 19.1863 113 0.913169
  30 20.1863 113 1.08045
13160000 30 3640
  1 -8.81367 98 0.986719
  2 -7.81367 152 1.47631
  3 -6.81367 112 1.03253
  4 -5.81367 134 1.29028
  5 -4.81367 116 1.1688
  6 -3.81367 121 1.1936
  7 -2.81367 127 1.30262
  8 -1.81367 137 1.30764
  9 -0.813671 119 1.16643
  10 0.186329 106 0.992955
  11 1.18633 107 1.10077
  12 2.18633 131 1.15539
  13 3.18633 118 1.19859
  14 4.18633 128 1.21967
  15 5.18633 114 1.10077
  16 6.18633 136 1.27174
  17 7.18633 114 1.04498
  18 8.18633 138 1.33998
  19 9.18633 129 1.36957
  20 10.1863 140 1.40555
  21 11.1863 114 1.07594
  22 12.1863 118 1.09327
  23 13.1863 114 1.15278
  24 14.1863 137 1.42915
  25 15.1863 114 1.13043
  26 16.1863 119 1.21218
  27 17.1863 120 1.23327
  28 18.1863 122 1.16893
  29 19.1863 111 0.955764
  30 20.1863 94 0.836721
13170000 30 3640
  1 -8.81367 111 1.1237
  2 -7.81367 131 1.2284
  3 -6.81367 133 1.26702
  4 -5.81367 111 1.16091
  5 -4.81367 121 1.14487
  6 -3.81367 133 1.34406
  7 -2.81367 123 1.24327
  8 -1.81367 132 1.21968
  9 -0.813671 113 1.16594
  10 0.186329 116 1.11017
  11 1.18633 103 0.997981
  12 2.18633 127 1.20597
  13 3.18633 137 1.3517
  14 4.18633 138 1.42137
  15 5.18633 139 1.25837
  16 6.18633 122 1.16726
  17 7.18633 116 1.05277
  18 8.18633 117 1.05031
  19 9.18633 154 1.64064
  20 10.1863 120 1.23201
  21 11.1863 121 1.21209
  22 12.1863 104 0.966699
  23 13.1863 121 1.19854
  24 14.1863 115 1.24459
  25 15.1863 131 1.27062
  26 16.1863 117 1.15979
  27 17.1863 117 1.20598
  28 18.1863 119 1.23324
  29 19.1863 110 0.971835
  30 20.1863 88 0.74255
13180000 30 3640
  1 -8.81367 122 1.22742
  2 -7.81367 148 1.44175
  3 -6.81367 113 1.06065
  4 -5.81367 122 1.18099
  5 -4.81367 120 1.19603
  6 -3.81367 127 1.3464
  7 -2.81367 139 1.34892
  8 -1.81367 114 1.14083
  9 -0.813671 110 1.09584
  10 0.186329 114 1.07459
  11 1.18633 117 1.13723
  12 2.18633 123 1.14461
  13 3.18633 133 1.32147
  14 4.18633 121 1.28621
  15 5.18633 144 1.34793
  16 6.18633 114 1.00804
  17 7.18633 121 1.15346
  18 8.18633 111 1.06821
  19 9.18633 151 1.47443
  20 10.1863 122 1.3326
  21 11.1863 112 1.15958
  22 12.1863 109 1.03184
  23 13.1863 129 1.25632
  24 14.1863 115 1.25502
  25 15.1863 121 1.16844
  26 16.1863 114 1.15961
  27 17.1863 121 1.31016
  28 18.1863 114 1.10079
  29 19.1863 120 1.04447
  30 20.1863 99 0.945331
13190000 30 3640
  1 -8.81367 100 1.05862
  2 -7.81367 133 1.23824
  3 -6.81367 120 1.23047
  4 -5.81367 130 1.2093
  5 -4.81367 108 1.12378
  6 -3.81367 135 1.36492
  7 -2.81367 116 1.14775
  8 -1.81367 141 1.39002
  9 -0.813671 111 1.19423
  10 0.186329 128 1.11017
  11 1.18633 98 0.985934
  12 2.18633 125 1.15658
  13 3.18633 130 1.306
  14 4.18633 127 1.26826
  15 5.18633 126 1.30095
  16 6.18633 134 1.21936
  17 7.18633 121 1.05371
  18 8.18633 116 1.17285
  19 9.18633 150 1.53709
  20 10.1863 114 1.13516
  21 11.1863 117 1.24927
  22 12.1863 117 1.09002
  23 13.1863 120 1.19426
  24 14.1863 135 1.37388
  25 15.1863 118 1.18788
  26 16.1863 119 1.19039
  27 17.1863 129 1.38759
  28 18.1863 116 1.1879
  29 19.1863 104 0.905514
  30 20.1863 102 0.906691
13200000 30 3640
  1 -8.81367 97 0.994677
  2 -7.81367 151 1.47829
  3 -6.81367 112 0.996026
  4 -5.81367 135 1.3694
  5 -4.81367 114 1.12582
  6 -3.81367 121 1.23076
  7 -2.81367 126 1.28954
  8 -1.81367 143 1.37448
  9 -0.813671 118 1.17216
  10 0.186329 102 0.968524
  11 1.18633 119 1.19596
  12 2.18633 117 1.08845
  13 3.18633 130 1.31578
  14 4.18633 121 1.11712
  15 5.18633 124 1.15602
  16 6.18633 127 1.22961
  17 7.18633 117 1.10342
  18 8.18633 122 1.1447
  19 9.18633 148 1.55322
  20 10.1863 120 1.18333
  21 11.1863 122 1.33811
  22 12.1863 115 1.06848
  23 13.1863 125 1.18091
  24 14.1863 115 1.24336
  25 15.1863 124 1.17468
  26 16.1863 119 1.217
  27 17.1863 119 1.26954
  28 18.1863 134 1.34579
  29 19.1863 109 0.937324
  30 20.1863 94 0.83854
13210000 30 3640
  1 -8.81367 100 1.00237
  2 -7.81367 152 1.47431
  3 -6.81367 108 1.07173
  4 -5.81367 134 1.22709
  5 -4.81367 124 1.23949
  6 -3.81367 130 1.26303
  7 -2.81367 125 1.34248
  8 -1.81367 138 1.31151
  9 -0.813671 109 1.04592
  10 0.186329 102 0.931538
  11 1.18633 114 1.11542
  12 2.18633 125 1.22463
  13 3.18633 121 1.11537
  14 4.18633 127 1.33015
  15 5.18633 137 1.28429
  16 6.18633 117 1.10038
  17 7.18633 122 1.14887
  18 8.18633 113 0.966402
  19 9.18633 153 1.60963
  20 10.1863 127 1.29033
  21 11.1863 106 1.14251
  22 12.1863 124 1.18491
  23 13.1863 126 1.21351
  24 14.1863 120 1.24943
  25 15.1863 129 1.19615
  26 16.1863 114 1.17858
  27 17.1863 123 1.31026
  28 18.1863 110 1.01102
  29 19.1863 117 1.05082
  30 20.1863 93 0.851988
13220000 30 3640
  1 -8.81367 81 0.753208
  2 -7.81367 151 1.54579
  3 -6.81367 123 1.13957
  4 -5.81367 130 1.26047
  5 -4.81367 120 1.16917
  6 -3.81367 128 1.29376
  7 -2.81367 131 1.27787
  8 -1.81367 119 1.13952
  9 -0.813671 125 1.23832
  10 0.186329 108 1.0224
  11 1.18633 101 0.989022
  12 2.18633 125 1.07559
  13 3.18633 131 1.37404
  14 4.18633 130 1.3259
  15 5.18633 133 1.25327
  16 6.18633 131 1.16427
  17 7.18633 112 1.04703
  18 8.18633 125 1.06689
  19 9.18633 152 1.59383
  20 10.1863 124 1.22847
  21 11.1863 115 1.14811
  22 12.1863 116 1.16302
  23 13.1863 124 1.18157
  24 14.1863 116 1.21621
  25 15.1863 126 1.19265
  26 16.1863 133 1.35804
  27 17.1863 124 1.29636
  28 18.1863 112 1.03711
  29 19.1863 117 1.07666
  30 20.1863 77 0.64574
13230000 30 3640
  1 -8.81367 118 1.26155
  2 -7.81367 125 1.22864
  3 -6.81367 123 1.0925
  4 -5.81367 126 1.28779
  5 -4.81367 122 1.22483
  6 -3.81367 141 1.33466
  7 -2.81367 122 1.30295
  8 -1.81367 128 1.22613
  9 -0.813671 117 1.14424
  10 0.186329 110 1.11135
  11 1.18633 106 1.07739
  12 2.18633 118 1.12779
  13 3.18633 116 1.25137
  14 4.18633 125 1.18199
  15 5.18633 133 1.2691
  16 6.18633 136 1.32068
  17 7.18633 119 1.04592
  18 8.18633 114 1.18067
  19 9.18633 147 1.37392
  20 10.1863 128 1.37611
  21 11.1863 108 1.11374
  22 12.1863 115 1.14789
  23 13.1863 130 1.23896
  24 14.1863 126 1.35354
  25 15.1863 110 1.09236
  26 16.1863 117 1.23742
  27 17.1863 123 1.32325
  28 18.1863 122 1.19711
  29 19.1863 111 0.981519
  30 20.1863 104 0.934758
13240000 30 3640
  1 -8.81367 116 1.06585
  2 -7.81367 134 1.42712
  3 -6.81367 119 1.1255
  4 -5.81367 131 1.25015
  5 -4.81367 118 1.16414
  6 -3.81367 132 1.37721
  7 -2.81367 120 1.133
  8 -1.81367 129 1.21399
  9 -0.813671 112 1.15676
  10 0.186329 106 1.03215
  11 1.18633 106 0.993488
  12 2.18633 121 1.16056
  13 3.18633 132 1.3523
  14 4.18633 130 1.22402
  15 5.18633 134 1.35238
  16 6.18633 111 0.972313
  17 7.18633 133 1.24401
  18 8.18633 106 0.971057
  19 9.18633 153 1.55305
  20 10.1863 124 1.25386
  21 11.1863 107 1.15292
  22 12.1863 122 1.13428
  23 13.1863 127 1.20536
  24 14.1863 128 1.33879
  25 15.1863 116 1.15161
  26 16.1863 114 1.21263
  27 17.1863 123 1.22034
  28 18.1863 119 1.21776
  29 19.1863 115 1.03213
  30 20.1863 102 0.922409
13250000 30 3640
  1 -8.81367 99 0.967348
  2 -7.81367 133 1.33267
  3 -6.81367 123 1.13575
  4 -5.81367 128 1.28669
  5 -4.81367 113 1.06016
  6 -3.81367 139 1.43779
  7 -2.81367 133 1.28064
  8 -1.81367 127 1.22113
  9 -0.813671 113 1.08255
  10 0.186329 119 1.15187
  11 1.18633 96 0.950048
  12 2.18633 139 1.2609
  13 3.18633 116 1.11967
  14 4.18633 142 1.46999
  15 5.18633 126 1.2336
  16 6.18633 120 1.12214
  17 7.18633 116 1.00699
  18 8.18633 116 1.10853
  19 9.18633 147 1.41946
  20 10.1863 130 1.29292
  21 11.1863 115 1.23344
  22 12.1863 113 1.0973
  23 13.1863 125 1.2497
  24 14.1863 122 1.12725
  25 15.1863 119 1.18393
  26 16.1863 113 1.14429
  27 17.1863 136 1.47005
  28 18.1863 115 1.15058
  29 19.1863 119 1.05284
  30 20.1863 88 0.734477
13260000 30 3640
  1 -8.81367 114 1.13499
  2 -7.81367 148 1.51612
  3 -6.81367 111 1.05043
  4 -5.81367 128 1.28249
  5 -4.81367 112 1.08821
  6 -3.81367 133 1.32925
  7 -2.81367 118 1.2485
  8 -1.81367 133 1.32674
  9 -0.813671 115 1.07076
  10 0.186329 107 1.05286
  11 1.18633 108 1.04794
  12 2.18633 134 1.3458
  13 3.18633 126 1.21066
  14 4.18633 127 1.32806
  15 5.18633 119 1.12244
  16 6.18633 131 1.26488
  17 7.18633 113 1.03026
  18 8.18633 123 1.17669
  19 9.18633 145 1.54139
  20 10.1863 120 1.18665
  21 11.1863 124 1.30524
  22 12.1863 105 1.06805
  23 13.1863 130 1.2334
  24 14.1863 114 1.21069
  25 15.1863 125 1.24106
  26 16.1863 124 1.27367
  27 17.1863 129 1.313
  28 18.1863 113 1.12864
  29 19.1863 106 0.948173
  30 20.1863 105 0.99104
13270000 30 3640
  1 -8.81367 118 1.15894
  2 -7.81367 141 1.41398
  3 -6.81367 119 1.20415
  4 -5.81367 121 1.21308
  5 -4.81367 125 1.20805
  6 -3.81367 128 1.38612
  7 -2.81367 137 1.35082
  8 -1.81367 120 1.15369
  9 -0.813671 116 1.17396
  10 0.186329 103 0.966821
  11 1.18633 113 1.13618
  12 2.18633 113 1.01476
  13 3.18633 137 1.36728
  14 4.18633 127 1.35209
  15 5.18633 130 1.24733
  16 6.18633 120 1.17513
  17 7.18633 128 1.15893
  18 8.18633 108 1.03255
  19 9.18633 150 1.51514
  20 10.1863 123 1.21939
  21 11.1863 117 1.28493
  22 12.1863 115 1.06033
  23 13.1863 116 1.16641
  24 14.1863 124 1.29781
  25 15.1863 110 1.17513
  26 16.1863 123 1.19917
  27 17.1863 119 1.22069
  28 18.1863 121 1.29655
  29 19.1863 118 1.02243
  30 20.1863 100 0.931303
13280000 30 3640
  1 -8.81367 112 1.27431
  2 -7.81367 148 1.45441
  3 -6.81367 115 1.14531
  4 -5.81367 115 1.08664
  5 -4.81367 122 1.14036
  6 -3.81367 131 1.46942
  7 -2.81367 135 1.32289
  8 -1.81367 126 1.26277
  9 -0.813671 111 1.04213
  10 0.186329 103 1.02276
  11 1.18633 116 1.23749
  12 2.18633 114 1.16065
  13 3.18633 141 1.32292
  14 4.18633 115 1.18111
  15 5.18633 130 1.34967
  16 6.18633 121 1.04848
  17 7.18633 126 1.23988
  18 8.18633 115 1.05739
  19 9.18633 143 1.54361
  20 10.1863 129 1.38671
  21 11.1863 111 1.18872
  22 12.1863 114 1.04193
  23 13.1863 121 1.22969
  24 14.1863 122 1.25528
  25 15.1863 120 1.22709
  26 16.1863 110 1.15291
  27 17.1863 127 1.36756
  28 18.1863 113 1.22576
  29 19.1863 122 0.98469
  30 20.1863 112 1.05857
13290000 30 3640
  1 -8.81367 88 0.994065
  2 -7.81367 151 1.4384
  3 -6.81367 105 1.05619
  4 -5.81367 130 1.25039
  5 -4.81367 129 1.22179
  6 -3.81367 121 1.20801
  7 -2.81367 132 1.35362
  8 -1.81367 129 1.23914
  9 -0.813671 120 1.10742
  10 0.186329 101 0.968096
  11 1.18633 111 1.19197
  12 2.18633 129 1.08391
  13 3.18633 129 1.35482
  14 4.18633 125 1.3026
  15 5.18633 135 1.20825
  16 6.18633 127 1.2292
  17 7.18633 117 1.06259
  18 8.18633 119 1.10865
  19 9.18633 133 1.30146
  20 10.1863 131 1.38099
  21 11.1863 108 1.14575
  22 12.1863 119 1.12356
  23 13.1863 127 1.22682
  24 14.1863 125 1.27534
  25 15.1863 130 1.26412
  26 16.1863 115 1.18058
  27 17.1863 127 1.44198
  28 18.1863 123 1.09498
  29 19.1863 104 0.851205
  30 20.1863 100 0.880891
13300000 30 3640
  1 -8.81367 111 1.04729
  2 -7.81367 151 1.52739
  3 -6.81367 115 1.10903
  4 -5.81367 128 1.2702
  5 -4.81367 116 1.13292
  6 -3.81367 137 1.44414
  7 -2.81367 133 1.29922
  8 -1.81367 117 1.15306
  9 -0.813671 126 1.16839
  10 0.186329 96 1.06105
  11 1.18633 117 1.10533
  12 2.18633 121 1.19849
  13 3.18633 130 1.19475
  14 4.18633 122 1.2817
  15 5.18633 138 1.35972
  16 6.18633 117 1.08009
  17 7.18633 116 1.06498
  18 8.18633 107 1.04097
  19 9.18633 144 1.47821
  20 10.1863 137 1.38372
  21 11.1863 100 1.0372
  22 12.1863 129 1.2639
  23 13.1863 117 1.18081
  24 14.1863 130 1.23634
  25 15.1863 113 1.20735
  26 16.1863 120 1.30044
  27 17.1863 129 1.30432
  28 18.1863 110 1.08512
  29 19.1863 112 1.07115
  30 20.1863 101 0.917537
13310000 30 3640
  1 -8.81367 83 0.826894
  2 -7.81367 137 1.21351
  3 -6.81367 112 1.19114
  4 -5.81367 139 1.34207
  5 -4.81367 113 0.990166
  6 -3.81367 135 1.39839
  7 -2.81367 132 1.29674
  8 -1.81367 129 1.21942
  9 -0.813671 120 1.23311
  10 0.186329 109 0.950894
  11 1.18633 117 1.05642
  12 2.18633 127 1.238
  13 3.18633 121 1.10538
  14 4.18633 131 1.35306
  15 5.18633 133 1.28337
  16 6.18633 125 1.18144
  17 7.18633 120 1.02451
  18 8.18633 109 1.038
  19 9.18633 139 1.3703
  20 10.1863 136 1.35687
  21 11.1863 118 1.27085
  22 12.1863 114 0.968059
  23 13.1863 130 1.3483
  24 14.1863 110 1.18144
  25 15.1863 140 1.22938
  26 16.1863 124 1.26604
  27 17.1863 112 1.17897
  28 18.1863 121 1.13606
  29 19.1863 114 0.928878
  30 20.1863 90 0.873447
13320000 30 3640
  1 -8.81367 87 0.724664
  2 -7.81367 152 1.41846
  3 -6.81367 116 1.20551
  4 -5.81367 137 1.27321
  5 -4.81367 120 1.15143
  6 -3.81367 126 1.28172
  7 -2.81367 143 1.42822
  8 -1.81367 111 1.09846
  9 -0.813671 133 1.21799
  10 0.186329 92 0.800955
  11 1.18633 120 1.21923
  12 2.18633 117 1.09237
  13 3.18633 141 1.40851
  14 4.18633 130 1.30533
  15 5.18633 128 1.13925
  16 6.18633 125 1.15019
  17 7.18633 104 0.930092
  18 8.18633 128 1.19578
  19 9.18633 143 1.46878
  20 10.1863 119 1.23993
  21 11.1863 112 1.18337
  22 12.1863 114 1.00024
  23 13.1863 129 1.27442
  24 14.1863 131 1.26229
  25 15.1863 117 1.17109
  26 16.1863 114 1.17109
  27 17.1863 138 1.36065
  28 18.1863 127 1.28423
  29 19.1863 113 0.995317
  30 20.1863 73 0.693857
13330000 30 3640
  1 -8.81367 120 1.20424
  2 -7.81367 138 1.34609
  3 -6.81367 124 1.20682
  4 -5.81367 119 1.17882
  5 -4.81367 106 1.08388
  6 -3.81367 136 1.28529
  7 -2.81367 124 1.34467
  8 -1.81367 126 1.25228
  9 -0.813671 119 1.18158
  10 0.186329 110 1.0612
  11 1.18633 103 1.03337
  12 2.18633 126 1.16262
  13 3.18633 129 1.33209
  14 4.18633 134 1.36756
  15 5.18633 124 1.19795
  16 6.18633 130 1.22833
  17 7.18633 118 1.08657
  18 8.18633 119 1.14478
  19 9.18633 138 1.43593
  20 10.1863 133 1.38775
  21 11.1863 109 1.19531
  22 12.1863 113 0.986516
  23 13.1863 126 1.23221
  24 14.1863 125 1.31312
  25 15.1863 115 1.17261
  26 16.1863 112 1.15476
  27 17.1863 125 1.37014
  28 18.1863 116 1.17256
  29 19.1863 118 1.00429
  30 20.1863 105 1.05482
13340000 30 3640
  1 -8.81367 74 0.678712
  2 -7.81367 144 1.48048
  3 -6.81367 117 1.08526
  4 -5.81367 139 1.37206
  5 -4.81367 117 1.05932
  6 -3.81367 138 1.41142
  7 -2.81367 130 1.2293
  8 -1.81367 132 1.24281
  9 -0.813671 110 1.14555
  10 0.186329 112 1.06425
  11 1.18633 112 1.00771
  12 2.18633 121 1.15178
  13 3.18633 134 1.32411
  14 4.18633 134 1.34128
  15 5.18633 136 1.31801
  16 6.18633 118 1.04948
  17 7.18633 123 1.04959
  18 8.18633 115 1.0717
  19 9.18633 145 1.57769
  20 10.1863 123 1.13576
  21 11.1863 116 1.24638
  22 12.1863 123 1.11478
  23 13.1863 127 1.23912
  24 14.1863 125 1.25405
  25 15.1863 110 1.06663
  26 16.1863 128 1.22432
  27 17.1863 119 1.36593
  28 18.1863 132 1.24654
  29 19.1863 113 0.971959
  30 20.1863 73 0.665155
13350000 30 3640
  1 -8.81367 82 0.703926
  2 -7.81367 139 1.34779
  3 -6.81367 116 1.16292
  4 -5.81367 128 1.25216
  5 -4.81367 126 1.09935
  6 -3.81367 132 1.37328
  7 -2.81367 125 1.25961
  8 -1.81367 139 1.30733
  9 -0.813671 127 1.23395
  10 0.186329 107 1.01496
  11 1.18633 98 0.98793
  12 2.18633 123 1.10058
  13 3.18633 141 1.30253
  14 4.18633 124 1.31829
  15 5.18633 144 1.26587
  16 6.18633 121 1.14331
  17 7.18633 126 1.09204
  18 8.18633 102 0.846084
  19 9.18633 153 1.67935
  20 10.1863 132 1.30981
  21 11.1863 107 1.14073
  22 12.1863 127 1.06759
  23 13.1863 127 1.31228
  24 14.1863 122 1.18012
  25 15.1863 121 1.18493
  26 16.1863 120 1.15796
  27 17.1863 121 1.30854
  28 18.1863 121 1.09938
  29 19.1863 124 1.04678
  30 20.1863 65 0.674446
13360000 30 3640
  1 -8.81367 99 0.955005
  2 -7.81367 143 1.38002
  3 -6.81367 116 1.11877
  4 -5.81367 124 1.22339
  5 -4.81367 124 1.14468
  6 -3.81367 130 1.39705
  7 -2.81367 129 1.2789
  8 -1.81367 128 1.19763
  9 -0.813671 116 1.146
  10 0.186329 102 0.921742
  11 1.18633 110 1.04367
  12 2.18633 135 1.26789
  13 3.18633 128 1.34801
  14 4.18633 122 1.14344
  15 5.18633 128 1.23213
  16 6.18633 124 1.1336
  17 7.18633 120 1.03267
  18 8.18633 118 1.09667
  19 9.18633 147 1.5327
  20 10.1863 128 1.23585
  21 11.1863 111 1.13347
  22 12.1863 109 1.04607
  23 13.1863 138 1.33201
  24 14.1863 126 1.27046
  25 15.1863 118 1.21972
  26 16.1863 137 1.34671
  27 17.1863 111 1.18523
  28 18.1863 113 1.04248
  29 19.1863 117 0.988322
  30 20.1863 89 0.808276
13370000 30 3640
  1 -8.81367 85 0.930482
  2 -7.81367 149 1.38674
  3 -6.81367 123 1.25062
  4 -5.81367 126 1.16103
  5 -4.81367 114 1.13605
  6 -3.81367 121 1.19463
  7 -2.81367 128 1.34652
  8 -1.81367 135 1.26567
  9 -0.813671 114 1.10381
  10 0.186329 110 1.06765
  11 1.18633 105 1.00923
  12 2.18633 120 1.18584
  13 3.18633 135 1.28947
  14 4.18633 131 1.29557
  15 5.18633 131 1.30058
  16 6.18633 126 1.11371
  17 7.18633 124 1.15364
  18 8.18633 114 1.00545
  19 9.18633 150 1.6454
  20 10.1863 116 1.14242
  21 11.1863 118 1.19207
  22 12.1863 126 1.17605
  23 13.1863 128 1.27941
  24 14.1863 128 1.32683
  25 15.1863 117 1.19825
  26 16.1863 123 1.19089
  27 17.1863 117 1.26198
  28 18.1863 114 1.12613
  29 19.1863 121 0.998002
  30 20.1863 91 0.857008
13380000 30 3640
  1 -8.81367 106 0.967977
  2 -7.81367 130 1.38304
  3 -6.81367 122 1.13277
  4 -5.81367 131 1.25662
  5 -4.81367 121 1.16617
  6 -3.81367 128 1.2058
  7 -2.81367 125 1.33712
  8 -1.81367 127 1.19843
  9 -0.813671 133 1.25921
  10 0.186329 96 0.934574
  11 1.18633 104 1.0584
  12 2.18633 116 1.02012
  13 3.18633 130 1.27279
  14 4.18633 130 1.31603
  15 5.18633 127 1.24433
  16 6.18633 125 1.1526
  17 7.18633 119 1.06961
  18 8.18633 125 1.13168
  19 9.18633 142 1.43137
  20 10.1863 130 1.38663
  21 11.1863 113 1.16734
  22 12.1863 120 1.12663
  23 13.1863 115 1.07454
  24 14.1863 128 1.36825
  25 15.1863 121 1.08692
  26 16.1863 126 1.28384
  27 17.1863 121 1.25667
  28 18.1863 118 1.22317
  29 19.1863 122 1.02509
  30 20.1863 89 0.869935
13390000 30 3640
  1 -8.81367 98 1.03529
  2 -7.81367 145 1.37923
  3 -6.81367 122 1.20224
  4 -5.81367 131 1.20474
  5 -4.81367 111 1.06496
  6 -3.81367 135 1.31354
  7 -2.81367 123 1.30977
  8 -1.81367 133 1.23815
  9 -0.813671 119 1.05158
  10 0.186329 97 1.00558
  11 1.18633 118 1.10717
  12 2.18633 129 1.2642
  13 3.18633 124 1.14411
  14 4.18633 122 1.27779
  15 5.18633 124 1.19981
  16 6.18633 128 1.14416
  17 7.18633 118 1.09348
  18 8.18633 130 1.19989
  19 9.18633 133 1.39772
  20 10.1863 132 1.37777
  21 11.1863 118 1.23686
  22 12.1863 124 1.0688
  23 13.1863 118 1.16268
  24 14.1863 124 1.30998
  25 15.1863 115 1.086
  26 16.1863 131 1.34318
  27 17.1863 119 1.22697
  28 18.1863 113 1.09104
  29 19.1863 110 0.917929
  30 20.1863 96 0.884354
13400000 30 3640
  1 -8.81367 98 1.00406
  2 -7.81367 153 1.45425
  3 -6.81367 117 1.11099
  4 -5.81367 130 1.27009
  5 -4.81367 111 1.11094
  6 -3.81367 134 1.34722
  7 -2.81367 129 1.28137
  8 -1.81367 124 1.20045
  9 -0.813671 126 1.20434
  10 0.186329 105 1.00654
  11 1.18633 104 1.08242
  12 2.18633 124 1.12966
  13 3.18633 128 1.21794
  14 4.18633 122 1.24402
  15 5.18633 140 1.33749
  16 6.18633 115 1.09724
  17 7.18633 133 1.18695
  18 8.18633 109 1.04018
  19 9.18633 151 1.499
  20 10.1863 123 1.29752
  21 11.1863 118 1.23395
  22 12.1863 116 1.08735
  23 13.1863 115 1.06632
  24 14.1863 117 1.22046
  25 15.1863 124 1.23033
  26 16.1863 113 1.14446
  27 17.1863 124 1.26281
  28 18.1863 118 1.22533
  29 19.1863 116 1.0115
  30 20.1863 103 0.93805
13410000 30 3640
  1 -8.81367 106 0.991472
  2 -7.81367 135 1.28692
  3 -6.81367 113 1.08358
  4 -5.81367 129 1.32418
  5 -4.81367 126 1.1423
  6 -3.81367 126 1.36892
  7 -2.81367 130 1.29683
  8 -1.81367 126 1.21202
  9 -0.813671 111 1.05505
  10 0.186329 101 0.941598
  11 1.18633 101 1.08237
  12 2.18633 134 1.2371
  13 3.18633 136 1.35656
  14 4.18633 122 1.17109
  15 5.18633 126 1.24693
  16 6.18633 134 1.26566
  17 7.18633 117 1.06873
  18 8.18633 122 1.18346
  19 9.18633 142 1.48379
  20 10.1863 136 1.4339
  21 11.1863 125 1.22566
  22 12.1863 113 1.00274
  23 13.1863 109 1.11972
  24 14.1863 125 1.23335
  25 15.1863 115 1.11484
  26 16.1863 127 1.24693
  27 17.1863 123 1.38407
  28 18.1863 108 1.0923
  29 19.1863 121 1.02639
  30 20.1863 101 0.947665
13420000 30 3640
  1 -8.81367 103 1.0219
  2 -7.81367 143 1.36872
  3 -6.81367 133 1.28785
  4 -5.81367 121 1.10146
  5 -4.81367 119 1.13994
  6 -3.81367 130 1.34992
  7 -2.81367 130 1.26425
  8 -1.81367 125 1.31506
  9 -0.813671 124 1.06313
  10 0.186329 96 0.988298
  11 1.18633 120 1.15743
  12 2.18633 114 1.13506
  13 3.18633 129 1.20715
  14 4.18633 124 1.27421
  15 5.18633 118 1.15983
  16 6.18633 127 1.19836
  17 7.18633 125 1.05685
  18 8.18633 130 1.28172
  19 9.18633 129 1.37357
  20 10.1863 134 1.28543
  21 11.1863 113 1.19208
  22 12.1863 116 1.07911
  23 13.1863 123 1.1798
  24 14.1863 117 1.18723
  25 15.1863 111 1.17216
  26 16.1863 112 1.03683
  27 17.1863 130 1.33141
  28 18.1863 123 1.31022
  29 19.1863 114 1.05299
  30 20.1863 107 0.944887
13430000 30 3640
  1 -8.81367 99 0.985152
  2 -7.81367 128 1.21899
  3 -6.81367 127 1.1832
  4 -5.81367 133 1.32034
  5 -4.81367 124 1.13121
  6 -3.81367 131 1.35258
  7 -2.81367 131 1.31301
  8 -1.81367 123 1.22888
  9 -0.813671 108 0.934465
  10 0.186329 118 1.10029
  11 1.18633 112 1.14608
  12 2.18633 129 1.15602
  13 3.18633 129 1.24256
  14 4.18633 128 1.31056
  15 5.18633 111 1.13365
  16 6.18633 136 1.24877
  17 7.18633 118 1.10393
  18 8.18633 127 1.20552
  19 9.18633 146 1.45036
  20 10.1863 123 1.23636
  21 11.1863 119 1.21276
  22 12.1863 115 1.07058
  23 13.1863 122 1.19555
  24 14.1863 106 1.05316
  25 15.1863 127 1.34025
  26 16.1863 133 1.35015
  27 17.1863 114 1.15966
  28 18.1863 125 1.10279
  29 19.1863 115 1.14721
  30 20.1863 83 0.724089
13440000 30 3640
  1 -8.81367 81 0.718844
  2 -7.81367 142 1.39544
  3 -6.81367 117 1.15914
  4 -5.81367 133 1.30749
  5 -4.81367 125 1.15919
  6 -3.81367 128 1.25928
  7 -2.81367 125 1.30013
  8 -1.81367 131 1.21603
  9 -0.813671 116 1.1406
  10 0.186329 117 1.00466
  11 1.18633 109 1.20252
  12 2.18633 129 1.21487
  13 3.18633 120 1.13194
  14 4.18633 139 1.40663
  15 5.18633 117 1.13682
  16 6.18633 129 1.18516
  17 7.18633 127 1.10977
  18 8.18633 132 1.14324
  19 9.18633 129 1.41885
  20 10.1863 135 1.35204
  21 11.1863 111 1.21964
  22 12.1863 121 1.06028
  23 13.1863 111 1.17644
  24 14.1863 135 1.26076
  25 15.1863 118 1.18625
  26 16.1863 119 1.23586
  27 17.1863 111 1.09482
  28 18.1863 118 1.22831
  29 19.1863 133 1.1667
  30 20.1863 82 0.752156
13450000 30 3640
  1 -8.81367 102 0.980908
  2 -7.81367 142 1.45278
  3 -6.81367 128 1.21749
  4 -5.81367 120 1.20866
  5 -4.81367 120 1.05034
  6 -3.81367 128 1.26074
  7 -2.81367 134 1.40064
  8 -1.81367 126 1.23349
  9 -0.813671 123 1.14084
  10 0.186329 104 1.02063
  11 1.18633 100 0.954935
  12 2.18633 125 1.17671
  13 3.18633 145 1.45026
  14 4.18633 112 1.08491
  15 5.18633 138 1.24984
  16 6.18633 119 1.20248
  17 7.18633 127 1.08264
  18 8.18633 117 1.07388
  19 9.18633 136 1.50221
  20 10.1863 142 1.37722
  21 11.1863 116 1.22235
  22 12.1863 114 1.03542
  23 13.1863 117 1.15801
  24 14.1863 127 1.30674
  25 15.1863 129 1.17292
  26 16.1863 101 1.07114
  27 17.1863 124 1.27321
  28 18.1863 125 1.28802
  29 19.1863 118 1.03305
  30 20.1863 81 0.702268
13460000 30 3640
  1 -8.81367 98 0.83882
  2 -7.81367 130 1.28598
  3 -6.81367 119 1.12236
  4 -5.81367 132 1.40209
  5 -4.81367 121 1.04197
  6 -3.81367 131 1.36502
  7 -2.81367 134 1.28594
  8 -1.81367 125 1.30674
  9 -0.813671 128 1.20801
  10 0.186329 112 0.958982
  11 1.18633 99 1.07029
  12 2.18633 124 1.10274
  13 3.18633 136 1.3465
  14 4.18633 134 1.31687
  15 5.18633 130 1.25871
  16 6.18633 111 0.971297
  17 7.18633 120 1.16572
  18 8.18633 116 1.07042
  19 9.18633 156 1.61294
  20 10.1863 130 1.26107
  21 11.1863 117 1.22508
  22 12.1863 116 1.1236
  23 13.1863 119 1.13113
  24 14.1863 133 1.36648
  25 15.1863 106 1.06402
  26 16.1863 121 1.18177
  27 17.1863 126 1.33673
  28 18.1863 112 1.12724
  29 19.1863 118 1.06053
  30 20.1863 86 0.784148
13470000 30 3640
  1 -8.81367 94 0.980526
  2 -7.81367 151 1.49256
  3 -6.81367 123 1.09994
  4 -5.81367 128 1.34195
  5 -4.81367 109 0.969404
  6 -3.81367 138 1.38801
  7 -2.81367 128 1.31973
  8 -1.81367 126 1.152
  9 -0.813671 119 1.2516
  10 0.186329 113 1.04389
  11 1.18633 101 0.997995
  12 2.18633 134 1.21931
  13 3.18633 123 1.19298
  14 4.18633 131 1.32606
  15 5.18633 132 1.24655
  16 6.18633 116 1.12336
  17 7.18633 127 1.15087
  18 8.18633 115 1.05643
  19 9.18633 136 1.41163
  20 10.1863 132 1.34838
  21 11.1863 119 1.14705
  22 12.1863 119 1.11236
  23 13.1863 135 1.4092
  24 14.1863 115 1.1794
  25 15.1863 116 1.19545
  26 16.1863 109 1.02028
  27 17.1863 123 1.30615
  28 18.1863 111 1.11719
  29 19.1863 120 1.06759
  30 20.1863 97 0.837702
13480000 30 3640
  1 -8.81367 93 0.989312
  2 -7.81367 136 1.25649
  3 -6.81367 125 1.26902
  4 -5.81367 121 1.21619
  5 -4.81367 113 0.994475
  6 -3.81367 141 1.56968
  7 -2.81367 127 1.16379
  8 -1.81367 127 1.18622
  9 -0.813671 118 1.19752
  10 0.186329 103 0.943057
  11 1.18633 105 1.1524
  12 2.18633 132 1.26662
  13 3.18633 138 1.29042
  14 4.18633 119 1.28018
  15 5.18633 126 1.12618
  16 6.18633 119 1.10472
  17 7.18633 131 1.26276
  18 8.18633 114 1.14609
  19 9.18633 142 1.43578
  20 10.1863 132 1.29907
  21 11.1863 115 1.1824
  22 12.1863 114 1.05462
  23 13.1863 118 1.25514
  24 14.1863 122 1.18643
  25 15.1863 125 1.32405
  26 16.1863 109 1.09338
  27 17.1863 136 1.44337
  28 18.1863 129 1.26394
  29 19.1863 119 1.07974
  30 20.1863 91 0.792599
13490000 30 3640
  1 -8.81367 110 1.12451
  2 -7.81367 138 1.32347
  3 -6.81367 111 1.06262
  4 -5.81367 136 1.28257
  5 -4.81367 120 1.07509
  6 -3.81367 128 1.37141
  7 -2.81367 114 1.15162
  8 -1.81367 144 1.35057
  9 -0.813671 111 0.959089
  10 0.186329 102 1.12193
  11 1.18633 112 1.03065
  12 2.18633 127 1.24066
  13 3.18633 120 1.0245
  14 4.18633 133 1.44927
  15 5.18633 128 1.13454
  16 6.18633 130 1.31219
  17 7.18633 119 0.989906
  18 8.18633 126 1.15916
  19 9.18633 134 1.47152
  20 10.1863 130 1.21841
  21 11.1863 117 1.19103
  22 12.1863 118 1.19881
  23 13.1863 121 1.08125
  24 14.1863 129 1.38884
  25 15.1863 118 1.19847
  26 16.1863 110 1.16401
  27 17.1863 122 1.15665
  28 18.1863 105 1.11567
  29 19.1863 119 1.00103
  30 20.1863 108 0.953984
13500000 30 3640
  1 -8.81367 103 1.08113
  2 -7.81367 131 1.33651
  3 -6.81367 129 1.24472
  4 -5.81367 126 1.23201
  5 -4.81367 120 1.17798
  6 -3.81367 129 1.26857
  7 -2.81367 130 1.37553
  8 -1.81367 132 1.22457
  9 -0.813671 122 1.26366
  10 0.186329 103 0.995584
  11 1.18633 93 0.950241
  12 2.18633 127 1.17308
  13 3.18633 145 1.44861
  14 4.18633 112 1.08106
  15 5.18633 131 1.30268
  16 6.18633 120 1.13519
  17 7.18633 122 1.11016
  18 8.18633 118 1.09753
  19 9.18633 151 1.5844
  20 10.1863 120 1.21837
  21 11.1863 118 1.23455
  22 12.1863 115 1.12635
  23 13.1863 126 1.16434
  24 14.1863 124 1.30138
  25 15.1863 113 1.14271
  26 16.1863 123 1.23582
  27 17.1863 116 1.22834
  28 18.1863 121 1.29877
  29 19.1863 111 0.99309
  30 20.1863 109 0.930214
13510000 30 3640
  1 -8.81367 110 1.11239
  2 -7.81367 146 1.32238
  3 -6.81367 117 1.24645
  4 -5.81367 131 1.20177
  5 -4.81367 119 1.17566
  6 -3.81367 134 1.35081
  7 -2.81367 127 1.25896
  8 -1.81367 129 1.21916
  9 -0.813671 112 1.02922
  10 0.186329 107 1.00798
  11 1.18633 111 1.15719
  12 2.18633 127 1.15212
  13 3.18633 137 1.38569
  14 4.18633 126 1.23292
  15 5.18633 131 1.26892
  16 6.18633 116 1.14331
  17 7.18633 126 1.07396
  18 8.18633 99 0.924723
  19 9.18633 166 1.68401
  20 10.1863 109 1.07377
  21 11.1863 114 1.2178
  22 12.1863 126 1.1819
  23 13.1863 125 1.19445
  24 14.1863 123 1.31611
  25 15.1863 107 1.04272
  26 16.1863 128 1.28005
  27 17.1863 115 1.18065
  28 18.1863 114 1.25764
  29 19.1863 116 0.948422
  30 20.1863 92 0.866234
13520000 30 3640
  1 -8.81367 112 1.17133
  2 -7.81367 136 1.33084
  3 -6.81367 129 1.23736
  4 -5.81367 127 1.24349
  5 -4.81367 108 1.06791
  6 -3.81367 141 1.34947
  7 -2.81367 127 1.31707
  8 -1.81367 131 1.28463
  9 -0.813671 120 1.10425
  10 0.186329 98 0.984425
  11 1.18633 106 1.00691
  12 2.18633 124 1.2424
  13 3.18633 137 1.30089
  14 4.18633 124 1.18137
  15 5.18633 131 1.35321
  16 6.18633 115 1.04057
  17 7.18633 127 1.20875
  18 8.18633 115 0.982078
  19 9.18633 138 1.51768
  20 10.1863 135 1.32705
  21 11.1863 108 1.1152
  22 12.1863 117 1.08408
  23 13.1863 126 1.18765
  24 14.1863 126 1.38439
  25 15.1863 115 1.03934
  26 16.1863 122 1.28335
  27 17.1863 122 1.2523
  28 18.1863 110 1.14634
  29 19.1863 109 0.959663
  30 20.1863 104 0.897273
13530000 30 3640
  1 -8.81367 113 1.24306
  2 -7.81367 132 1.26306
  3 -6.81367 119 1.16835
  4 -5.81367 125 1.13852
  5 -4.81367 121 1.16713
  6 -3.81367 126 1.31149
  7 -2.81367 129 1.29785
  8 -1.81367 132 1.23816
  9 -0.813671 119 1.17217
  10 0.186329 113 1.14484
  11 1.18633 105 0.987861
  12 2.18633 132 1.16476
  13 3.18633 126 1.30038
  14 4.18633 121 1.22567
  15 5.18633 130 1.32657
  16 6.18633 126 1.12857
  17 7.18633 110 0.994117
  18 8.18633 126 1.23322
  19 9.18633 141 1.32782
  20 10.1863 119 1.21447
  21 11.1863 117 1.23176
  22 12.1863 120 1.20456
  23 13.1863 118 1.03149
  24 14.1863 125 1.29665
  25 15.1863 98 1.01271
  26 16.1863 124 1.23934
  27 17.1863 121 1.32283
  28 18.1863 110 1.06376
  29 19.1863 126 1.13482
  30 20.1863 116 1.00155
13540000 30 3640
  1 -8.81367 90 0.922697
  2 -7.81367 154 1.48297
  3 -6.81367 107 1.09514
  4 -5.81367 133 1.32641
  5 -4.81367 111 1.02151
  6 -3.81367 138 1.39024
  7 -2.81367 123 1.23152
  8 -1.81367 146 1.42522
  9 -0.813671 106 1.08158
  10 0.186329 112 0.992849
  11 1.18633 115 1.17152
  12 2.18633 131 1.2054
  13 3.18633 117 1.229
  14 4.18633 132 1.24898
  15 5.18633 138 1.41912
  16 6.18633 122 1.13901
  17 7.18633 114 0.979082
  18 8.18633 119 1.14539
  19 9.18633 157 1.61151
  20 10.1863 116 1.17024
  21 11.1863 113 1.22884
  22 12.1863 121 1.0804
  23 13.1863 124 1.30158
  24 14.1863 119 1.26896
  25 15.1863 125 1.08662
  26 16.1863 111 1.1626
  27 17.1863 128 1.41156
  28 18.1863 112 1.07404
  29 19.1863 115 1.0153
  30 20.1863 91 0.801478
13550000 30 3640
  1 -8.81367 98 0.978146
  2 -7.81367 147 1.40484
  3 -6.81367 116 1.17569
  4 -5.81367 130 1.28327
  5 -4.81367 118 1.09074
  6 -3.81367 134 1.35334
  7 -2.81367 129 1.36703
  8 -1.81367 133 1.23704
  9 -0.813671 116 1.13468
  10 0.186329 101 0.939396
  11 1.18633 109 1.11582
  12 2.18633 127 1.26708
  13 3.18633 138 1.32472
  14 4.18633 121 1.16694
  15 5.18633 130 1.31963
  16 6.18633 121 1.08206
  17 7.18633 121 1.1508
  18 8.18633 120 1.03712
  19 9.18633 142 1.4972
  20 10.1863 125 1.26331
  21 11.1863 115 1.22314
  22 12.1863 119 1.19456
  23 13.1863 120 1.22713
  24 14.1863 122 1.17458
  25 15.1863 122 1.1945
  26 16.1863 121 1.30575
  27 17.1863 120 1.19337
  28 18.1863 103 1.08062
  29 19.1863 120 0.999617
  30 20.1863 102 0.954349
13560000 30 3640
  1 -8.81367 94 0.954856
  2 -7.81367 156 1.55107
  3 -6.81367 117 1.10103
  4 -5.81367 119 1.1605
  5 -4.81367 129 1.17554
  6 -3.81367 126 1.22375
  7 -2.81367 135 1.40843
  8 -1.81367 121 1.18659
  9 -0.813671 131 1.21532
  10 0.186329 95 0.929989
  11 1.18633 110 1.05027
  12 2.18633 124 1.2213
  13 3.18633 145 1.39005
  14 4.18633 119 1.19041
  15 5.18633 137 1.2957
  16 6.18633 111 1.04772
  17 7.18633 121 1.08508
  18 8.18633 121 1.13333
  19 9.18633 141 1.49288
  20 10.1863 129 1.26718
  21 11.1863 110 1.17785
  22 12.1863 116 1.08488
  23 13.1863 116 1.03183
  24 14.1863 133 1.34901
  25 15.1863 113 1.07263
  26 16.1863 113 1.29308
  27 17.1863 125 1.20151
  28 18.1863 117 1.22006
  29 19.1863 116 1.00942
  30 20.1863 100 0.903938
13570000 30 3640
  1 -8.81367 94 0.968367
  2 -7.81367 147 1.50827
  3 -6.81367 119 1.01742
  4 -5.81367 131 1.39257
  5 -4.81367 126 1.1969
  6 -3.81367 128 1.276
  7 -2.81367 122 1.24196
  8 -1.81367 130 1.21326
  9 -0.813671 131 1.33761
  10 0.186329 104 0.973403
  11 1.18633 102 1.03744
  12 2.18633 128 1.18823
  13 3.18633 130 1.3851
  14 4.18633 124 1.20703
  15 5.18633 131 1.21703
  16 6.18633 123 1.12035
  17 7.18633 123 1.12539
  18 8.18633 107 1.0136
  19 9.18633 144 1.60494
  20 10.1863 128 1.26844
  21 11.1863 116 1.14535
  22 12.1863 107 1.03111
  23 13.1863 140 1.40665
  24 14.1863 116 1.20072
  25 15.1863 118 1.18805
  26 16.1863 119 1.20436
  27 17.1863 118 1.2283
  28 18.1863 120 1.3437
  29 19.1863 122 1.04382
  30 20.1863 92 0.796349
13580000 32 3640
  1 -9.81367 10 0.0823961
  2 -8.81367 134 1.41301
  3 -7.81367 136 1.29273
  4 -6.81367 108 1.11263
  5 -5.81367 130 1.31531
  6 -4.81367 120 1.07353
  7 -3.81367 124 1.40015
  8 -2.81367 116 1.16079
  9 -1.81367 133 1.26604
  10 -0.813671 127 1.24714
  11 0.186329 103 1.04559
  12 1.18633 100 0.965723
  13 2.18633 120 1.1888
  14 3.18633 135 1.32047
  15 4.18633 112 1.16472
  16 5.18633 127 1.1723
  17 6.18633 118 1.19882
  18 7.18633 128 1.12805
  19 8.18633 117 1.10014
  20 9.18633 140 1.57512
  21 10.1863 133 1.32558
  22 11.1863 109 1.22155
  23 12.1863 112 1.04936
  24 13.1863 118 1.03299
  25 14.1863 131 1.35346
  26 15.1863 119 1.23693
  27 16.1863 113 1.24188
  28 17.1863 123 1.23053
  29 18.1863 112 1.22532
  30 19.1863 117 1.08874
  31 20.1863 105 0.908769
  32 21.1863 10 0.0684686
13590000 30 3640
  1 -8.81367 105 1.04396
  2 -7.81367 143 1.3665
  3 -6.81367 116 1.20949
  4 -5.81367 134 1.39006
  5 -4.81367 118 1.04158
  6 -3.81367 121 1.24333
  7 -2.81367 138 1.39896
  8 -1.81367 119 1.13049
  9 -0.813671 131 1.29378
  10 0.186329 92 0.865805
  11 1.18633 101 1.044
  12 2.18633 127 1.21844
  13 3.18633 132 1.31238
  14 4.18633 124 1.24472
  15 5.18633 121 1.14321
  16 6.18633 124 1.11423
  17 7.18633 118 1.16939
  18 8.18633 126 1.1156
  19 9.18633 141 1.54328
  20 10.1863 127 1.2572
  21 11.1863 116 1.23457
  22 12.1863 116 1.09667
  23 13.1863 127 1.21973
  24 14.1863 125 1.32877
  25 15.1863 123 1.22328
  26 16.1863 105 1.05644
  27 17.1863 128 1.33006
  28 18.1863 120 1.26095
  29 19.1863 114 1.01895
  30 20.1863 108 0.932334
13600000 30 3640
  1 -8.81367 91 0.880653
  2 -7.81367 157 1.61214
  3 -6.81367 114 1.05611
  4 -5.81367 121 1.17414
  5 -4.81367 127 1.19661
  6 -3.81367 138 1.37938
  7 -2.81367 130 1.34208
  8 -1.81367 115 1.06479
  9 -0.813671 138 1.34852
  10 0.186329 106 0.971598
  11 1.18633 102 1.03489
  12 2.18633 128 1.23154
  13 3.18633 133 1.29987
  14 4.18633 122 1.18792
  15 5.18633 129 1.27005
  16 6.18633 119 1.11824
  17 7.18633 126 1.08608
  18 8.18633 119 1.08848
  19 9.18633 145 1.52866
  20 10.1863 120 1.21156
  21 11.1863 120 1.27487
  22 12.1863 107 0.982659
  23 13.1863 119 1.13825
  24 14.1863 134 1.37581
  25 15.1863 118 1.18915
  26 16.1863 118 1.20644
  27 17.1863 125 1.24388
  28 18.1863 123 1.28125
  29 19.1863 112 0.993965
  30 20.1863 84 0.768709
13610000 30 3640
  1 -8.81367 77 0.737471
  2 -7.81367 150 1.40766
  3 -6.81367 109 1.07174
  4 -5.81367 126 1.30047
  5 -4.81367 130 1.24467
  6 -3.81367 125 1.22594
  7 -2.81367 132 1.27951
  8 -1.81367 118 1.15133
  9 -0.813671 134 1.32301
  10 0.186329 110 1.06457
  11 1.18633 102 1.00717
  12 2.18633 120 1.08189
  13 3.18633 135 1.27836
  14 4.18633 135 1.43845
  15 5.18633 136 1.27218
  16 6.18633 126 1.22472
  17 7.18633 122 1.07691
  18 8.18633 108 1.02587
  19 9.18633 147 1.47098
  20 10.1863 128 1.27826
  21 11.1863 122 1.25947
  22 12.1863 121 1.18132
  23 13.1863 141 1.33425
  24 14.1863 112 1.09182
  25 15.1863 107 1.18604
  26 16.1863 129 1.26451
  27 17.1863 127 1.34791
  28 18.1863 108 1.08048
  29 19.1863 116 1.0197
  30 20.1863 87 0.798312
13620000 30 3640
  1 -8.81367 112 1.03707
  2 -7.81367 141 1.3879
  3 -6.81367 115 1.11935
  4 -5.81367 124 1.22668
  5 -4.81367 134 1.37535
  6 -3.81367 108 1.09552
  7 -2.81367 135 1.35667
  8 -1.81367 125 1.1756
  9 -0.813671 125 1.16944
  10 0.186329 92 0.904569
  11 1.18633 113 1.22304
  12 2.18633 118 1.0383
  13 3.18633 128 1.31294
  14 4.18633 123 1.15812
  15 5.18633 134 1.32303
  16 6.18633 122 1.13561
  17 7.18633 116 1.02827
  18 8.18633 125 1.13069
  19 9.18633 136 1.51905
  20 10.1863 128 1.29298
  21 11.1863 118 1.17048
  22 12.1863 114 1.06571
  23 13.1863 118 1.14441
  24 14.1863 123 1.32924
  25 15.1863 122 1.14939
  26 16.1863 117 1.203
  27 17.1863 115 1.20675
  28 18.1863 124 1.33288
  29 19.1863 124 1.10698
  30 20.1863 111 0.973296
13630000 30 3640
  1 -8.81367 86 0.827915
  2 -7.81367 133 1.31834
  3 -6.81367 116 1.08798
  4 -5.81367 132 1.32578
  5 -4.81367 116 1.06444
  6 -3.81367 124 1.27494
  7 -2.81367 133 1.32214
  8 -1.81367 123 1.22918
  9 -0.813671 128 1.09312
  10 0.186329 103 1.05947
  11 1.18633 103 1.06446
  12 2.18633 129 1.14134
  13 3.18633 136 1.36057
  14 4.18633 128 1.2627
  15 5.18633 113 1.06573
  16 6.18633 133 1.20574
  17 7.18633 123 1.12024
  18 8.18633 123 1.23669
  19 9.18633 150 1.56992
  20 10.1863 129 1.19828
  21 11.1863 125 1.28245
  22 12.1863 97 0.882256
  23 13.1863 129 1.29864
  24 14.1863 121 1.09435
  25 15.1863 118 1.34552
  26 16.1863 116 1.13263
  27 17.1863 115 1.14622
  28 18.1863 135 1.30603
  29 19.1863 125 1.18215
  30 20.1863 98 0.903334
13640000 30 3640
  1 -8.81367 97 0.911055
  2 -7.81367 139 1.35896
  3 -6.81367 113 1.07062
  4 -5.81367 137 1.41581
  5 -4.81367 120 1.09422
  6 -3.81367 130 1.29949
  7 -2.81367 137 1.39855
  8 -1.81367 117 1.08547
  9 -0.813671 117 1.10418
  10 0.186329 110 1.1623
  11 1.18633 104 1.0112
  12 2.18633 125 1.07942
  13 3.18633 129 1.35897
  14 4.18633 122 1.13497
  15 5.18633 134 1.26391
  16 6.18633 118 1.0459
  17 7.18633 124 1.16968
  18 8.18633 113 1.00019
  19 9.18633 151 1.6325
  20 10.1863 140 1.42452
  21 11.1863 122 1.27351
  22 12.1863 107 0.948119
  23 13.1863 121 1.13637
  24 14.1863 116 1.14247
  25 15.1863 115 1.17829
  26 16.1863 118 1.26606
  27 17.1863 122 1.26004
  28 18.1863 137 1.27115
  29 19.1863 103 0.975356
  30 20.1863 102 0.888805
13650000 30 3640
  1 -8.81367 97 1.06451
  2 -7.81367 145 1.3864
  3 -6.81367 127 1.21614
  4 -5.81367 123 1.18351
  5 -4.81367 120 1.22472
  6 -3.81367 129 1.23865
  7 -2.81367 135 1.37513
  8 -1.81367 111 1.13707
  9 -0.813671 124 1.12612
  10 0.186329 101 1.01579
  11 1.18633 111 1.06211
  12 2.18633 120 1.16352
  13 3.18633 131 1.25748
  14 4.18633 127 1.31623
  15 5.18633 123 1.15987
  16 6.18633 118 1.16843
  17 7.18633 127 1.11609
  18 8.18633 110 1.08588
  19 9.18633 150 1.51792
  20 10.1863 129 1.25491
  21 11.1863 133 1.43764
  22 12.1863 104 0.939332
  23 13.1863 122 1.26877
  24 14.1863 112 1.11214
  25 15.1863 118 1.19985
  26 16.1863 127 1.29488
  27 17.1863 117 1.22117
  28 18.1863 124 1.22985
  29 19.1863 119 1.02337
  30 20.1863 106 0.984439
13660000 30 3640
  1 -8.81367 113 1.15885
  2 -7.81367 133 1.23029
  3 -6.81367 116 1.1112
  4 -5.81367 132 1.40062
  5 -4.81367 122 1.17635
  6 -3.81367 131 1.28789
  7 -2.81367 127 1.24413
  8 -1.81367 129 1.31414
  9 -0.813671 118 1.11877
  10 0.186329 97 0.939493
  11 1.18633 100 1.00086
  12 2.18633 136 1.24542
  13 3.18633 124 1.23406
  14 4.18633 133 1.36059
  15 5.18633 119 1.17017
  16 6.18633 130 1.1501
  17 7.18633 120 1.15255
  18 8.18633 120 1.19271
  19 9.18633 145 1.47231
  20 10.1863 123 1.29287
  21 11.1863 120 1.21143
  22 12.1863 113 1.05723
  23 13.1863 116 1.18771
  24 14.1863 111 1.0523
  25 15.1863 121 1.24026
  26 16.1863 118 1.17879
  27 17.1863 118 1.30299
  28 18.1863 125 1.26413
  29 19.1863 119 1.05232
  30 20.1863 111 1.02963
13670000 30 3640
  1 -8.81367 92 0.909451
  2 -7.81367 146 1.45707
  3 -6.81367 104 0.999277
  4 -5.81367 139 1.39955
  5 -4.81367 114 1.07039
  6 -3.81367 121 1.26726
  7 -2.81367 133 1.30244
  8 -1.81367 121 1.2
  9 -0.813671 132 1.23637
  10 0.186329 100 0.940747
  11 1.18633 95 0.98057
  12 2.18633 126 1.19525
  13 3.18633 134 1.28741
  14 4.18633 130 1.36713
  15 5.18633 131 1.24514
  16 6.18633 129 1.23747
  17 7.18633 125 1.10169
  18 8.18633 128 1.15286
  19 9.18633 146 1.53431
  20 10.1863 126 1.29485
  21 11.1863 112 1.16013
  22 12.1863 112 1.01424
  23 13.1863 127 1.23634
  24 14.1863 110 1.24003
  25 15.1863 136 1.19022
  26 16.1863 119 1.28472
  27 17.1863 116 1.22387
  28 18.1863 116 1.17633
  29 19.1863 127 1.13411
  30 20.1863 93 0.802211
13680000 30 3640
  1 -8.81367 116 1.21982
  2 -7.81367 139 1.2948
  3 -6.81367 118 1.15752
  4 -5.81367 124 1.20981
  5 -4.81367 115 1.09154
  6 -3.81367 127 1.29454
  7 -2.81367 121 1.25471
  8 -1.81367 133 1.22358
  9 -0.813671 113 1.11155
  10 0.186329 103 0.964554
  11 1.18633 118 1.21865
  12 2.18633 131 1.20132
  13 3.18633 115 1.18864
  14 4.18633 142 1.37072
  15 5.18633 122 1.22481
  16 6.18633 130 1.19004
  17 7.18633 117 1.09533
  18 8.18633 124 1.10541
  19 9.18633 152 1.59735
  20 10.1863 122 1.28579
  21 11.1863 119 1.18622
  22 12.1863 112 0.958282
  23 13.1863 117 1.20623
  24 14.1863 107 1.11524
  25 15.1863 126 1.24353
  26 16.1863 114 1.08652
  27 17.1863 130 1.4342
  28 18.1863 112 1.12638
  29 19.1863 114 0.998196
  30 20.1863 107 0.944567
13690000 30 3640
  1 -8.81367 96 0.965413
  2 -7.81367 138 1.32358
  3 -6.81367 122 1.14692
  4 -5.81367 130 1.26168
  5 -4.81367 125 1.20119
  6 -3.81367 119 1.23198
  7 -2.81367 133 1.26673
  8 -1.81367 132 1.26043
  9 -0.813671 117 1.12478
  10 0.186329 100 0.943298
  11 1.18633 115 1.16678
  12 2.18633 127 1.22713
  13 3.18633 126 1.14457
  14 4.18633 127 1.29005
  15 5.18633 138 1.36916
  16 6.18633 120 1.06795
  17 7.18633 122 1.10012
  18 8.18633 123 1.13224
  19 9.18633 147 1.55176
  20 10.1863 119 1.17279
  21 11.1863 125 1.27773
  22 12.1863 106 0.932218
  23 13.1863 121 1.195
  24 14.1863 124 1.28524
  25 15.1863 126 1.28517
  26 16.1863 131 1.23087
  27 17.1863 119 1.23832
  28 18.1863 114 1.11604
  29 19.1863 109 0.966769
  30 20.1863 89 0.796304
13700000 30 3640
  1 -8.81367 103 1.13491
  2 -7.81367 134 1.23635
  3 -6.81367 122 1.20542
  4 -5.81367 116 1.1213
  5 -4.81367 139 1.26355
  6 -3.81367 125 1.3178
  7 -2.81367 131 1.29933
  8 -1.81367 125 1.18065
  9 -0.813671 106 1.00039
  10 0.186329 115 1.11765
  11 1.18633 107 1.06456
  12 2.18633 125 1.17459
  13 3.18633 129 1.27468
  14 4.18633 127 1.2944
  15 5.18633 126 1.17456
  16 6.18633 123 1.06208
  17 7.18633 119 1.08929
  18 8.18633 115 1.11272
  19 9.18633 146 1.53047
  20 10.1863 127 1.2586
  21 11.1863 117 1.17695
  22 12.1863 115 1.02248
  23 13.1863 112 1.13867
  24 14.1863 123 1.19199
  25 15.1863 135 1.31297
  26 16.1863 110 1.16572
  27 17.1863 121 1.21781
  28 18.1863 121 1.22278
  29 19.1863 123 1.08807
  30 20.1863 103 0.871677
13710000 32 3640
  1 -9.81367 2 0.00253406
  2 -8.81367 131 1.28628
  3 -7.81367 123 1.20061
  4 -6.81367 122 1.1994
  5 -5.81367 120 1.1892
  6 -4.81367 119 1.17289
  7 -3.81367 121 1.26723
  8 -2.81367 127 1.30005
  9 -1.81367 126 1.24712
  10 -0.813671 118 1.07241
  11 0.186329 97 0.998133
  12 1.18633 100 0.970369
  13 2.18633 133 1.22717
  14 3.18633 134 1.38313
  15 4.18633 115 1.19058
  16 5.18633 125 1.16171
  17 6.18633 121 1.1578
  18 7.18633 122 1.11264
  19 8.18633 112 1.00817
  20 9.18633 142 1.5391
  21 10.1863 132 1.30016
  22 11.1863 118 1.30117
  23 12.1863 126 1.1063
  24 13.1863 107 1.1427
  25 14.1863 127 1.26121
  26 15.1863 115 1.21188
  27 16.1863 122 1.26224
  28 17.1863 117 1.22959
  29 18.1863 128 1.26357
  30 19.1863 122 1.12518
  31 20.1863 113 1.04842
  32 21.1863 3 0.0176322
13720000 30 3640
  1 -8.81367 105 1.09484
  2 -7.81367 129 1.16381
  3 -6.81367 110 1.1374
  4 -5.81367 135 1.289
  5 -4.81367 120 1.0899
  6 -3.81367 120 1.32514
  7 -2.81367 130 1.28902
  8 -1.81367 139 1.41416
  9 -0.813671 111 0.981081
  10 0.186329 100 0.938434
  11 1.18633 116 1.20259
  12 2.18633 139 1.30786
  13 3.18633 113 1.12109
  14 4.18633 128 1.25537
  15 5.18633 122 1.17494
  16 6.18633 132 1.22022
  17 7.18633 116 1.15499
  18 8.18633 120 1.11754
  19 9.18633 141 1.47937
  20 10.1863 136 1.35789
  21 11.1863 112 1.16491
  22 12.1863 114 1.0999
  23 13.1863 117 1.05614
  24 14.1863 130 1.33791
  25 15.1863 111 1.1662
  26 16.1863 117 1.2638
  27 17.1863 129 1.33295
  28 18.1863 125 1.15885
  29 19.1863 121 1.13996
  30 20.1863 102 0.954621
13730000 30 3640
  1 -8.81367 89 0.900856
  2 -7.81367 150 1.46994
  3 -6.81367 110 1.05734
  4 -5.81367 128 1.2747
  5 -4.81367 120 1.13565
  6 -3.81367 120 1.16791
  7 -2.81367 132 1.37286
  8 -1.81367 129 1.26229
  9 -0.813671 120 1.16306
  10 0.186329 107 0.980468
  11 1.18633 110 1.04132
  12 2.18633 129 1.18793
  13 3.18633 122 1.23632
  14 4.18633 132 1.44124
  15 5.18633 129 1.08359
  16 6.18633 129 1.22756
  17 7.18633 112 1.06855
  18 8.18633 128 1.15937
  19 9.18633 142 1.44998
  20 10.1863 129 1.29717
  21 11.1863 111 1.19272
  22 12.1863 117 1.10208
  23 13.1863 120 1.18657
  24 14.1863 131 1.33208
  25 15.1863 121 1.194
  26 16.1863 123 1.25607
  27 17.1863 123 1.27363
  28 18.1863 112 1.04372
  29 19.1863 120 1.08974
  30 20.1863 95 0.849888
13740000 30 3640
  1 -8.81367 99 1.0038
  2 -7.81367 140 1.32646
  3 -6.81367 123 1.22706
  4 -5.81367 126 1.17873
  5 -4.81367 128 1.22708
  6 -3.81367 128 1.30771
  7 -2.81367 114 1.16499
  8 -1.81367 141 1.32642
  9 -0.813671 114 1.02629
  10 0.186329 107 1.11914
  11 1.18633 110 1.05104
  12 2.18633 133 1.29914
  13 3.18633 118 1.12669
  14 4.18633 129 1.26687
  15 5.18633 136 1.27423
  16 6.18633 111 1.14275
  17 7.18633 134 1.15285
  18 8.18633 110 1.01008
  19 9.18633 157 1.61053
  20 10.1863 120 1.19357
  21 11.1863 113 1.19105
  22 12.1863 123 1.13784
  23 13.1863 118 1.18623
  24 14.1863 126 1.19617
  25 15.1863 116 1.20478
  26 16.1863 121 1.31878
  27 17.1863 125 1.16893
  28 18.1863 108 1.14394
  29 19.1863 115 0.9977
  30 20.1863 97 0.868593
13750000 32 3640
  1 -9.81367 2 0.00252449
  2 -8.81367 117 1.25376
  3 -7.81367 140 1.35158
  4 -6.81367 117 1.22726
  5 -5.81367 129 1.22751
  6 -4.81367 129 1.21743
  7 -3.81367 120 1.29628
  8 -2.81367 128 1.22366
  9 -1.81367 118 1.12337
  10 -0.813671 119 1.19862
  11 0.186329 110 1.06709
  12 1.18633 99 0.96923
  13 2.18633 142 1.38801
  14 3.18633 124 1.19994
  15 4.18633 115 1.18723
  16 5.18633 119 1.08464
  17 6.18633 122 1.17475
  18 7.18633 122 1.20994
  19 8.18633 122 1.16231
  20 9.18633 139 1.34278
  21 10.1863 131 1.33652
  22 11.1863 119 1.27875
  23 12.1863 114 1.07199
  24 13.1863 114 1.14732
  25 14.1863 119 1.151
  26 15.1863 116 1.21735
  27 16.1863 119 1.13342
  28 17.1863 107 1.11083
  29 18.1863 136 1.4656
  30 19.1863 117 1.09584
  31 20.1863 111 0.899156
  32 21.1863 4 0.00504902
13760000 30 3640
  1 -8.81367 109 1.0948
  2 -7.81367 144 1.34126
  3 -6.81367 117 1.16328
  4 -5.81367 129 1.1956
  5 -4.81367 122 1.15086
  6 -3.81367 124 1.30744
  7 -2.81367 128 1.30506
  8 -1.81367 123 1.16946
  9 -0.813671 127 1.16841
  10 0.186329 102 1.02401
  11 1.18633 111 1.09611
  12 2.18633 128 1.17081
  13 3.18633 134 1.36732
  14 4.18633 124 1.19944
  15 5.18633 129 1.26026
  16 6.18633 126 1.10989
  17 7.18633 116 1.13958
  18 8.18633 116 1.11986
  19 9.18633 138 1.33993
  20 10.1863 135 1.38348
  21 11.1863 119 1.29379
  22 12.1863 109 0.980462
  23 13.1863 111 1.06996
  24 14.1863 115 1.20813
  25 15.1863 124 1.15709
  26 16.1863 114 1.1781
  27 17.1863 113 1.18318
  28 18.1863 135 1.32383
  29 19.1863 115 1.01904
  30 20.1863 103 1.02516
13770000 30 3640
  1 -8.81367 96 0.866805
  2 -7.81367 146 1.45913
  3 -6.81367 107 1.05223
  4 -5.81367 140 1.33901
  5 -4.81367 130 1.24639
  6 -3.81367 114 1.15105
  7 -2.81367 127 1.30198
  8 -1.81367 136 1.29946
  9 -0.813671 122 1.13521
  10 0.186329 100 1.02141
  11 1.18633 110 0.955966
  12 2.18633 122 1.24884
  13 3.18633 136 1.23525
  14 4.18633 122 1.23279
  15 5.18633 133 1.21798
  16 6.18633 130 1.21552
  17 7.18633 124 1.15492
  18 8.18633 117 1.09442
  19 9.18633 153 1.59121
  20 10.1863 121 1.2698
  21 11.1863 127 1.25009
  22 12.1863 101 0.955798
  23 13.1863 129 1.20074
  24 14.1863 111 1.15243
  25 15.1863 124 1.25867
  26 16.1863 116 1.11524
  27 17.1863 112 1.1969
  28 18.1863 127 1.29213
  29 19.1863 115 0.965794
  30 20.1863 92 0.84951
13780000 30 3640
  1 -8.81367 96 0.900623
  2 -7.81367 137 1.3838
  3 -6.81367 119 1.1129
  4 -5.81367 127 1.27381
  5 -4.81367 124 1.25014
  6 -3.81367 132 1.33131
  7 -2.81367 133 1.33262
  8 -1.81367 123 1.1353
  9 -0.813671 125 1.27402
  10 0.186329 110 1.01923
  11 1.18633 93 0.951754
  12 2.18633 132 1.23662
  13 3.18633 131 1.2752
  14 4.18633 126 1.25639
  15 5.18633 123 1.18164
  16 6.18633 126 1.21893
  17 7.18633 124 1.1254
  18 8.18633 113 1.08174
  19 9.18633 156 1.59986
  20 10.1863 121 1.19146
  21 11.1863 117 1.28505
  22 12.1863 112 1.01051
  23 13.1863 127 1.1716
  24 14.1863 124 1.37387
  25 15.1863 122 1.20147
  26 16.1863 108 1.04661
  27 17.1863 129 1.47122
  28 18.1863 118 1.07291
  29 19.1863 120 1.03554
  30 20.1863 92 0.881762
13790000 30 3640
  1 -8.81367 92 0.871451
  2 -7.81367 136 1.27921
  3 -6.81367 128 1.25681
  4 -5.81367 123 1.16677
  5 -4.81367 128 1.22718
  6 -3.81367 131 1.34331
  7 -2.81367 128 1.2791
  8 -1.81367 124 1.16295
  9 -0.813671 107 1.0692
  10 0.186329 113 1.04439
  11 1.18633 100 1.00602
  12 2.18633 127 1.18538
  13 3.18633 128 1.30258
  14 4.18633 130 1.26057
  15 5.18633 139 1.28426
  16 6.18633 127 1.18646
  17 7.18633 125 1.11487
  18 8.18633 118 1.10007
  19 9.18633 157 1.5881
  20 10.1863 119 1.24196
  21 11.1863 119 1.24807
  22 12.1863 119 1.10131
  23 13.1863 114 1.03451
  24 14.1863 122 1.32492
  25 15.1863 129 1.18403
  26 16.1863 108 1.09864
  27 17.1863 128 1.37801
  28 18.1863 123 1.17283
  29 19.1863 113 0.967859
  30 20.1863 85 0.829191
13800000 30 3640
  1 -8.81367 97 0.987071
  2 -7.81367 139 1.28969
  3 -6.81367 112 1.0763
  4 -5.81367 138 1.32558
  5 -4.81367 118 1.07885
  6 -3.81367 129 1.41462
  7 -2.81367 125 1.24871
  8 -1.81367 128 1.2375
  9 -0.813671 117 1.09755
  10 0.186329 110 1.07885
  11 1.18633 103 1.02315
  12 2.18633 131 1.17443
  13 3.18633 130 1.38259
  14 4.18633 140 1.31312
  15 5.18633 118 1.18304
  16 6.18633 133 1.18181
  17 7.18633 116 1.03922
  18 8.18633 111 1.06281
  19 9.18633 142 1.45203
  20 10.1863 142 1.38878
  21 11.1863 109 1.13576
  22 12.1863 113 1.04907
  23 13.1863 119 1.27351
  24 14.1863 129 1.21287
  25 15.1863 126 1.24868
  26 16.1863 119 1.19653
  27 17.1863 115 1.19178
  28 18.1863 125 1.22387
  29 19.1863 122 1.07397
  30 20.1863 84 0.786169
13810000 30 3640
  1 -8.81367 107 0.979772
  2 -7.81367 138 1.38533
  3 -6.81367 119 1.17003
  4 -5.81367 129 1.20853
  5 -4.81367 129 1.20482
  6 -3.81367 128 1.37775
  7 -2.81367 128 1.23201
  8 -1.81367 137 1.3136
  9 -0.813671 112 1.14549
  10 0.186329 101 0.867202
  11 1.18633 98 1.07368
  12 2.18633 131 1.14432
  13 3.18633 132 1.27284
  14 4.18633 124 1.24673
  15 5.18633 132 1.24945
  16 6.18633 129 1.21961
  17 7.18633 111 1.01682
  18 8.18633 126 1.13815
  19 9.18633 142 1.47561
  20 10.1863 130 1.33827
  21 11.1863 102 1.09088
  22 12.1863 127 1.12442
  23 13.1863 115 1.18129
  24 14.1863 119 1.1542
  25 15.1863 127 1.25676
  26 16.1863 107 1.05007
  27 17.1863 123 1.25671
  28 18.1863 125 1.28771
  29 19.1863 124 0.990953
  30 20.1863 88 0.886868
13820000 30 3640
  1 -8.81367 88 0.927653
  2 -7.81367 135 1.32304
  3 -6.81367 122 1.15379
  4 -5.81367 128 1.24262
  5 -4.81367 125 1.15752
  6 -3.81367 126 1.2056
  7 -2.81367 133 1.38218
  8 -1.81367 125 1.22531
  9 -0.813671 118 1.19096
  10 0.186329 112 0.974758
  11 1.18633 102 1.0365
  12 2.18633 127 1.25135
  13 3.18633 143 1.26993
  14 4.18633 131 1.32298
  15 5.18633 135 1.28604
  16 6.18633 127 1.19573
  17 7.18633 118 1.04148
  18 8.18633 118 1.08969
  19 9.18633 156 1.59342
  20 10.1863 117 1.21915
  21 11.1863 120 1.22907
  22 12.1863 115 1.1081
  23 13.1863 130 1.21809
  24 14.1863 124 1.28225
  25 15.1863 122 1.16117
  26 16.1863 111 1.11168
  27 17.1863 130 1.41563
  28 18.1863 113 1.07718
  29 19.1863 113 1.00684
  30 20.1863 76 0.593088
13830000 30 3640
  1 -8.81367 107 1.03327
  2 -7.81367 137 1.33544
  3 -6.81367 109 1.05305
  4 -5.81367 139 1.42018
  5 -4.81367 104 0.951947
  6 -3.81367 144 1.48152
  7 -2.81367 120 1.19791
  8 -1.81367 137 1.32912
  9 -0.813671 113 0.97212
  10 0.186329 105 1.06678
  11 1.18633 110 1.09062
  12 2.18633 135 1.31183
  13 3.18633 126 1.24171
  14 4.18633 114 1.14674
  15 5.18633 132 1.26304
  16 6.18633 123 1.16178
  17 7.18633 125 1.09445
  18 8.18633 119 1.23425
  19 9.18633 152 1.58391
  20 10.1863 125 1.22548
  21 11.1863 112 1.22908
  22 12.1863 114 0.981942
  23 13.1863 112 1.05955
  24 14.1863 134 1.3916
  25 15.1863 107 1.00691
  26 16.1863 115 1.22654
  27 17.1863 121 1.27049
  28 18.1863 124 1.32286
  29 19.1863 106 0.883335
  30 20.1863 119 1.12303
13840000 30 3640
  1 -8.81367 96 0.94955
  2 -7.81367 146 1.44723
  3 -6.81367 118 1.17156
  4 -5.81367 131 1.28201
  5 -4.81367 119 1.13812
  6 -3.81367 132 1.28207
  7 -2.81367 133 1.3739
  8 -1.81367 128 1.20759
  9 -0.813671 112 1.08988
  10 0.186329 108 1.00166
  11 1.18633 99 1.01908
  12 2.18633 127 1.12958
  13 3.18633 136 1.36763
  14 4.18633 118 1.2238
  15 5.18633 120 1.10966
  16 6.18633 141 1.25239
  17 7.18633 113 1.1319
  18 8.18633 115 1.0278
  19 9.18633 150 1.47076
  20 10.1863 134 1.39007
  21 11.1863 109 1.18143
  22 12.1863 128 1.0998
  23 13.1863 110 1.15795
  24 14.1863 140 1.4423
  25 15.1863 118 1.06244
  26 16.1863 114 1.22113
  27 17.1863 122 1.30203
  28 18.1863 116 1.2001
  29 19.1863 116 0.948438
  30 20.1863 91 0.778238
13850000 30 3640
  1 -8.81367 83 0.784853
  2 -7.81367 154 1.5697
  3 -6.81367 114 1.09656
  4 -5.81367 131 1.2742
  5 -4.81367 126 1.20788
  6 -3.81367 129 1.33298
  7 -2.81367 120 1.22539
  8 -1.81367 140 1.33309
  9 -0.813671 110 1.12288
  10 0.186329 101 0.915146
  11 1.18633 102 1.06525
  12 2.18633 125 1.17298
  13 3.18633 137 1.29302
  14 4.18633 132 1.40315
  15 5.18633 123 1.09295
  16 6.18633 122 1.15908
  17 7.18633 130 1.2205
  18 8.18633 115 1.11417
  19 9.18633 158 1.65847
  20 10.1863 119 1.23285
  21 11.1863 114 1.14037
  22 12.1863 113 1.07024
  23 13.1863 118 1.11915
  24 14.1863 122 1.33558
  25 15.1863 121 1.14785
  26 16.1863 122 1.17034
  27 17.1863 123 1.33808
  28 18.1863 117 1.21164
  29 19.1863 122 1.01034
  30 20.1863 97 0.94381
13860000 30 3640
  1 -8.81367 80 0.720433
  2 -7.81367 151 1.50484
  3 -6.81367 120 1.18538
  4 -5.81367 133 1.27413
  5 -4.81367 119 1.12491
  6 -3.81367 130 1.28396
  7 -2.81367 128 1.25204
  8 -1.81367 122 1.20252
  9 -0.813671 128 1.18191
  10 0.186329 106 1.03612
  11 1.18633 98 0.959735
  12 2.18633 118 1.08319
  13 3.18633 134 1.31982
  14 4.18633 130 1.28028
  15 5.18633 129 1.22869
  16 6.18633 128 1.20878
  17 7.18633 128 1.16448
  18 8.18633 113 1.02276
  19 9.18633 159 1.60352
  20 10.1863 118 1.17052
  21 11.1863 125 1.34931
  22 12.1863 118 1.03747
  23 13.1863 119 1.20389
  24 14.1863 127 1.25828
  25 15.1863 124 1.20263
  26 16.1863 129 1.31234
  27 17.1863 114 1.23225
  28 18.1863 128 1.14846
  29 19.1863 112 0.951182
  30 20.1863 72 0.737611
13870000 30 3640
  1 -8.81367 92 0.929
  2 -7.81367 145 1.4845
  3 -6.81367 120 1.08554
  4 -5.81367 127 1.27629
  5 -4.81367 133 1.24683
  6 -3.81367 123 1.25288
  7 -2.81367 131 1.28875
  8 -1.81367 121 1.07683
  9 -0.813671 118 1.17412
  10 0.186329 106 1.01784
  11 1.18633 107 1.0313
  12 2.18633 123 1.16437
  13 3.18633 125 1.15448
  14 4.18633 120 1.26034
  15 5.18633 135 1.29495
  16 6.18633 120 1.05223
  17 7.18633 120 1.07322
  18 8.18633 111 1.11259
  19 9.18633 152 1.43289
  20 10.1863 124 1.31332
  21 11.1863 124 1.28743
  22 12.1863 118 1.06202
  23 13.1863 124 1.20378
  24 14.1863 118 1.18285
  25 15.1863 132 1.26536
  26 16.1863 124 1.27389
  27 17.1863 114 1.20001
  28 18.1863 121 1.18151
  29 19.1863 119 0.974747
  30 20.1863 93 0.846443
13880000 30 3640
  1 -8.81367 111 1.09772
  2 -7.81367 142 1.40407
  3 -6.81367 121 1.20099
  4 -5.81367 123 1.13557
  5 -4.81367 117 1.09272
  6 -3.81367 121 1.27656
  7 -2.81367 131 1.38244
  8 -1.81367 130 1.24643
  9 -0.813671 116 1.08403
  10 0.186329 100 1.04355
  11 1.18633 117 1.15962
  12 2.18633 122 1.16716
  13 3.18633 135 1.35852
  14 4.18633 117 1.15822
  15 5.18633 134 1.32969
  16 6.18633 112 1.03349
  17 7.18633 137 1.33088
  18 8.18633 101 0.80308
  19 9.18633 154 1.65722
  20 10.1863 120 1.29802
  21 11.1863 124 1.32699
  22 12.1863 106 0.879836
  23 13.1863 119 1.29429
  24 14.1863 110 1.13057
  25 15.1863 124 1.18095
  26 16.1863 114 1.1657
  27 17.1863 130 1.35226
  28 18.1863 120 1.30319
  29 19.1863 122 1.06003
  30 20.1863 110 1.05368
13890000 30 3640
  1 -8.81367 88 0.927767
  2 -7.81367 146 1.39422
  3 -6.81367 109 1.07776
  4 -5.81367 130 1.2242
  5 -4.81367 129 1.26384
  6 -3.81367 128 1.24896
  7 -2.81367 135 1.33954
  8 -1.81367 128 1.26131
  9 -0.813671 121 1.17349
  10 0.186329 107 1.00844
  11 1.18633 106 1.0184
  12 2.18633 131 1.23423
  13 3.18633 145 1.34214
  14 4.18633 121 1.30586
  15 5.18633 130 1.22805
  16 6.18633 117 1.08528
  17 7.18633 119 1.07423
  18 8.18633 120 1.17092
  19 9.18633 159 1.57772
  20 10.1863 121 1.20801
  21 11.1863 118 1.26378
  22 12.1863 115 1.03073
  23 13.1863 123 1.20325
  24 14.1863 121 1.22555
  25 15.1863 116 1.18686
  26 16.1863 127 1.25512
  27 17.1863 122 1.31347
  28 18.1863 113 1.12626
  29 19.1863 118 0.99614
  30 20.1863 77 0.671043
13900000 30 3640
  1 -8.81367 83 0.878739
  2 -7.81367 160 1.51329
  3 -6.81367 115 1.16914
  4 -5.81367 127 1.1978
  5 -4.81367 125 1.14932
  6 -3.81367 131 1.38339
  7 -2.81367 118 1.21901
  8 -1.81367 134 1.25265
  9 -0.813671 106 1.01102
  10 0.186329 120 1.15809
  11 1.18633 101 1.02208
  12 2.18633 128 1.17057
  13 3.18633 131 1.24157
  14 4.18633 127 1.34725
  15 5.18633 133 1.29517
  16 6.18633 116 1.08443
  17 7.18633 123 1.13063
  18 8.18633 121 1.0373
  19 9.18633 152 1.57546
  20 10.1863 125 1.25514
  21 11.1863 117 1.29241
  22 12.1863 117 1.03337
  23 13.1863 116 1.20782
  24 14.1863 124 1.28277
  25 15.1863 127 1.14678
  26 16.1863 112 1.17401
  27 17.1863 130 1.38734
  28 18.1863 111 1.11806
  29 19.1863 123 1.05837
  30 20.1863 87 0.818929
13910000 30 3640
  1 -8.81367 103 1.02791
  2 -7.81367 132 1.37847
  3 -6.81367 121 1.13898
  4 -5.81367 116 1.20116
  5 -4.81367 135 1.16282
  6 -3.81367 129 1.36089
  7 -2.81367 131 1.30354
  8 -1.81367 122 1.23363
  9 -0.813671 122 1.13413
  10 0.186329 99 1.01543
  11 1.18633 111 1.03184
  12 2.18633 127 1.21636
  13 3.18633 137 1.34844
  14 4.18633 119 1.16647
  15 5.18633 136 1.32115
  16 6.18633 115 1.14138
  17 7.18633 134 1.14537
  18 8.18633 109 1.09277
  19 9.18633 148 1.43834
  20 10.1863 115 1.20635
  21 11.1863 117 1.21244
  22 12.1863 118 1.08908
  23 13.1863 119 1.18515
  24 14.1863 121 1.3486
  25 15.1863 124 1.16759
  26 16.1863 112 1.17511
  27 17.1863 124 1.25621
  28 18.1863 124 1.25491
  29 19.1863 117 0.957018
  30 20.1863 103 0.929407
13920000 30 3640
  1 -8.81367 97 0.928313
  2 -7.81367 148 1.47607
  3 -6.81367 112 1.15021
  4 -5.81367 119 1.10047
  5 -4.81367 115 1.07925
  6 -3.81367 144 1.48709
  7 -2.81367 126 1.22149
  8 -1.81367 128 1.26997
  9 -0.813671 123 1.26024
  10 0.186329 104 0.914652
  11 1.18633 105 1.07553
  12 2.18633 137 1.26407
  13 3.18633 131 1.35601
  14 4.18633 123 1.10311
  15 5.18633 133 1.3612
  16 6.18633 129 1.16539
  17 7.18633 117 1.12041
  18 8.18633 112 0.997031
  19 9.18633 149 1.58692
  20 10.1863 126 1.24523
  21 11.1863 117 1.25252
  22 12.1863 105 0.976924
  23 13.1863 122 1.23649
  24 14.1863 127 1.24525
  25 15.1863 127 1.25017
  26 16.1863 114 1.22013
  27 17.1863 129 1.34494
  28 18.1863 113 1.04563
  29 19.1863 121 1.09176
  30 20.1863 87 0.819717
13930000 30 3640
  1 -8.81367 89 0.925582
  2 -7.81367 151 1.41504
  3 -6.81367 112 1.08537
  4 -5.81367 138 1.39019
  5 -4.81367 120 1.0474
  6 -3.81367 130 1.31646
  7 -2.81367 126 1.28082
  8 -1.81367 131 1.21696
  9 -0.813671 122 1.15805
  10 0.186329 100 0.963864
  11 1.18633 103 1.078
  12 2.18633 135 1.21462
  13 3.18633 132 1.21707
  14 4.18633 114 1.16171
  15 5.18633 127 1.20835
  16 6.18633 129 1.15927
  17 7.18633 125 1.16783
  18 8.18633 116 1.07202
  19 9.18633 150 1.53656
  20 10.1863 128 1.24888
  21 11.1863 126 1.31401
  22 12.1863 115 1.05106
  23 13.1863 125 1.24527
  24 14.1863 121 1.18143
  25 15.1863 120 1.21196
  26 16.1863 113 1.16527
  27 17.1863 135 1.38295
  28 18.1863 104 0.977279
  29 19.1863 123 1.00696
  30 20.1863 80 0.720361
13940000 30 3640
  1 -8.81367 98 0.998933
  2 -7.81367 140 1.30954
  3 -6.81367 114 1.16837
  4 -5.81367 128 1.21297
  5 -4.81367 120 1.03985
  6 -3.81367 133 1.42078
  7 -2.81367 139 1.38996
  8 -1.81367 124 1.17338
  9 -0.813671 117 1.11409
  10 0.186329 107 1.05713
  11 1.18633 97 0.886351
  12 2.18633 135 1.28862
  13 3.18633 131 1.30084
  14 4.18633 123 1.22665
  15 5.18633 129 1.21308
  16 6.18633 126 1.23768
  17 7.18633 130 1.13772
  18 8.18633 118 1.06576
  19 9.18633 146 1.58425
  20 10.1863 127 1.24395
  21 11.1863 114 1.14358
  22 12.1863 112 1.09425
  23 13.1863 121 1.18088
  24 14.1863 120 1.21798
  25 15.1863 124 1.25505
  26 16.1863 118 1.16477
  27 17.1863 113 1.13631
  28 18.1863 127 1.22167
  29 19.1863 118 1.03983
  30 20.1863 91 0.83925
13950000 30 3640
  1 -8.81367 84 0.873112
  2 -7.81367 147 1.31555
  3 -6.81367 103 1.19526
  4 -5.81367 136 1.24546
  5 -4.81367 125 1.21292
  6 -3.81367 129 1.31405
  7 -2.81367 134 1.35163
  8 -1.81367 125 1.24784
  9 -0.813671 119 1.14559
  10 0.186329 107 0.949538
  11 1.18633 98 1.05188
  12 2.18633 129 1.16055
  13 3.18633 138 1.28552
  14 4.18633 121 1.34533
  15 5.18633 129 1.17056
  16 6.18633 135 1.28668
  17 7.18633 113 1.13545
  18 8.18633 125 1.08822
  19 9.18633 133 1.39161
  20 10.1863 131 1.33905
  21 11.1863 123 1.26537
  22 12.1863 112 1.0868
  23 13.1863 118 1.21297
  24 14.1863 122 1.1906
  25 15.1863 131 1.28165
  26 16.1863 107 1.13045
  27 17.1863 127 1.30532
  28 18.1863 123 1.12817
  29 19.1863 131 1.21301
  30 20.1863 85 0.769605
13960000 30 3640
  1 -8.81367 91 0.892087
  2 -7.81367 145 1.30119
  3 -6.81367 113 1.17618
  4 -5.81367 132 1.29108
  5 -4.81367 121 1.16265
  6 -3.81367 137 1.33193
  7 -2.81367 119 1.24907
  8 -1.81367 127 1.17504
  9 -0.813671 114 1.10839
  10 0.186329 110 1.00458
  11 1.18633 103 1.08989
  12 2.18633 137 1.24558
  13 3.18633 133 1.27761
  14 4.18633 119 1.1861
  15 5.18633 127 1.17396
  16 6.18633 127 1.22316
  17 7.18633 120 1.07629
  18 8.18633 122 1.17266
  19 9.18633 162 1.65316
  20 10.1863 117 1.13052
  21 11.1863 125 1.27745
  22 12.1863 112 1.04293
  23 13.1863 123 1.19121
  24 14.1863 115 1.17625
  25 15.1863 128 1.31705
  26 16.1863 122 1.15652
  27 17.1863 121 1.30479
  28 18.1863 126 1.15038
  29 19.1863 113 1.01327
  30 20.1863 79 0.750027
13970000 30 3640
  1 -8.81367 102 1.05518
  2 -7.81367 144 1.35732
  3 -6.81367 110 1.10253
  4 -5.81367 132 1.31728
  5 -4.81367 109 1.02385
  6 -3.81367 130 1.3784
  7 -2.81367 117 1.1513
  8 -1.81367 124 1.17248
  9 -0.813671 125 1.20257
  10 0.186329 110 1.02019
  11 1.18633 110 1.13514
  12 2.18633 126 1.15386
  13 3.18633 126 1.26249
  14 4.18633 116 1.14746
  15 5.18633 131 1.30618
  16 6.18633 127 1.14383
  17 7.18633 117 1.10759
  18 8.18633 123 1.12016
  19 9.18633 151 1.60826
  20 10.1863 128 1.23866
  21 11.1863 125 1.31848
  22 12.1863 105 0.961589
  23 13.1863 126 1.30983
  24 14.1863 124 1.26123
  25 15.1863 123 1.19369
  26 16.1863 110 1.14991
  27 17.1863 131 1.27241
  28 18.1863 121 1.25621
  29 19.1863 118 1.07892
  30 20.1863 99 0.867886
13980000 30 3640
  1 -8.81367 102 0.9663
  2 -7.81367 134 1.3883
  3 -6.81367 121 1.19855
  4 -5.81367 138 1.34804
  5 -4.81367 114 1.05792
  6 -3.81367 129 1.29782
  7 -2.81367 124 1.27894
  8 -1.81367 130 1.28398
  9 -0.813671 124 1.26774
  10 0.186329 101 0.88464
  11 1.18633 109 1.10448
  12 2.18633 124 1.14211
  13 3.18633 136 1.41094
  14 4.18633 127 1.2966
  15 5.18633 133 1.22889
  16 6.18633 134 1.23752
  17 7.18633 109 1.04789
  18 8.18633 124 1.24767
  19 9.18633 153 1.47381
  20 10.1863 117 1.2136
  21 11.1863 116 1.25502
  22 12.1863 117 1.08559
  23 13.1863 113 1.14585
  24 14.1863 133 1.3294
  25 15.1863 108 1.11307
  26 16.1863 129 1.3493
  27 17.1863 118 1.22377
  28 18.1863 110 1.08048
  29 19.1863 111 0.970076
  30 20.1863 102 0.967405
13990000 30 3640
  1 -8.81367 102 1.0955
  2 -7.81367 141 1.35086
  3 -6.81367 117 1.18511
  4 -5.81367 130 1.28881
  5 -4.81367 118 1.16362
  6 -3.81367 126 1.23077
  7 -2.81367 122 1.24195
  8 -1.81367 131 1.31667
  9 -0.813671 119 1.1107
  10 0.186329 102 1.04987
  11 1.18633 97 1.0082
  12 2.18633 133 1.27
  13 3.18633 133 1.34833
  14 4.18633 115 1.13839
  15 5.18633 136 1.21183
  16 6.18633 113 1.19649
  17 7.18633 128 1.17262
  18 8.18633 120 1.07913
  19 9.18633 150 1.60624
  20 10.1863 123 1.24332
  21 11.1863 117 1.24958
  22 12.1863 121 1.12967
  23 13.1863 121 1.21424
  24 14.1863 129 1.41919
  25 15.1863 120 1.22812
  26 16.1863 125 1.17002
  27 17.1863 119 1.3938
  28 18.1863 120 1.13212
  29 19.1863 111 0.975308
  30 20.1863 101 0.917044
14000000 30 3640
  1 -8.81367 88 0.89638
  2 -7.81367 159 1.49169
  3 -6.81367 108 1.14924
  4 -5.81367 133 1.251
  5 -4.81367 121 1.10231
  6 -3.81367 125 1.33397
  7 -2.81367 130 1.24853
  8 -1.81367 125 1.20635
  9 -0.813671 124 1.2052
  10 0.186329 115 1.10119
  11 1.18633 103 1.00555
  12 2.18633 130 1.24369
  13 3.18633 135 1.34147
  14 4.18633 130 1.2623
  15 5.18633 129 1.17052
  16 6.18633 114 1.11461
  17 7.18633 124 1.12215
  18 8.18633 126 1.04921
  19 9.18633 138 1.60663
  20 10.1863 136 1.31052
  21 11.1863 115 1.24101
  22 12.1863 116 1.0354
  23 13.1863 116 1.16549
  24 14.1863 131 1.33415
  25 15.1863 110 1.05511
  26 16.1863 116 1.1927
  27 17.1863 116 1.17793
  28 18.1863 119 1.17289
  29 19.1863 112 0.977132
  30 20.1863 96 0.859306
14010000 30 3640
  1 -8.81367 85 0.844364
  2 -7.81367 142 1.35132
  3 -6.81367 119 1.16461
  4 -5.81367 139 1.2956
  5 -4.81367 121 1.22632
  6 -3.81367 136 1.37338
  7 -2.81367 125 1.2536
  8 -1.81367 134 1.25108
  9 -0.813671 116 1.07074
  10 0.186329 102 1.00149
  11 1.18633 106 1.0645
  12 2.18633 124 1.12387
  13 3.18633 138 1.36854
  14 4.18633 118 1.19045
  15 5.18633 123 1.17949
  16 6.18633 124 1.16085
  17 7.18633 124 1.08188
  18 8.18633 113 1.01635
  19 9.18633 153 1.65028
  20 10.1863 136 1.30313
  21 11.1863 113 1.20028
  22 12.1863 122 1.12763
  23 13.1863 121 1.18301
  24 14.1863 119 1.24628
  25 15.1863 132 1.26719
  26 16.1863 105 1.05076
  27 17.1863 124 1.23267
  28 18.1863 124 1.24857
  29 19.1863 115 0.997818
  30 20.1863 87 0.794918
14020000 30 3640
  1 -8.81367 130 1.32744
  2 -7.81367 144 1.39378
  3 -6.81367 116 1.17963
  4 -5.81367 132 1.22608
  5 -4.81367 113 1.06096
  6 -3.81367 132 1.43736
  7 -2.81367 119 1.12601
  8 -1.81367 112 1.07715
  9 -0.813671 124 1.2874
  10 0.186329 91 0.832045
  11 1.18633 102 1.01223
  12 2.18633 126 1.19735
  13 3.18633 125 1.16361
  14 4.18633 128 1.38734
  15 5.18633 129 1.16122
  16 6.18633 123 1.17848
  17 7.18633 119 1.12979
  18 8.18633 125 1.2624
  19 9.18633 139 1.36497
  20 10.1863 129 1.2211
  21 11.1863 116 1.28598
  22 12.1863 119 1.12721
  23 13.1863 117 1.18362
  24 14.1863 127 1.28743
  25 15.1863 123 1.25475
  26 16.1863 118 1.14348
  27 17.1863 114 1.16111
  28 18.1863 122 1.24107
  29 19.1863 122 1.09104
  30 20.1863 104 0.942123
14030000 30 3640
  1 -8.81367 103 1.064
  2 -7.81367 143 1.29389
  3 -6.81367 123 1.22126
  4 -5.81367 123 1.26612
  5 -4.81367 115 1.13014
  6 -3.81367 139 1.28254
  7 -2.81367 133 1.34864
  8 -1.81367 125 1.19255
  9 -0.813671 106 1.08407
  10 0.186329 116 1.11515
  11 1.18633 107 1.03287
  12 2.18633 131 1.34618
  13 3.18633 128 1.24017
  14 4.18633 119 1.17133
  15 5.18633 135 1.26255
  16 6.18633 115 1.09892
  17 7.18633 121 1.11152
  18 8.18633 122 1.09156
  19 9.18633 150 1.64455
  20 10.1863 116 1.1489
  21 11.1863 115 1.18629
  22 12.1863 119 1.10763
  23 13.1863 110 1.01665
  24 14.1863 118 1.2625
  25 15.1863 127 1.31868
  26 16.1863 121 1.12147
  27 17.1863 121 1.31362
  28 18.1863 109 1.18381
  29 19.1863 127 1.06537
  30 20.1863 103 0.955338
14040000 30 3640
  1 -8.81367 110 1.09346
  2 -7.81367 142 1.31186
  3 -6.81367 117 1.1448
  4 -5.81367 130 1.28545
  5 -4.81367 118 1.12606
  6 -3.81367 127 1.30419
  7 -2.81367 129 1.35437
  8 -1.81367 134 1.30934
  9 -0.813671 113 1.04327
  10 0.186329 98 1.01816
  11 1.18633 113 1.07841
  12 2.18633 133 1.29309
  13 3.18633 131 1.2993
  14 4.18633 121 1.22394
  15 5.18633 138 1.34824
  16 6.18633 115 1.052
  17 7.18633 122 1.11482
  18 8.18633 112 1.00816
  19 9.18633 147 1.54776
  20 10.1863 126 1.26539
  21 11.1863 110 1.15105
  22 12.1863 107 1.08087
  23 13.1863 133 1.27165
  24 14.1863 125 1.28432
  25 15.1863 116 1.15738
  26 16.1863 110 1.18743
  27 17.1863 121 1.16255
  28 18.1863 121 1.28416
  29 19.1863 122 1.15742
  30 20.1863 99 0.906455
14050000 30 3640
  1 -8.81367 94 0.929132
  2 -7.81367 153 1.4627
  3 -6.81367 115 1.13197
  4 -5.81367 124 1.20585
  5 -4.81367 138 1.30985
  6 -3.81367 125 1.3535
  7 -2.81367 133 1.34609
  8 -1.81367 123 1.07324
  9 -0.813671 113 1.21595
  10 0.186329 107 1.03442
  11 1.18633 114 1.10458
  12 2.18633 120 1.08821
  13 3.18633 118 1.13709
  14 4.18633 130 1.3999
  15 5.18633 145 1.28747
  16 6.18633 108 1.13441
  17 7.18633 125 1.13838
  18 8.18633 117 1.06458
  19 9.18633 150 1.56397
  20 10.1863 124 1.23466
  21 11.1863 110 1.18704
  22 12.1863 117 1.10074
  23 13.1863 114 1.09446
  24 14.1863 127 1.3613
  25 15.1863 126 1.21963
  26 16.1863 124 1.22838
  27 17.1863 117 1.22848
  28 18.1863 120 1.1996
  29 19.1863 109 0.989366
  30 20.1863 100 0.951751
14060000 30 3640
  1 -8.81367 82 0.843223
  2 -7.81367 164 1.55724
  3 -6.81367 109 1.03566
  4 -5.81367 126 1.25039
  5 -4.81367 120 1.12757
  6 -3.81367 138 1.33368
  7 -2.81367 134 1.46629
  8 -1.81367 128 1.16726
  9 -0.813671 111 1.114
  10 0.186329 115 1.14249
  11 1.18633 95 0.80731
  12 2.18633 125 1.31125
  13 3.18633 139 1.2791
  14 4.18633 126 1.25791
  15 5.18633 132 1.29399
  16 6.18633 113 1.01331
  17 7.18633 126 1.13883
  18 8.18633 114 1.00967
  19 9.18633 142 1.50506
  20 10.1863 127 1.35706
  21 11.1863 120 1.22068
  22 12.1863 118 1.09774
  23 13.1863 115 1.16603
  24 14.1863 131 1.2332
  25 15.1863 115 1.15233
  26 16.1863 120 1.26148
  27 17.1863 132 1.39085
  28 18.1863 108 1.05551
  29 19.1863 117 0.941466
  30 20.1863 98 0.947392
14070000 30 3640
  1 -8.81367 91 0.875345
  2 -7.81367 146 1.4812
  3 -6.81367 121 1.06911
  4 -5.81367 127 1.3692
  5 -4.81367 113 1.05288
  6 -3.81367 138 1.37934
  7 -2.81367 122 1.18941
  8 -1.81367 137 1.31101
  9 -0.813671 115 1.12243
  10 0.186329 108 1.04179
  11 1.18633 95 0.973488
  12 2.18633 132 1.22797
  13 3.18633 121 1.10629
  14 4.18633 126 1.32593
  15 5.18633 133 1.32351
  16 6.18633 111 0.927582
  17 7.18633 126 1.19817
  18 8.18633 112 1.10251
  19 9.18633 153 1.4577
  20 10.1863 131 1.33093
  21 11.1863 115 1.15095
  22 12.1863 111 1.09618
  23 13.1863 136 1.28513
  24 14.1863 121 1.23795
  25 15.1863 121 1.26505
  26 16.1863 120 1.18316
  27 17.1863 126 1.34713
  28 18.1863 122 1.12989
  29 19.1863 113 1.03924
  30 20.1863 97 0.871623
14080000 30 3640
  1 -8.81367 74 0.73274
  2 -7.81367 150 1.49271
  3 -6.81367 107 0.996332
  4 -5.81367 130 1.30526
  5 -4.81367 126 1.12816
  6 -3.81367 126 1.34708
  7 -2.81367 137 1.22551
  8 -1.81367 124 1.24496
  9 -0.813671 123 1.21556
  10 0.186329 105 0.960706
  11 1.18633 120 1.17256
  12 2.18633 124 1.12441
  13 3.18633 125 1.27954
  14 4.18633 120 1.22537
  15 5.18633 137 1.19354
  16 6.18633 126 1.22772
  17 7.18633 121 1.06537
  18 8.18633 109 0.971791
  19 9.18633 157 1.61202
  20 10.1863 131 1.27221
  21 11.1863 122 1.24983
  22 12.1863 116 1.10478
  23 13.1863 127 1.18722
  24 14.1863 127 1.37568
  25 15.1863 117 1.15634
  26 16.1863 108 1.02337
  27 17.1863 138 1.48514
  28 18.1863 119 1.10972
  29 19.1863 118 1.04195
  30 20.1863 76 0.657684
14090000 30 3640
  1 -8.81367 121 1.24617
  2 -7.81367 137 1.25144
  3 -6.81367 126 1.29261
  4 -5.81367 110 1.04162
  5 -4.81367 126 1.20985
  6 -3.81367 133 1.35903
  7 -2.81367 126 1.28766
  8 -1.81367 127 1.19603
  9 -0.813671 113 1.14091
  10 0.186329 106 1.07939
  11 1.18633 97 0.919947
  12 2.18633 139 1.31664
  13 3.18633 113 1.21727
  14 4.18633 117 1.06066
  15 5.18633 132 1.35912
  16 6.18633 127 1.10827
  17 7.18633 124 1.22991
  18 8.18633 115 0.984117
  19 9.18633 146 1.57375
  20 10.1863 137 1.39426
  21 11.1863 109 1.18343
  22 12.1863 112 1.01277
  23 13.1863 122 1.19611
  24 14.1863 122 1.21119
  25 15.1863 124 1.29768
  26 16.1863 128 1.30519
  27 17.1863 117 1.27879
  28 18.1863 118 1.15592
  29 19.1863 116 1.01792
  30 20.1863 100 0.928786
14100000 30 3640
  1 -8.81367 109 1.17057
  2 -7.81367 155 1.42837
  3 -6.81367 104 1.08717
  4 -5.81367 120 1.18818
  5 -4.81367 122 1.23114
  6 -3.81367 139 1.28553
  7 -2.81367 119 1.36234
  8 -1.81367 139 1.28423
  9 -0.813671 109 1.08232
  10 0.186329 111 1.05952
  11 1.18633 97 1.04429
  12 2.18633 127 1.21366
  13 3.18633 127 1.23373
  14 4.18633 125 1.27036
  15 5.18633 130 1.26157
  16 6.18633 119 1.05195
  17 7.18633 119 1.24754
  18 8.18633 123 1.09001
  19 9.18633 144 1.4799
  20 10.1863 125 1.29931
  21 11.1863 122 1.28413
  22 12.1863 117 1.11638
  23 13.1863 118 1.15038
  24 14.1863 129 1.36509
  25 15.1863 123 1.22361
  26 16.1863 119 1.16296
  27 17.1863 118 1.3246
  28 18.1863 118 1.17311
  29 19.1863 117 1.09616
  30 20.1863 96 0.809511
14110000 30 3640
  1 -8.81367 76 0.778667
  2 -7.81367 139 1.3648
  3 -6.81367 130 1.20925
  4 -5.81367 132 1.21301
  5 -4.81367 112 1.09815
  6 -3.81367 129 1.32142
  7 -2.81367 134 1.3092
  8 -1.81367 125 1.22771
  9 -0.813671 127 1.17732
  10 0.186329 114 1.07243
  11 1.18633 103 1.01681
  12 2.18633 129 1.18226
  13 3.18633 125 1.29311
  14 4.18633 132 1.2932
  15 5.18633 143 1.36972
  16 6.18633 124 1.13772
  17 7.18633 115 1.04154
  18 8.18633 114 0.993474
  19 9.18633 148 1.53006
  20 10.1863 127 1.27706
  21 11.1863 122 1.26712
  22 12.1863 114 1.09336
  23 13.1863 131 1.16008
  24 14.1863 122 1.27095
  25 15.1863 112 1.17092
  26 16.1863 129 1.15377
  27 17.1863 114 1.37574
  28 18.1863 119 1.11185
  29 19.1863 123 1.0391
  30 20.1863 76 0.704576
14120000 30 3640
  1 -8.81367 100 1.02179
  2 -7.81367 147 1.43129
  3 -6.81367 129 1.26691
  4 -5.81367 113 1.08149
  5 -4.81367 113 1.06909
  6 -3.81367 130 1.40121
  7 -2.81367 124 1.1761
  8 -1.81367 134 1.30048
  9 -0.813671 118 1.08914
  10 0.186329 110 1.09151
  11 1.18633 103 0.988279
  12 2.18633 127 1.18872
  13 3.18633 133 1.35647
  14 4.18633 121 1.17739
  15 5.18633 140 1.30067
  16 6.18633 120 1.17232
  17 7.18633 124 1.19973
  18 8.18633 116 0.951139
  19 9.18633 148 1.62274
  20 10.1863 123 1.21959
  21 11.1863 117 1.21093
  22 12.1863 123 1.16613
  23 13.1863 123 1.25081
  24 14.1863 123 1.31925
  25 15.1863 114 1.07898
  26 16.1863 111 1.07898
  27 17.1863 129 1.38524
  28 18.1863 107 1.04542
  29 19.1863 117 1.01692
  30 20.1863 103 0.898588
14130000 30 3640
  1 -8.81367 102 0.858442
  2 -7.81367 132 1.35582
  3 -6.81367 121 1.22544
  4 -5.81367 127 1.24045
  5 -4.81367 120 1.12644
  6 -3.81367 125 1.30807
  7 -2.81367 137 1.41966
  8 -1.81367 131 1.25926
  9 -0.813671 119 1.09404
  10 0.186329 100 1.06014
  11 1.18633 118 1.13788
  12 2.18633 128 1.18797
  13 3.18633 129 1.2493
  14 4.18633 124 1.28302
  15 5.18633 132 1.28697
  16 6.18633 120 1.13651
  17 7.18633 118 1.04766
  18 8.18633 113 1.05139
  19 9.18633 145 1.57878
  20 10.1863 131 1.24549
  21 11.1863 119 1.24542
  22 12.1863 111 1.07646
  23 13.1863 129 1.31442
  24 14.1863 113 1.12908
  25 15.1863 128 1.25682
  26 16.1863 129 1.33437
  27 17.1863 113 1.18781
  28 18.1863 123 1.20555
  29 19.1863 111 0.962491
  30 20.1863 92 0.934704
14140000 30 3640
  1 -8.81367 110 1.10073
  2 -7.81367 143 1.39646
  3 -6.81367 106 1.06445
  4 -5.81367 141 1.37512
  5 -4.81367 121 1.14685
  6 -3.81367 134 1.36016
  7 -2.81367 113 1.20165
  8 -1.81367 138 1.29412
  9 -0.813671 117 1.05346
  10 0.186329 111 1.16555
  11 1.18633 105 1.03457
  12 2.18633 131 1.16443
  13 3.18633 128 1.29041
  14 4.18633 130 1.3764
  15 5.18633 123 1.11204
  16 6.18633 130 1.18807
  17 7.18633 113 1.07448
  18 8.18633 128 1.23555
  19 9.18633 146 1.48495
  20 10.1863 127 1.28164
  21 11.1863 101 1.12426
  22 12.1863 111 1.01587
  23 13.1863 122 1.15193
  24 14.1863 121 1.22303
  25 15.1863 120 1.1681
  26 16.1863 119 1.24779
  27 17.1863 121 1.28161
  28 18.1863 118 1.24539
  29 19.1863 119 0.976075
  30 20.1863 93 0.818689
14150000 30 3640
  1 -8.81367 83 0.812334
  2 -7.81367 154 1.41595
  3 -6.81367 111 1.0967
  4 -5.81367 139 1.41199
  5 -4.81367 109 0.970111
  6 -3.81367 142 1.55718
  7 -2.81367 122 1.18741
  8 -1.81367 136 1.28548
  9 -0.813671 111 1.0471
  10 0.186329 103 1.02098
  11 1.18633 117 1.14521
  12 2.18633 124 1.16138
  13 3.18633 130 1.33762
  14 4.18633 127 1.17245
  15 5.18633 134 1.38605
  16 6.18633 114 0.970136
  17 7.18633 126 1.13034
  18 8.18633 107 0.98498
  19 9.18633 136 1.4829
  20 10.1863 129 1.25813
  21 11.1863 115 1.1612
  22 12.1863 115 1.12772
  23 13.1863 132 1.33389
  24 14.1863 125 1.26445
  25 15.1863 131 1.29293
  26 16.1863 114 1.08675
  27 17.1863 133 1.41966
  28 18.1863 105 1.03208
  29 19.1863 119 1.04711
  30 20.1863 97 0.884348
14160000 30 3640
  1 -8.81367 80 0.834094
  2 -7.81367 146 1.3642
  3 -6.81367 129 1.24626
  4 -5.81367 130 1.31739
  5 -4.81367 112 0.963047
  6 -3.81367 140 1.40325
  7 -2.81367 124 1.25243
  8 -1.81367 133 1.22179
  9 -0.813671 109 1.06001
  10 0.186329 108 0.994894
  11 1.18633 98 0.95201
  12 2.18633 127 1.13851
  13 3.18633 130 1.31138
  14 4.18633 128 1.26833
  15 5.18633 142 1.38501
  16 6.18633 132 1.17278
  17 7.18633 113 1.02925
  18 8.18633 122 1.15076
  19 9.18633 144 1.47447
  20 10.1863 126 1.17152
  21 11.1863 114 1.24008
  22 12.1863 119 1.07593
  23 13.1863 117 1.20208
  24 14.1863 129 1.29177
  25 15.1863 137 1.25989
  26 16.1863 99 0.999654
  27 17.1863 122 1.29172
  28 18.1863 134 1.21213
  29 19.1863 104 0.945839
  30 20.1863 92 0.817065
14170000 30 3640
  1 -8.81367 113 1.04346
  2 -7.81367 157 1.6002
  3 -6.81367 101 0.945382
  4 -5.81367 135 1.33995
  5 -4.81367 112 1.06977
  6 -3.81367 120 1.34615
  7 -2.81367 136 1.33371
  8 -1.81367 118 1.13513
  9 -0.813671 130 1.34003
  10 0.186329 110 1.0259
  11 1.18633 102 0.936685
  12 2.18633 115 1.08498
  13 3.18633 132 1.36629
  14 4.18633 128 1.26592
  15 5.18633 144 1.38918
  16 6.18633 108 0.941584
  17 7.18633 123 1.13144
  18 8.18633 113 1.11634
  19 9.18633 136 1.44929
  20 10.1863 132 1.35892
  21 11.1863 113 1.1665
  22 12.1863 125 1.18414
  23 13.1863 122 1.25703
  24 14.1863 131 1.3075
  25 15.1863 119 1.21683
  26 16.1863 115 1.17278
  27 17.1863 110 1.20805
  28 18.1863 117 1.10503
  29 19.1863 120 1.06609
  30 20.1863 103 1.01068
14180000 30 3640
  1 -8.81367 88 0.910477
  2 -7.81367 147 1.47272
  3 -6.81367 112 1.07271
  4 -5.81367 134 1.29777
  5 -4.81367 115 1.17075
  6 -3.81367 126 1.29144
  7 -2.81367 130 1.28775
  8 -1.81367 138 1.30914
  9 -0.813671 114 1.17594
  10 0.186329 110 1.02246
  11 1.18633 112 1.13065
  12 2.18633 122 1.14071
  13 3.18633 125 1.29524
  14 4.18633 123 1.24373
  15 5.18633 140 1.35324
  16 6.18633 123 1.13942
  17 7.18633 118 1.05146
  18 8.18633 127 1.24634
  19 9.18633 148 1.5543
  20 10.1863 129 1.27891
  21 11.1863 104 1.08271
  22 12.1863 121 1.18216
  23 13.1863 116 1.09545
  24 14.1863 119 1.25754
  25 15.1863 119 1.20606
  26 16.1863 118 1.24236
  27 17.1863 131 1.37213
  28 18.1863 115 1.11417
  29 19.1863 115 1.03384
  30 20.1863 101 0.897946
14190000 30 3640
  1 -8.81367 78 0.849685
  2 -7.81367 149 1.42158
  3 -6.81367 122 1.17074
  4 -5.81367 122 1.14979
  5 -4.81367 120 1.19294
  6 -3.81367 128 1.28924
  7 -2.81367 131 1.32882
  8 -1.81367 136 1.24736
  9 -0.813671 118 1.17457
  10 0.186329 102 0.934954
  11 1.18633 115 1.14251
  12 2.18633 120 1.13378
  13 3.18633 128 1.23627
  14 4.18633 130 1.29183
  15 5.18633 140 1.31159
  16 6.18633 119 1.11773
  17 7.18633 119 1.07082
  18 8.18633 126 1.2178
  19 9.18633 146 1.46963
  20 10.1863 124 1.20164
  21 11.1863 129 1.4065
  22 12.1863 106 0.97445
  23 13.1863 134 1.24128
  24 14.1863 117 1.21286
  25 15.1863 126 1.21402
  26 16.1863 139 1.42512
  27 17.1863 105 1.051
  28 18.1863 116 1.10539
  29 19.1863 118 0.99187
  30 20.1863 77 0.708885
14200000 30 3640
  1 -8.81367 87 0.937106
  2 -7.81367 162 1.44729
  3 -6.81367 106 1.04469
  4 -5.81367 124 1.2427
  5 -4.81367 116 1.15247
  6 -3.81367 139 1.34302
  7 -2.81367 120 1.22297
  8 -1.81367 131 1.22549
  9 -0.813671 116 1.12906
  10 0.186329 104 0.975501
  11 1.18633 118 1.12037
  12 2.18633 122 1.14265
  13 3.18633 116 1.1685
  14 4.18633 129 1.31344
  15 5.18633 134 1.26389
  16 6.18633 115 1.08813
  17 7.18633 126 1.16365
  18 8.18633 126 1.07961
  19 9.18633 136 1.4037
  20 10.1863 131 1.35172
  21 11.1863 113 1.18452
  22 12.1863 123 1.15746
  23 13.1863 124 1.23914
  24 14.1863 125 1.32088
  25 15.1863 130 1.26506
  26 16.1863 119 1.14256
  27 17.1863 122 1.32695
  28 18.1863 115 1.05599
  29 19.1863 112 0.971818
  30 20.1863 99 0.886317
14210000 30 3640
  1 -8.81367 84 0.926741
  2 -7.81367 158 1.51574
  3 -6.81367 110 1.00341
  4 -5.81367 122 1.1992
  5 -4.81367 128 1.28829
  6 -3.81367 130 1.27081
  7 -2.81367 122 1.29956
  8 -1.81367 135 1.35864
  9 -0.813671 123 1.13286
  10 0.186329 105 1.0122
  11 1.18633 112 1.114
  12 2.18633 126 1.24571
  13 3.18633 131 1.37749
  14 4.18633 124 1.13907
  15 5.18633 131 1.21313
  16 6.18633 123 1.22427
  17 7.18633 113 1.08001
  18 8.18633 130 1.08645
  19 9.18633 134 1.50423
  20 10.1863 129 1.2809
  21 11.1863 108 1.21286
  22 12.1863 116 1.06496
  23 13.1863 124 1.14407
  24 14.1863 125 1.29354
  25 15.1863 124 1.31089
  26 16.1863 128 1.27834
  27 17.1863 112 1.1766
  28 18.1863 117 1.22933
  29 19.1863 111 0.977081
  30 20.1863 105 0.916789
14220000 30 3640
  1 -8.81367 97 0.95891
  2 -7.81367 150 1.48432
  3 -6.81367 119 1.07837
  4 -5.81367 121 1.2993
  5 -4.81367 122 1.20146
  6 -3.81367 134 1.22666
  7 -2.81367 127 1.40863
  8 -1.81367 129 1.1726
  9 -0.813671 112 1.12621
  10 0.186329 111 1.08967
  11 1.18633 104 1.00169
  12 2.18633 135 1.23298
  13 3.18633 124 1.26551
  14 4.18633 127 1.35608
  15 5.18633 128 1.21282
  16 6.18633 115 1.00805
  17 7.18633 125 1.28183
  18 8.18633 108 1.0018
  19 9.18633 154 1.5232
  20 10.1863 129 1.33338
  21 11.1863 111 1.24906
  22 12.1863 112 1.04194
  23 13.1863 130 1.20404
  24 14.1863 120 1.26685
  25 15.1863 123 1.24922
  26 16.1863 120 1.19634
  27 17.1863 124 1.31965
  28 18.1863 113 1.16626
  29 19.1863 112 0.961527
  30 20.1863 104 0.987879
14230000 30 3640
  1 -8.81367 92 0.832874
  2 -7.81367 147 1.47139
  3 -6.81367 115 1.07286
  4 -5.81367 133 1.31899
  5 -4.81367 124 1.16567
  6 -3.81367 135 1.36848
  7 -2.81367 128 1.33262
  8 -1.81367 127 1.16566
  9 -0.813671 128 1.21401
  10 0.186329 100 0.967748
  11 1.18633 108 1.10509
  12 2.18633 134 1.22385
  13 3.18633 131 1.24623
  14 4.18633 134 1.35493
  15 5.18633 126 1.14348
  16 6.18633 120 1.16689
  17 7.18633 127 1.12368
  18 8.18633 118 1.20776
  19 9.18633 139 1.3476
  20 10.1863 140 1.41058
  21 11.1863 118 1.27562
  22 12.1863 108 0.999984
  23 13.1863 123 1.13841
  24 14.1863 128 1.26106
  25 15.1863 116 1.16196
  26 16.1863 119 1.22862
  27 17.1863 121 1.28447
  28 18.1863 115 1.16313
  29 19.1863 111 0.903497
  30 20.1863 75 0.696645
14240000 30 3640
  1 -8.81367 92 1.02201
  2 -7.81367 146 1.38529
  3 -6.81367 119 1.10038
  4 -5.81367 114 1.13392
  5 -4.81367 133 1.3403
  6 -3.81367 134 1.28689
  7 -2.81367 134 1.38755
  8 -1.81367 120 1.18114
  9 -0.813671 129 1.21121
  10 0.186329 91 0.853026
  11 1.18633 112 1.13285
  12 2.18633 120 1.12286
  13 3.18633 135 1.35409
  14 4.18633 125 1.19978
  15 5.18633 137 1.25722
  16 6.18633 122 1.26073
  17 7.18633 119 1.016
  18 8.18633 120 1.16386
  19 9.18633 142 1.46227
  20 10.1863 127 1.2098
  21 11.1863 106 1.12391
  22 12.1863 124 1.16877
  23 13.1863 118 1.1316
  24 14.1863 133 1.45358
  25 15.1863 121 1.21348
  26 16.1863 115 1.13274
  27 17.1863 132 1.35282
  28 18.1863 107 1.09911
  29 19.1863 121 0.975036
  30 20.1863 92 0.792086
14250000 30 3640
  1 -8.81367 84 0.767077
  2 -7.81367 158 1.55647
  3 -6.81367 113 1.06201
  4 -5.81367 121 1.21796
  5 -4.81367 124 1.19583
  6 -3.81367 130 1.27378
  7 -2.81367 131 1.29491
  8 -1.81367 134 1.28746
  9 -0.813671 115 1.09682
  10 0.186329 109 1.0509
  11 1.18633 114 1.13999
  12 2.18633 127 1.20708
  13 3.18633 131 1.26027
  14 4.18633 114 1.19072
  15 5.18633 144 1.3694
  16 6.18633 119 1.09298
  17 7.18633 124 1.10297
  18 8.18633 122 1.10551
  19 9.18633 144 1.55133
  20 10.1863 130 1.27506
  21 11.1863 113 1.13508
  22 12.1863 123 1.16109
  23 13.1863 113 1.09665
  24 14.1863 125 1.30746
  25 15.1863 127 1.19336
  26 16.1863 121 1.22417
  27 17.1863 115 1.24411
  28 18.1863 122 1.23671
  29 19.1863 102 0.839074
  30 20.1863 91 0.867441
14260000 30 3640
  1 -8.81367 115 1.13857
  2 -7.81367 149 1.41443
  3 -6.81367 116 1.1923
  4 -5.81367 125 1.19108
  5 -4.81367 113 1.09963
  6 -3.81367 135 1.37539
  7 -2.81367 116 1.1898
  8 -1.81367 130 1.24502
  9 -0.813671 127 1.30034
  10 0.186329 97 0.847728
  11 1.18633 97 0.967957
  12 2.18633 130 1.28026
  13 3.18633 124 1.26011
  14 4.18633 134 1.26135
  15 5.18633 126 1.20382
  16 6.18633 123 1.17607
  17 7.18633 119 1.15604
  18 8.18633 114 1.03954
  19 9.18633 141 1.4595
  20 10.1863 127 1.2613
  21 11.1863 116 1.31886
  22 12.1863 115 0.960568
  23 13.1863 123 1.24502
  24 14.1863 121 1.36301
  25 15.1863 134 1.23129
  26 16.1863 127 1.27513
  27 17.1863 117 1.26001
  28 18.1863 119 1.21999
  29 19.1863 106 0.909167
  30 20.1863 104 0.979236
14270000 30 3640
  1 -8.81367 99 0.959088
  2 -7.81367 147 1.44168
  3 -6.81367 117 1.0742
  4 -5.81367 132 1.27945
  5 -4.81367 125 1.24234
  6 -3.81367 124 1.2139
  7 -2.81367 139 1.45142
  8 -1.81367 124 1.14717
  9 -0.813671 122 1.10645
  10 0.186329 98 0.986282
  11 1.18633 109 1.08537
  12 2.18633 126 1.20777
  13 3.18633 128 1.26588
  14 4.18633 129 1.22648
  15 5.18633 123 1.15584
  16 6.18633 133 1.2461
  17 7.18633 125 1.11136
  18 8.18633 108 1.04442
  19 9.18633 152 1.55916
  20 10.1863 118 1.17803
  21 11.1863 132 1.4045
  22 12.1863 109 1.01472
  23 13.1863 122 1.09526
  24 14.1863 126 1.27823
  25 15.1863 118 1.15099
  26 16.1863 113 1.22625
  27 17.1863 132 1.33523
  28 18.1863 110 1.06173
  29 19.1863 118 1.08284
  30 20.1863 82 0.722729
14280000 30 3640
  1 -8.81367 94 0.904113
  2 -7.81367 134 1.27453
  3 -6.81367 121 1.16167
  4 -5.81367 125 1.25966
  5 -4.81367 124 1.17518
  6 -3.81367 127 1.32225
  7 -2.81367 121 1.1751
  8 -1.81367 120 1.11876
  9 -0.813671 127 1.21201
  10 0.186329 108 1.04391
  11 1.18633 115 1.14219
  12 2.18633 128 1.1495
  13 3.18633 117 1.14456
  14 4.18633 138 1.36637
  15 5.18633 126 1.17042
  16 6.18633 130 1.15807
  17 7.18633 115 0.980212
  18 8.18633 128 1.26111
  19 9.18633 141 1.47436
  20 10.1863 123 1.21927
  21 11.1863 119 1.17018
  22 12.1863 125 1.17159
  23 13.1863 126 1.19357
  24 14.1863 122 1.29781
  25 15.1863 136 1.37268
  26 16.1863 132 1.28305
  27 17.1863 108 1.09056
  28 18.1863 119 1.08567
  29 19.1863 114 0.993725
  30 20.1863 77 0.674751
14290000 30 3640
  1 -8.81367 112 1.03806
  2 -7.81367 133 1.29857
  3 -6.81367 115 1.15195
  4 -5.81367 134 1.29353
  5 -4.81367 118 1.16193
  6 -3.81367 125 1.27218
  7 -2.81367 141 1.4214
  8 -1.81367 120 1.16316
  9 -0.813671 126 1.24984
  10 0.186329 102 0.985314
  11 1.18633 107 1.11561
  12 2.18633 128 1.20215
  13 3.18633 127 1.17079
  14 4.18633 126 1.31358
  15 5.18633 135 1.27363
  16 6.18633 121 1.172
  17 7.18633 125 1.10817
  18 8.18633 104 0.984139
  19 9.18633 163 1.61198
  20 10.1863 118 1.27213
  21 11.1863 113 1.23703
  22 12.1863 108 1.00911
  23 13.1863 132 1.17216
  24 14.1863 124 1.28609
  25 15.1863 111 1.17067
  26 16.1863 117 1.19451
  27 17.1863 108 1.1544
  28 18.1863 121 1.25471
  29 19.1863 117 1.0868
  30 20.1863 109 0.986558
14300000 30 3640
  1 -8.81367 106 1.06314
  2 -7.81367 144 1.36695
  3 -6.81367 116 1.15095
  4 -5.81367 128 1.21003
  5 -4.81367 128 1.25012
  6 -3.81367 120 1.36037
  7 -2.81367 140 1.38069
  8 -1.81367 130 1.23636
  9 -0.813671 112 1.05827
  10 0.186329 108 1.07577
  11 1.18633 114 1.11847
  12 2.18633 123 1.10336
  13 3.18633 133 1.37819
  14 4.18633 119 1.2413
  15 5.18633 143 1.35945
  16 6.18633 119 1.1184
  17 7.18633 112 1.00549
  18 8.18633 129 1.23264
  19 9.18633 130 1.30673
  20 10.1863 132 1.35053
  21 11.1863 106 1.16585
  22 12.1863 118 1.15732
  23 13.1863 116 1.07822
  24 14.1863 119 1.26284
  25 15.1863 131 1.29535
  26 16.1863 104 1.03797
  27 17.1863 122 1.30416
  28 18.1863 122 1.25134
  29 19.1863 122 1.04572
  30 20.1863 94 0.895026
14310000 30 3640
  1 -8.81367 104 1.00993
  2 -7.81367 141 1.42779
  3 -6.81367 119 1.14582
  4 -5.81367 132 1.3553
  5 -4.81367 115 1.04726
  6 -3.81367 124 1.30539
  7 -2.81367 127 1.24697
  8 -1.81367 123 1.12203
  9 -0.813671 122 1.28806
  10 0.186329 109 0.938827
  11 1.18633 104 1.11087
  12 2.18633 120 1.1945
  13 3.18633 129 1.23199
  14 4.18633 118 1.14209
  15 5.18633 146 1.41787
  16 6.18633 114 1.07343
  17 7.18633 123 1.17828
  18 8.18633 118 1.02364
  19 9.18633 161 1.66379
  20 10.1863 112 1.13951
  21 11.1863 116 1.21303
  22 12.1863 117 1.07348
  23 13.1863 126 1.25819
  24 14.1863 126 1.33434
  25 15.1863 123 1.22183
  26 16.1863 129 1.23194
  27 17.1863 108 1.19199
  28 18.1863 120 1.16954
  29 19.1863 104 0.909988
  30 20.1863 110 0.992276
14320000 30 3640
  1 -8.81367 110 1.14807
  2 -7.81367 139 1.27591
  3 -6.81367 118 1.25563
  4 -5.81367 127 1.21188
  5 -4.81367 116 1.12552
  6 -3.81367 145 1.45222
  7 -2.81367 121 1.24943
  8 -1.81367 126 1.31442
  9 -0.813671 123 1.12069
  10 0.186329 103 0.952903
  11 1.18633 107 1.11682
  12 2.18633 132 1.1782
  13 3.18633 122 1.25817
  14 4.18633 131 1.26842
  15 5.18633 120 1.18187
  16 6.18633 128 1.22191
  17 7.18633 120 1.13186
  18 8.18633 116 1.12064
  19 9.18633 147 1.46357
  20 10.1863 121 1.26443
  21 11.1863 130 1.3883
  22 12.1863 102 0.961564
  23 13.1863 126 1.13319
  24 14.1863 122 1.26455
  25 15.1863 124 1.20445
  26 16.1863 123 1.30814
  27 17.1863 113 1.17189
  28 18.1863 131 1.33213
  29 19.1863 113 0.96291
  30 20.1863 84 0.729943
14330000 30 3640
  1 -8.81367 93 0.930466
  2 -7.81367 150 1.41533
  3 -6.81367 132 1.24404
  4 -5.81367 122 1.30001
  5 -4.81367 116 1.06675
  6 -3.81367 133 1.3376
  7 -2.81367 131 1.39502
  8 -1.81367 127 1.14415
  9 -0.813671 115 1.16791
  10 0.186329 108 1.04178
  11 1.18633 104 0.99303
  12 2.18633 119 1.19408
  13 3.18633 130 1.2179
  14 4.18633 129 1.3377
  15 5.18633 129 1.15542
  16 6.18633 129 1.22148
  17 7.18633 121 1.17041
  18 8.18633 116 0.955702
  19 9.18633 143 1.58492
  20 10.1863 125 1.21276
  21 11.1863 115 1.24141
  22 12.1863 121 1.15287
  23 13.1863 122 1.24031
  24 14.1863 134 1.31644
  25 15.1863 115 1.2153
  26 16.1863 122 1.14533
  27 17.1863 116 1.26023
  28 18.1863 123 1.25405
  29 19.1863 116 1.01056
  30 20.1863 84 0.761929
14340000 30 3640
  1 -8.81367 99 1.03104
  2 -7.81367 162 1.51034
  3 -6.81367 112 1.12534
  4 -5.81367 115 1.12534
  5 -4.81367 125 1.29
  6 -3.81367 137 1.32903
  7 -2.81367 129 1.37683
  8 -1.81367 137 1.28628
  9 -0.813671 111 1.05888
  10 0.186329 95 0.92428
  11 1.18633 114 1.18831
  12 2.18633 123 1.13932
  13 3.18633 127 1.39188
  14 4.18633 119 1.08894
  15 5.18633 139 1.33792
  16 6.18633 115 1.06891
  17 7.18633 115 1.06385
  18 8.18633 123 1.25243
  19 9.18633 149 1.46744
  20 10.1863 119 1.20831
  21 11.1863 111 1.14921
  22 12.1863 106 1.09012
  23 13.1863 120 1.05641
  24 14.1863 127 1.37555
  25 15.1863 126 1.28006
  26 16.1863 107 1.0751
  27 17.1863 128 1.35799
  28 18.1863 117 1.16061
  29 19.1863 117 1.05506
  30 20.1863 116 1.06001
14350000 30 3640
  1 -8.81367 90 0.940844
  2 -7.81367 139 1.34481
  3 -6.81367 121 1.16572
  4 -5.81367 131 1.20762
  5 -4.81367 114 1.0903
  6 -3.81367 138 1.45075
  7 -2.81367 123 1.20765
  8 -1.81367 136 1.28542
  9 -0.813671 119 1.17937
  10 0.186329 106 1.01015
  11 1.18633 104 1.00894
  12 2.18633 132 1.22503
  13 3.18633 126 1.21384
  14 4.18633 129 1.30396
  15 5.18633 133 1.22008
  16 6.18633 123 1.16689
  17 7.18633 123 1.09411
  18 8.18633 110 1.00405
  19 9.18633 154 1.52247
  20 10.1863 119 1.28788
  21 11.1863 118 1.24706
  22 12.1863 102 0.899018
  23 13.1863 128 1.25836
  24 14.1863 126 1.25711
  25 15.1863 127 1.24463
  26 16.1863 117 1.20884
  27 17.1863 119 1.19289
  28 18.1863 120 1.18911
  29 19.1863 127 1.10774
  30 20.1863 86 0.744645
14360000 30 3640
  1 -8.81367 86 0.904994
  2 -7.81367 144 1.4362
  3 -6.81367 114 1.04505
  4 -5.81367 124 1.22119
  5 -4.81367 120 1.1624
  6 -3.81367 138 1.38991
  7 -2.81367 130 1.32117
  8 -1.81367 131 1.27868
  9 -0.813671 107 1.03505
  10 0.186329 116 1.12387
  11 1.18633 92 0.885021
  12 2.18633 142 1.4063
  13 3.18633 133 1.33868
  14 4.18633 134 1.27246
  15 5.18633 122 1.22633
  16 6.18633 121 1.13121
  17 7.18633 119 1.07383
  18 8.18633 117 1.1201
  19 9.18633 148 1.47123
  20 10.1863 130 1.31614
  21 11.1863 108 1.11992
  22 12.1863 125 1.22624
  23 13.1863 120 1.13129
  24 14.1863 130 1.30877
  25 15.1863 115 1.18498
  26 16.1863 117 1.23856
  27 17.1863 123 1.26507
  28 18.1863 121 1.20994
  29 19.1863 126 1.03894
  30 20.1863 87 0.828707
14370000 30 3640
  1 -8.81367 86 0.838687
  2 -7.81367 163 1.54722
  3 -6.81367 105 1.03586
  4 -5.81367 134 1.33974
  5 -4.81367 112 1.09173
  6 -3.81367 134 1.33854
  7 -2.81367 129 1.30133
  8 -1.81367 120 1.09056
  9 -0.813671 129 1.27169
  10 0.186329 92 0.908129
  11 1.18633 112 1.12404
  12 2.18633 137 1.21227
  13 3.18633 126 1.2257
  14 4.18633 115 1.16613
  15 5.18633 129 1.18993
  16 6.18633 131 1.22325
  17 7.18633 102 0.977577
  18 8.18633 131 1.25684
  19 9.18633 145 1.41063
  20 10.1863 122 1.22445
  21 11.1863 124 1.37442
  22 12.1863 117 1.07689
  23 13.1863 119 1.25801
  24 14.1863 128 1.23818
  25 15.1863 128 1.21456
  26 16.1863 105 1.05691
  27 17.1863 132 1.43292
  28 18.1863 123 1.13896
  29 19.1863 116 1.06571
  30 20.1863 94 0.813857
14380000 30 3640
  1 -8.81367 110 1.03381
  2 -7.81367 158 1.57593
  3 -6.81367 100 1.0211
  4 -5.81367 132 1.28647
  5 -4.81367 120 1.21858
  6 -3.81367 130 1.26891
  7 -2.81367 136 1.4336
  8 -1.81367 127 1.23997
  9 -0.813671 119 1.13705
  10 0.186329 100 0.992352
  11 1.18633 113 1.11809
  12 2.18633 130 1.28278
  13 3.18633 136 1.25271
  14 4.18633 112 1.20591
  15 5.18633 142 1.39227
  16 6.18633 112 1.03128
  17 7.18633 128 1.15209
  18 8.18633 111 1.12186
  19 9.18633 148 1.42245
  20 10.1863 116 1.17706
  21 11.1863 116 1.22484
  22 12.1863 124 1.20483
  23 13.1863 116 1.18097
  24 14.1863 125 1.38332
  25 15.1863 123 1.044
  26 16.1863 106 1.17062
  27 17.1863 128 1.34068
  28 18.1863 115 1.1432
  29 19.1863 111 0.999873
  30 20.1863 96 0.874113
14390000 30 3640
  1 -8.81367 70 0.753952
  2 -7.81367 145 1.37041
  3 -6.81367 127 1.22279
  4 -5.81367 120 1.21389
  5 -4.81367 129 1.23157
  6 -3.81367 132 1.34021
  7 -2.81367 120 1.18654
  8 -1.81367 137 1.37398
  9 -0.813671 117 1.21782
  10 0.186329 120 1.06532
  11 1.18633 109 1.07796
  12 2.18633 136 1.33528
  13 3.18633 114 0.986674
  14 4.18633 134 1.46515
  15 5.18633 121 1.11048
  16 6.18633 132 1.26773
  17 7.18633 122 1.13285
  18 8.18633 111 0.99793
  19 9.18633 155 1.57776
  20 10.1863 130 1.36153
  21 11.1863 103 1.09888
  22 12.1863 118 1.1116
  23 13.1863 134 1.26545
  24 14.1863 105 1.21392
  25 15.1863 129 1.22785
  26 16.1863 124 1.16405
  27 17.1863 123 1.40898
  28 18.1863 125 1.12288
  29 19.1863 112 1.02906
  30 20.1863 86 0.788928
14400000 30 3640
  1 -8.81367 83 0.824255
  2 -7.81367 143 1.3672
  3 -6.81367 119 1.17829
  4 -5.81367 133 1.30035
  5 -4.81367 118 1.06984
  6 -3.81367 137 1.41752
  7 -2.81367 122 1.17097
  8 -1.81367 138 1.34851
  9 -0.813671 111 1.0587
  10 0.186329 116 1.0797
  11 1.18633 111 1.08469
  12 2.18633 120 1.17831
  13 3.18633 134 1.34869
  14 4.18633 128 1.14871
  15 5.18633 122 1.18831
  16 6.18633 121 1.11416
  17 7.18633 132 1.18953
  18 8.18633 120 1.08226
  19 9.18633 145 1.57549
  20 10.1863 123 1.2264
  21 11.1863 124 1.29176
  22 12.1863 111 1.0278
  23 13.1863 130 1.23274
  24 14.1863 122 1.20797
  25 15.1863 124 1.21905
  26 16.1863 119 1.17948
  27 17.1863 125 1.38684
  28 18.1863 117 1.09445
  29 19.1863 113 0.989646
  30 20.1863 79 0.670026
14410000 30 3640
  1 -8.81367 98 0.89256
  2 -7.81367 156 1.56431
  3 -6.81367 114 1.07708
  4 -5.81367 125 1.23078
  5 -4.81367 120 1.19116
  6 -3.81367 134 1.24201
  7 -2.81367 130 1.35592
  8 -1.81367 123 1.21713
  9 -0.813671 124 1.20618
  10 0.186329 99 0.909845
  11 1.18633 102 1.04246
  12 2.18633 127 1.20987
  13 3.18633 134 1.25563
  14 4.18633 130 1.30281
  15 5.18633 126 1.22092
  16 6.18633 128 1.12801
  17 7.18633 118 1.09953
  18 8.18633 127 1.13061
  19 9.18633 145 1.58025
  20 10.1863 124 1.21965
  21 11.1863 114 1.23566
  22 12.1863 117 1.05244
  23 13.1863 123 1.242
  24 14.1863 123 1.15034
  25 15.1863 114 1.17875
  26 16.1863 123 1.17754
  27 17.1863 116 1.28781
  28 18.1863 123 1.20359
  29 19.1863 117 1.01527
  30 20.1863 86 0.793281
14420000 30 3640
  1 -8.81367 104 1.00989
  2 -7.81367 145 1.44198
  3 -6.81367 126 1.14317
  4 -5.81367 119 1.21146
  5 -4.81367 125 1.2277
  6 -3.81367 118 1.19036
  7 -2.81367 130 1.32485
  8 -1.81367 133 1.24398
  9 -0.813671 111 1.04356
  10 0.186329 109 1.04476
  11 1.18633 100 0.996293
  12 2.18633 124 1.20919
  13 3.18633 131 1.21543
  14 4.18633 124 1.36078
  15 5.18633 125 1.15322
  16 6.18633 126 1.13693
  17 7.18633 119 1.06101
  18 8.18633 110 1.05851
  19 9.18633 151 1.56637
  20 10.1863 132 1.29135
  21 11.1863 122 1.34835
  22 12.1863 104 0.925202
  23 13.1863 122 1.21293
  24 14.1863 128 1.27767
  25 15.1863 134 1.32368
  26 16.1863 115 1.2587
  27 17.1863 115 1.17555
  28 18.1863 126 1.26138
  29 19.1863 116 0.924169
  30 20.1863 96 0.937582
14430000 30 3640
  1 -8.81367 109 0.964701
  2 -7.81367 143 1.41869
  3 -6.81367 121 1.23088
  4 -5.81367 131 1.27346
  5 -4.81367 114 1.10339
  6 -3.81367 128 1.29219
  7 -2.81367 132 1.33355
  8 -1.81367 121 1.17967
  9 -0.813671 120 1.12102
  10 0.186329 106 1.07838
  11 1.18633 102 1.02098
  12 2.18633 124 1.19226
  13 3.18633 131 1.22844
  14 4.18633 123 1.30736
  15 5.18633 123 1.12724
  16 6.18633 127 1.15724
  17 7.18633 120 1.2059
  18 8.18633 115 1.00099
  19 9.18633 155 1.5938
  20 10.1863 128 1.33224
  21 11.1863 103 1.12328
  22 12.1863 122 1.10596
  23 13.1863 125 1.2397
  24 14.1863 135 1.34758
  25 15.1863 125 1.24846
  26 16.1863 121 1.24084
  27 17.1863 128 1.38734
  28 18.1863 117 1.15724
  29 19.1863 121 1.0085
  30 20.1863 70 0.720508
14440000 30 3640
  1 -8.81367 114 1.08026
  2 -7.81367 136 1.33098
  3 -6.81367 114 1.08149
  4 -5.81367 130 1.24403
  5 -4.81367 132 1.3284
  6 -3.81367 131 1.32587
  7 -2.81367 116 1.19068
  8 -1.81367 128 1.18072
  9 -0.813671 116 1.048
  10 0.186329 99 0.964854
  11 1.18633 97 1.01313
  12 2.18633 129 1.25039
  13 3.18633 132 1.27757
  14 4.18633 129 1.2503
  15 5.18633 129 1.259
  16 6.18633 125 1.1386
  17 7.18633 118 1.16831
  18 8.18633 109 1.03683
  19 9.18633 147 1.38447
  20 10.1863 129 1.29992
  21 11.1863 124 1.306
  22 12.1863 100 0.922597
  23 13.1863 129 1.26389
  24 14.1863 124 1.31869
  25 15.1863 137 1.2602
  26 16.1863 116 1.26994
  27 17.1863 118 1.18339
  28 18.1863 115 1.13599
  29 19.1863 107 0.931298
  30 20.1863 110 1.02681
14450000 30 3640
  1 -8.81367 83 0.819411
  2 -7.81367 150 1.41041
  3 -6.81367 109 1.0714
  4 -5.81367 131 1.26871
  5 -4.81367 117 1.15707
  6 -3.81367 138 1.37297
  7 -2.81367 131 1.31967
  8 -1.81367 129 1.17446
  9 -0.813671 123 1.23903
  10 0.186329 100 1.00073
  11 1.18633 101 0.989569
  12 2.18633 134 1.31967
  13 3.18633 129 1.18938
  14 4.18633 125 1.29107
  15 5.18633 140 1.31486
  16 6.18633 110 1.02672
  17 7.18633 128 1.213
  18 8.18633 126 1.06664
  19 9.18633 142 1.47233
  20 10.1863 133 1.34199
  21 11.1863 114 1.23758
  22 12.1863 126 1.14727
  23 13.1863 122 1.17579
  24 14.1863 129 1.30857
  25 15.1863 111 1.15819
  26 16.1863 132 1.31964
  27 17.1863 112 1.21667
  28 18.1863 118 1.12353
  29 19.1863 118 1.01813
  30 20.1863 79 0.705212
14460000 30 3640
  1 -8.81367 110 0.98331
  2 -7.81367 150 1.44856
  3 -6.81367 114 1.18861
  4 -5.81367 136 1.34864
  5 -4.81367 113 1.10049
  6 -3.81367 138 1.34244
  7 -2.81367 123 1.37004
  8 -1.81367 139 1.24925
  9 -0.813671 100 0.97829
  10 0.186329 110 1.09168
  11 1.18633 113 1.11064
  12 2.18633 123 1.29329
  13 3.18633 131 1.20134
  14 4.18633 126 1.27822
  15 5.18633 120 1.18749
  16 6.18633 124 1.16475
  17 7.18633 127 1.22779
  18 8.18633 124 1.11456
  19 9.18633 139 1.45459
  20 10.1863 128 1.3197
  21 11.1863 116 1.25163
  22 12.1863 117 1.04755
  23 13.1863 121 1.22032
  24 14.1863 123 1.31095
  25 15.1863 119 1.18487
  26 16.1863 126 1.28951
  27 17.1863 115 1.15217
  28 18.1863 121 1.3449
  29 19.1863 112 0.956881
  30 20.1863 82 0.80166
14470000 30 3640
  1 -8.81367 105 1.03542
  2 -7.81367 140 1.27909
  3 -6.81367 114 1.1565
  4 -5.81367 132 1.15783
  5 -4.81367 124 1.24952
  6 -3.81367 130 1.17621
  7 -2.81367 127 1.40854
  8 -1.81367 143 1.32792
  9 -0.813671 116 0.987903
  10 0.186329 95 0.960766
  11 1.18633 115 1.11022
  12 2.18633 126 1.22514
  13 3.18633 141 1.32676
  14 4.18633 118 1.1492
  15 5.18633 120 1.10044
  16 6.18633 121 1.17244
  17 7.18633 122 1.06859
  18 8.18633 116 1.07831
  19 9.18633 136 1.40262
  20 10.1863 131 1.25815
  21 11.1863 135 1.35841
  22 12.1863 111 1.03184
  23 13.1863 124 1.17501
  24 14.1863 122 1.28756
  25 15.1863 126 1.21169
  26 16.1863 113 1.1271
  27 17.1863 118 1.13832
  28 18.1863 116 1.17003
  29 19.1863 123 1.07714
  30 20.1863 80 0.758886
14480000 30 3640
  1 -8.81367 95 0.982185
  2 -7.81367 154 1.5659
  3 -6.81367 109 1.00723
  4 -5.81367 131 1.26893
  5 -4.81367 120 1.16755
  6 -3.81367 124 1.3002
  7 -2.81367 127 1.17892
  8 -1.81367 132 1.29772
  9 -0.813671 120 1.20766
  10 0.186329 116 1.19518
  11 1.18633 94 0.864451
  12 2.18633 125 1.15136
  13 3.18633 137 1.40808
  14 4.18633 129 1.3091
  15 5.18633 127 1.15888
  16 6.18633 122 1.22634
  17 7.18633 126 1.0525
  18 8.18633 115 1.13376
  19 9.18633 147 1.46449
  20 10.1863 113 1.19623
  21 11.1863 121 1.26639
  22 12.1863 119 1.12873
  23 13.1863 118 1.15136
  24 14.1863 142 1.48198
  25 15.1863 107 1.07359
  26 16.1863 125 1.23641
  27 17.1863 118 1.23895
  28 18.1863 112 1.23383
  29 19.1863 124 0.963592
  30 20.1863 91 0.879373
14490000 30 3640
  1 -8.81367 107 1.07743
  2 -7.81367 155 1.48027
  3 -6.81367 109 1.06375
  4 -5.81367 128 1.26683
  5 -4.81367 121 1.16348
  6 -3.81367 128 1.27813
  7 -2.81367 136 1.42399
  8 -1.81367 129 1.23451
  9 -0.813671 116 1.10879
  10 0.186329 94 0.866673
  11 1.18633 107 1.01521
  12 2.18633 129 1.34425
  13 3.18633 132 1.16984
  14 4.18633 127 1.3043
  15 5.18633 125 1.19473
  16 6.18633 119 1.20953
  17 7.18633 127 1.14112
  18 8.18633 128 1.12252
  19 9.18633 135 1.50248
  20 10.1863 133 1.26951
  21 11.1863 109 1.21699
  22 12.1863 115 1.03262
  23 13.1863 125 1.21578
  24 14.1863 116 1.2009
  25 15.1863 125 1.24458
  26 16.1863 130 1.28184
  27 17.1863 112 1.20213
  28 18.1863 120 1.20339
  29 19.1863 112 0.946613
  30 20.1863 91 0.845471
14500000 30 3640
  1 -8.81367 92 0.933834
  2 -7.81367 156 1.43683
  3 -6.81367 113 1.12582
  4 -5.81367 127 1.26939
  5 -4.81367 116 1.1085
  6 -3.81367 137 1.36353
  7 -2.81367 130 1.31401
  8 -1.81367 127 1.2249
  9 -0.813671 120 1.16301
  10 0.186329 106 1.01205
  11 1.18633 102 0.946303
  12 2.18633 126 1.25225
  13 3.18633 129 1.19894
  14 4.18633 129 1.33876
  15 5.18633 120 1.19393
  16 6.18633 135 1.15941
  17 7.18633 125 1.18778
  18 8.18633 120 1.10733
  19 9.18633 134 1.33029
  20 10.1863 123 1.29911
  21 11.1863 125 1.28791
  22 12.1863 112 1.04296
  23 13.1863 122 1.14445
  24 14.1863 129 1.39586
  25 15.1863 126 1.17048
  26 16.1863 127 1.28547
  27 17.1863 115 1.25841
  28 18.1863 121 1.10725
  29 19.1863 112 1.02806
  30 20.1863 84 0.698628
14510000 30 3640
  1 -8.81367 102 1.04341
  2 -7.81367 147 1.3987
  3 -6.81367 115 1.09575
  4 -5.81367 121 1.26631
  5 -4.81367 134 1.30386
  6 -3.81367 129 1.26145
  7 -2.81367 118 1.26516
  8 -1.81367 137 1.21917
  9 -0.813671 111 1.10082
  10 0.186329 91 0.881339
  11 1.18633 101 0.993607
  12 2.18633 129 1.27902
  13 3.18633 129 1.19047
  14 4.18633 136 1.35998
  15 5.18633 128 1.19805
  16 6.18633 113 1.06833
  17 7.18633 122 1.16302
  18 8.18633 122 1.15562
  19 9.18633 149 1.48598
  20 10.1863 123 1.26394
  21 11.1863 119 1.2826
  22 12.1863 103 0.954879
  23 13.1863 124 1.15928
  24 14.1863 129 1.2878
  25 15.1863 132 1.35505
  26 16.1863 118 1.18411
  27 17.1863 110 1.19044
  28 18.1863 126 1.20666
  29 19.1863 112 0.996144
  30 20.1863 110 1.00352
14520000 30 3640
  1 -8.81367 89 1.03832
  2 -7.81367 160 1.44079
  3 -6.81367 105 1.0383
  4 -5.81367 123 1.27181
  5 -4.81367 126 1.21327
  6 -3.81367 129 1.30184
  7 -2.81367 130 1.29199
  8 -1.81367 129 1.2482
  9 -0.813671 119 1.20084
  10 0.186329 101 0.967193
  11 1.18633 103 0.969713
  12 2.18633 130 1.17467
  13 3.18633 122 1.26691
  14 4.18633 121 1.20446
  15 5.18633 131 1.23832
  16 6.18633 129 1.25572
  17 7.18633 123 1.13835
  18 8.18633 120 1.05607
  19 9.18633 138 1.4568
  20 10.1863 131 1.29569
  21 11.1863 115 1.23805
  22 12.1863 121 1.12718
  23 13.1863 108 1.09461
  24 14.1863 132 1.39193
  25 15.1863 129 1.27069
  26 16.1863 113 1.11822
  27 17.1863 130 1.34831
  28 18.1863 107 1.1232
  29 19.1863 120 1.01348
  30 20.1863 106 0.90344
14530000 30 3640
  1 -8.81367 96 0.949423
  2 -7.81367 139 1.38027
  3 -6.81367 124 1.17718
  4 -5.81367 121 1.20303
  5 -4.81367 114 1.11898
  6 -3.81367 136 1.34296
  7 -2.81367 130 1.30833
  8 -1.81367 134 1.23411
  9 -0.813671 116 1.08208
  10 0.186329 110 1.03854
  11 1.18633 98 1.00391
  12 2.18633 130 1.2231
  13 3.18633 116 1.15485
  14 4.18633 137 1.35166
  15 5.18633 118 1.08439
  16 6.18633 125 1.21189
  17 7.18633 116 1.0918
  18 8.18633 132 1.18967
  19 9.18633 145 1.47799
  20 10.1863 122 1.20189
  21 11.1863 115 1.22536
  22 12.1863 118 1.11904
  23 13.1863 120 1.0819
  24 14.1863 129 1.39501
  25 15.1863 124 1.21676
  26 16.1863 121 1.18577
  27 17.1863 129 1.37282
  28 18.1863 118 1.18084
  29 19.1863 118 1.04974
  30 20.1863 89 0.711849
14540000 30 3640
  1 -8.81367 120 1.12069
  2 -7.81367 151 1.46652
  3 -6.81367 110 1.15221
  4 -5.81367 128 1.24848
  5 -4.81367 118 1.13083
  6 -3.81367 130 1.32696
  7 -2.81367 132 1.42192
  8 -1.81367 117 1.12947
  9 -0.813671 114 1.12841
  10 0.186329 95 0.943403
  11 1.18633 106 0.978949
  12 2.18633 134 1.35373
  13 3.18633 125 1.18278
  14 4.18633 128 1.3649
  15 5.18633 116 1.10056
  16 6.18633 134 1.26882
  17 7.18633 107 1.11551
  18 8.18633 123 1.1474
  19 9.18633 148 1.48538
  20 10.1863 124 1.23338
  21 11.1863 120 1.34209
  22 12.1863 98 0.902905
  23 13.1863 132 1.28276
  24 14.1863 122 1.28277
  25 15.1863 119 1.27007
  26 16.1863 114 1.12565
  27 17.1863 126 1.33596
  28 18.1863 122 1.23592
  29 19.1863 111 1.00675
  30 20.1863 116 1.09285
14550000 30 3640
  1 -8.81367 95 0.952177
  2 -7.81367 136 1.32688
  3 -6.81367 124 1.13145
  4 -5.81367 122 1.28556
  5 -4.81367 125 1.13517
  6 -3.81367 137 1.46106
  7 -2.81367 119 1.16002
  8 -1.81367 127 1.25951
  9 -0.813671 107 1.00839
  10 0.186329 122 1.14138
  11 1.18633 96 0.938556
  12 2.18633 130 1.34424
  13 3.18633 126 1.13152
  14 4.18633 134 1.41508
  15 5.18633 122 1.10163
  16 6.18633 128 1.23092
  17 7.18633 120 1.11156
  18 8.18633 123 1.09545
  19 9.18633 153 1.618
  20 10.1863 120 1.17866
  21 11.1863 125 1.28441
  22 12.1863 114 1.0754
  23 13.1863 132 1.23484
  24 14.1863 115 1.16626
  25 15.1863 113 1.20479
  26 16.1863 118 1.15128
  27 17.1863 122 1.29566
  28 18.1863 119 1.2297
  29 19.1863 114 0.994612
  30 20.1863 102 0.896213
14560000 30 3640
  1 -8.81367 94 0.866627
  2 -7.81367 148 1.53104
  3 -6.81367 123 1.11335
  4 -5.81367 127 1.25322
  5 -4.81367 125 1.20253
  6 -3.81367 131 1.28793
  7 -2.81367 119 1.2335
  8 -1.81367 133 1.25705
  9 -0.813671 120 1.15676
  10 0.186329 95 0.87029
  11 1.18633 110 1.05646
  12 2.18633 118 1.11457
  13 3.18633 136 1.37592
  14 4.18633 123 1.2571
  15 5.18633 135 1.21631
  16 6.18633 118 1.06496
  17 7.18633 120 1.16416
  18 8.18633 128 1.15302
  19 9.18633 141 1.45664
  20 10.1863 125 1.29662
  21 11.1863 124 1.30658
  22 12.1863 116 1.00921
  23 13.1863 115 1.10588
  24 14.1863 115 1.25216
  25 15.1863 127 1.22725
  26 16.1863 114 1.11447
  27 17.1863 123 1.27078
  28 18.1863 121 1.18511
  29 19.1863 120 1.07742
  30 20.1863 96 0.942131
14570000 30 3640
  1 -8.81367 115 1.12907
  2 -7.81367 153 1.48202
  3 -6.81367 110 1.12142
  4 -5.81367 122 1.18404
  5 -4.81367 134 1.25418
  6 -3.81367 125 1.31162
  7 -2.81367 126 1.29917
  8 -1.81367 131 1.17913
  9 -0.813671 113 1.1866
  10 0.186329 108 1.00655
  11 1.18633 99 0.985
  12 2.18633 137 1.30062
  13 3.18633 117 1.11644
  14 4.18633 125 1.29796
  15 5.18633 125 1.15792
  16 6.18633 139 1.35677
  17 7.18633 111 1.07268
  18 8.18633 122 1.12542
  19 9.18633 144 1.47695
  20 10.1863 123 1.26783
  21 11.1863 123 1.28662
  22 12.1863 110 1.01267
  23 13.1863 117 1.09654
  24 14.1863 123 1.33931
  25 15.1863 126 1.19914
  26 16.1863 116 1.27402
  27 17.1863 123 1.27416
  28 18.1863 108 1.06148
  29 19.1863 121 1.06405
  30 20.1863 94 0.841143
14580000 30 3640
  1 -8.81367 102 1.01337
  2 -7.81367 150 1.50751
  3 -6.81367 120 1.09303
  4 -5.81367 118 1.20245
  5 -4.81367 122 1.13658
  6 -3.81367 135 1.34321
  7 -2.81367 126 1.32069
  8 -1.81367 132 1.16527
  9 -0.813671 111 1.13295
  10 0.186329 105 1.06313
  11 1.18633 108 1.03828
  12 2.18633 134 1.28605
  13 3.18633 130 1.24376
  14 4.18633 127 1.21621
  15 5.18633 116 1.15023
  16 6.18633 125 1.16775
  17 7.18633 118 1.15902
  18 8.18633 124 1.08446
  19 9.18633 145 1.56102
  20 10.1863 126 1.28088
  21 11.1863 115 1.12914
  22 12.1863 102 0.961071
  23 13.1863 115 1.11679
  24 14.1863 122 1.23359
  25 15.1863 135 1.34579
  26 16.1863 118 1.17509
  27 17.1863 125 1.36067
  28 18.1863 107 1.09795
  29 19.1863 123 0.977424
  30 20.1863 104 1.00343
14590000 30 3640
  1 -8.81367 81 0.857508
  2 -7.81367 150 1.44528
  3 -6.81367 115 1.08764
  4 -5.81367 125 1.31142
  5 -4.81367 127 1.10262
  6 -3.81367 130 1.29912
  7 -2.81367 131 1.39442
  8 -1.81367 124 1.12107
  9 -0.813671 108 1.00732
  10 0.186329 108 1.1037
  11 1.18633 113 1.01483
  12 2.18633 136 1.34251
  13 3.18633 132 1.3018
  14 4.18633 127 1.29302
  15 5.18633 129 1.11996
  16 6.18633 110 1.0579
  17 7.18633 133 1.21268
  18 8.18633 108 1.03206
  19 9.18633 158 1.61597
  20 10.1863 129 1.31522
  21 11.1863 112 1.13464
  22 12.1863 116 1.0543
  23 13.1863 126 1.27325
  24 14.1863 127 1.24123
  25 15.1863 116 1.1519
  26 16.1863 134 1.37215
  27 17.1863 116 1.21008
  28 18.1863 113 1.12357
  29 19.1863 112 0.982549
  30 20.1863 94 0.772206
14600000 30 3640
  1 -8.81367 101 0.942581
  2 -7.81367 141 1.35889
  3 -6.81367 119 1.1345
  4 -5.81367 128 1.21921
  5 -4.81367 132 1.32391
  6 -3.81367 131 1.30518
  7 -2.81367 133 1.31151
  8 -1.81367 121 1.20794
  9 -0.813671 118 1.14699
  10 0.186329 101 0.951263
  11 1.18633 109 1.07727
  12 2.18633 136 1.34144
  13 3.18633 120 1.18062
  14 4.18633 129 1.26162
  15 5.18633 132 1.27169
  16 6.18633 119 1.1133
  17 7.18633 123 1.17192
  18 8.18633 113 1.02366
  19 9.18633 155 1.60192
  20 10.1863 114 1.18674
  21 11.1863 124 1.28275
  22 12.1863 105 0.920147
  23 13.1863 121 1.20933
  24 14.1863 131 1.3165
  25 15.1863 133 1.36255
  26 16.1863 127 1.31272
  27 17.1863 109 1.11206
  28 18.1863 127 1.19313
  29 19.1863 114 1.10206
  30 20.1863 74 0.674477
14610000 30 3640
  1 -8.81367 114 1.13538
  2 -7.81367 149 1.47877
  3 -6.81367 102 0.988258
  4 -5.81367 136 1.3327
  5 -4.81367 119 1.1844
  6 -3.81367 130 1.29246
  7 -2.81367 130 1.40686
  8 -1.81367 134 1.26238
  9 -0.813671 115 1.09524
  10 0.186329 102 1.00718
  11 1.18633 104 1.09398
  12 2.18633 126 1.09904
  13 3.18633 139 1.40198
  14 4.18633 123 1.25221
  15 5.18633 126 1.17074
  16 6.18633 125 1.25228
  17 7.18633 129 1.20207
  18 8.18633 108 1.04116
  19 9.18633 132 1.33785
  20 10.1863 138 1.42574
  21 11.1863 115 1.15421
  22 12.1863 118 1.13033
  23 13.1863 129 1.30891
  24 14.1863 116 1.20473
  25 15.1863 120 1.17176
  26 16.1863 121 1.32637
  27 17.1863 123 1.23347
  28 18.1863 114 1.19946
  29 19.1863 108 0.909231
  30 20.1863 95 0.823597
14620000 30 3640
  1 -8.81367 100 0.910545
  2 -7.81367 147 1.51382
  3 -6.81367 119 1.17184
  4 -5.81367 127 1.2201
  5 -4.81367 120 1.12237
  6 -3.81367 145 1.43314
  7 -2.81367 129 1.38108
  8 -1.81367 129 1.16942
  9 -0.813671 117 1.12618
  10 0.186329 97 1.01709
  11 1.18633 103 0.935252
  12 2.18633 127 1.2921
  13 3.18633 139 1.3168
  14 4.18633 123 1.21023
  15 5.18633 139 1.27605
  16 6.18633 125 1.18184
  17 7.18633 123 1.09021
  18 8.18633 121 1.15342
  19 9.18633 143 1.36139
  20 10.1863 123 1.36747
  21 11.1863 120 1.26962
  22 12.1863 115 1.00353
  23 13.1863 124 1.25616
  24 14.1863 134 1.32304
  25 15.1863 113 1.12598
  26 16.1863 116 1.15814
  27 17.1863 118 1.26731
  28 18.1863 117 1.16688
  29 19.1863 121 0.998628
  30 20.1863 66 0.572328
14630000 30 3640
  1 -8.81367 104 0.98641
  2 -7.81367 149 1.47566
  3 -6.81367 111 1.11438
  4 -5.81367 133 1.32213
  5 -4.81367 122 1.17521
  6 -3.81367 120 1.2031
  7 -2.81367 132 1.43362
  8 -1.81367 127 1.16635
  9 -0.813671 112 1.02201
  10 0.186329 114 1.18914
  11 1.18633 95 0.957208
  12 2.18633 135 1.36284
  13 3.18633 127 1.28039
  14 4.18633 134 1.28427
  15 5.18633 117 1.15126
  16 6.18633 128 1.30312
  17 7.18633 131 1.16524
  18 8.18633 116 1.14863
  19 9.18633 147 1.57063
  20 10.1863 121 1.20563
  21 11.1863 120 1.30937
  22 12.1863 101 0.892677
  23 13.1863 130 1.30586
  24 14.1863 123 1.29057
  25 15.1863 123 1.23975
  26 16.1863 117 1.14985
  27 17.1863 121 1.36409
  28 18.1863 111 1.15229
  29 19.1863 109 0.924386
  30 20.1863 110 1.07374
14640000 30 3640
  1 -8.81367 105 1.04744
  2 -7.81367 143 1.30051
  3 -6.81367 121 1.177
  4 -5.81367 125 1.25581
  5 -4.81367 122 1.16964
  6 -3.81367 139 1.37549
  7 -2.81367 126 1.26584
  8 -1.81367 120 1.08571
  9 -0.813671 128 1.22269
  10 0.186329 98 1.03023
  11 1.18633 105 0.993239
  12 2.18633 138 1.30664
  13 3.18633 119 1.1363
  14 4.18633 126 1.2177
  15 5.18633 121 1.19061
  16 6.18633 127 1.17949
  17 7.18633 121 1.0895
  18 8.18633 115 1.06972
  19 9.18633 152 1.5249
  20 10.1863 124 1.29293
  21 11.1863 120 1.23737
  22 12.1863 112 1.01913
  23 13.1863 120 1.18686
  24 14.1863 129 1.23754
  25 15.1863 129 1.3016
  26 16.1863 109 1.10049
  27 17.1863 123 1.27572
  28 18.1863 116 1.10914
  29 19.1863 126 1.14622
  30 20.1863 81 0.703299
14650000 30 3640
  1 -8.81367 106 1.12812
  2 -7.81367 143 1.31988
  3 -6.81367 119 1.24784
  4 -5.81367 115 1.1179
  5 -4.81367 132 1.29836
  6 -3.81367 133 1.29963
  7 -2.81367 129 1.37017
  8 -1.81367 126 1.21759
  9 -0.813671 113 1.07646
  10 0.186329 113 1.1243
  11 1.18633 104 1.07268
  12 2.18633 126 1.18232
  13 3.18633 128 1.28193
  14 4.18633 128 1.29846
  15 5.18633 123 1.13058
  16 6.18633 124 1.24413
  17 7.18633 129 1.13447
  18 8.18633 120 1.20248
  19 9.18633 146 1.55831
  20 10.1863 127 1.19373
  21 11.1863 113 1.25278
  22 12.1863 116 1.06506
  23 13.1863 118 1.15331
  24 14.1863 133 1.37796
  25 15.1863 114 1.20621
  26 16.1863 111 1.17331
  27 17.1863 123 1.25678
  28 18.1863 112 1.16719
  29 19.1863 118 1.01711
  30 20.1863 98 0.880759
14660000 30 3640
  1 -8.81367 112 1.12114
  2 -7.81367 138 1.37521
  3 -6.81367 113 1.14233
  4 -5.81367 126 1.22617
  5 -4.81367 123 1.13369
  6 -3.81367 129 1.35749
  7 -2.81367 138 1.32763
  8 -1.81367 128 1.20746
  9 -0.813671 104 1.12616
  10 0.186329 120 1.11243
  11 1.18633 97 0.912311
  12 2.18633 124 1.15503
  13 3.18633 123 1.28372
  14 4.18633 135 1.38145
  15 5.18633 126 1.145
  16 6.18633 119 1.12737
  17 7.18633 120 1.10869
  18 8.18633 122 1.10498
  19 9.18633 141 1.52776
  20 10.1863 130 1.30753
  21 11.1863 124 1.29246
  22 12.1863 112 1.0611
  23 13.1863 116 1.13868
  24 14.1863 124 1.23386
  25 15.1863 112 1.18985
  26 16.1863 118 1.16616
  27 17.1863 127 1.29264
  28 18.1863 127 1.33624
  29 19.1863 116 1.01367
  30 20.1863 96 0.8409
14670000 30 3640
  1 -8.81367 95 0.870961
  2 -7.81367 150 1.45571
  3 -6.81367 111 1.08485
  4 -5.81367 122 1.23526
  5 -4.81367 123 1.14585
  6 -3.81367 135 1.30752
  7 -2.81367 132 1.30886
  8 -1.81367 133 1.30621
  9 -0.813671 110 1.10366
  10 0.186329 114 1.05512
  11 1.18633 105 1.07248
  12 2.18633 124 1.12357
  13 3.18633 125 1.18937
  14 4.18633 127 1.31367
  15 5.18633 128 1.28895
  16 6.18633 134 1.15843
  17 7.18633 118 1.10481
  18 8.18633 107 1.06011
  19 9.18633 149 1.46922
  20 10.1863 129 1.32749
  21 11.1863 121 1.2887
  22 12.1863 112 1.01655
  23 13.1863 119 1.14713
  24 14.1863 121 1.21186
  25 15.1863 129 1.2951
  26 16.1863 120 1.25019
  27 17.1863 127 1.33876
  28 18.1863 120 1.16449
  29 19.1863 115 0.979281
  30 20.1863 85 0.870824
14680000 30 3640
  1 -8.81367 90 0.982969
  2 -7.81367 160 1.49072
  3 -6.81367 109 1.05247
  4 -5.81367 121 1.23729
  5 -4.81367 131 1.15686
  6 -3.81367 137 1.37509
  7 -2.81367 131 1.39117
  8 -1.81367 124 1.11461
  9 -0.813671 113 1.16175
  10 0.186329 111 0.967007
  11 1.18633 104 1.10089
  12 2.18633 126 1.22633
  13 3.18633 131 1.1878
  14 4.18633 130 1.30941
  15 5.18633 131 1.2053
  16 6.18633 128 1.24731
  17 7.18633 118 1.13439
  18 8.18633 121 1.05274
  19 9.18633 147 1.55132
  20 10.1863 117 1.19512
  21 11.1863 137 1.40371
  22 12.1863 107 0.994181
  23 13.1863 121 1.14446
  24 14.1863 116 1.21636
  25 15.1863 132 1.28948
  26 16.1863 110 1.09336
  27 17.1863 119 1.30322
  28 18.1863 127 1.20642
  29 19.1863 106 0.961941
  30 20.1863 85 0.706289
14690000 32 3640
  1 -9.81367 19 0.154324
  2 -8.81367 124 1.24835
  3 -7.81367 140 1.28131
  4 -6.81367 120 1.2583
  5 -5.81367 125 1.26589
  6 -4.81367 120 1.17995
  7 -3.81367 129 1.32541
  8 -2.81367 114 1.09273
  9 -1.81367 138 1.34056
  10 -0.813671 107 1.08398
  11 0.186329 103 0.997956
  12 1.18633 94 1.03202
  13 2.18633 135 1.23823
  14 3.18633 117 1.23817
  15 4.18633 130 1.13965
  16 5.18633 129 1.31777
  17 6.18633 126 1.17887
  18 7.18633 103 1.04338
  19 8.18633 137 1.25725
  20 9.18633 124 1.30398
  21 10.1863 131 1.32791
  22 11.1863 104 1.18738
  23 12.1863 116 1.04851
  24 13.1863 118 1.16496
  25 14.1863 113 1.23937
  26 15.1863 131 1.32167
  27 16.1863 116 1.05358
  28 17.1863 121 1.3531
  29 18.1863 122 1.24836
  30 19.1863 102 0.937255
  31 20.1863 119 1.113
  32 21.1863 13 0.160584
14700000 30 3640
  1 -8.81367 98 1.04222
  2 -7.81367 144 1.38396
  3 -6.81367 118 1.18672
  4 -5.81367 123 1.2155
  5 -4.81367 125 1.18051
  6 -3.81367 133 1.35105
  7 -2.81367 128 1.28216
  8 -1.81367 130 1.27955
  9 -0.813671 122 1.25208
  10 0.186329 95 0.93187
  11 1.18633 100 0.91054
  12 2.18633 124 1.23826
  13 3.18633 133 1.22443
  14 4.18633 127 1.30976
  15 5.18633 132 1.22707
  16 6.18633 127 1.25316
  17 7.18633 115 1.09507
  18 8.18633 132 1.18561
  19 9.18633 133 1.44285
  20 10.1863 139 1.42023
  21 11.1863 119 1.20544
  22 12.1863 113 1.11394
  23 13.1863 115 1.12642
  24 14.1863 128 1.26846
  25 15.1863 122 1.23818
  26 16.1863 119 1.28445
  27 17.1863 124 1.3011
  28 18.1863 124 1.16915
  29 19.1863 105 1.01092
  30 20.1863 93 0.747328
14710000 30 3640
  1 -8.81367 119 1.09589
  2 -7.81367 141 1.39339
  3 -6.81367 115 1.16081
  4 -5.81367 126 1.21576
  5 -4.81367 114 1.1071
  6 -3.81367 139 1.44441
  7 -2.81367 129 1.34441
  8 -1.81367 122 1.06971
  9 -0.813671 110 1.12088
  10 0.186329 99 0.992259
  11 1.18633 110 1.0972
  12 2.18633 124 1.09591
  13 3.18633 129 1.32082
  14 4.18633 140 1.3795
  15 5.18633 130 1.25342
  16 6.18633 118 1.12338
  17 7.18633 120 1.0847
  18 8.18633 118 1.09104
  19 9.18633 147 1.57061
  20 10.1863 125 1.17588
  21 11.1863 127 1.39688
  22 12.1863 106 1.01092
  23 13.1863 117 1.07222
  24 14.1863 124 1.36957
  25 15.1863 120 1.02479
  26 16.1863 114 1.26185
  27 17.1863 116 1.17207
  28 18.1863 115 1.23833
  29 19.1863 115 0.938599
  30 20.1863 111 1.0784
14720000 30 3640
  1 -8.81367 94 0.9179
  2 -7.81367 152 1.47061
  3 -6.81367 120 1.16792
  4 -5.81367 117 1.18278
  5 -4.81367 124 1.10673
  6 -3.81367 132 1.3329
  7 -2.81367 132 1.44787
  8 -1.81367 132 1.17048
  9 -0.813671 122 1.288
  10 0.186329 106 0.976723
  11 1.18633 101 0.957925
  12 2.18633 138 1.37053
  13 3.18633 130 1.19923
  14 4.18633 130 1.32421
  15 5.18633 119 1.16925
  16 6.18633 120 1.12042
  17 7.18633 119 1.09794
  18 8.18633 111 1.04172
  19 9.18633 145 1.51427
  20 10.1863 138 1.36047
  21 11.1863 112 1.27032
  22 12.1863 112 1.03292
  23 13.1863 133 1.24165
  24 14.1863 124 1.30066
  25 15.1863 123 1.19042
  26 16.1863 123 1.29778
  27 17.1863 117 1.22304
  28 18.1863 122 1.21037
  29 19.1863 110 0.977967
  30 20.1863 82 0.762776
14730000 30 3640
  1 -8.81367 110 1.00024
  2 -7.81367 146 1.49332
  3 -6.81367 112 1.05408
  4 -5.81367 132 1.30741
  5 -4.81367 113 1.15188
  6 -3.81367 130 1.24731
  7 -2.81367 130 1.35139
  8 -1.81367 129 1.31121
  9 -0.813671 107 1.03163
  10 0.186329 97 0.855906
  11 1.18633 108 1.12553
  12 2.18633 139 1.26762
  13 3.18633 124 1.29994
  14 4.18633 125 1.29996
  15 5.18633 140 1.28508
  16 6.18633 122 1.20962
  17 7.18633 122 1.10938
  18 8.18633 119 1.14827
  19 9.18633 143 1.47314
  20 10.1863 129 1.28992
  21 11.1863 113 1.24217
  22 12.1863 111 0.983917
  23 13.1863 126 1.23851
  24 14.1863 131 1.34276
  25 15.1863 112 1.19324
  26 16.1863 119 1.12308
  27 17.1863 132 1.46443
  28 18.1863 121 1.19957
  29 19.1863 105 0.802096
  30 20.1863 93 0.948543
14740000 30 3640
  1 -8.81367 79 0.811546
  2 -7.81367 157 1.47535
  3 -6.81367 112 1.09195
  4 -5.81367 130 1.26677
  5 -4.81367 111 1.09935
  6 -3.81367 140 1.32017
  7 -2.81367 128 1.33131
  8 -1.81367 133 1.23464
  9 -0.813671 122 1.13291
  10 0.186329 93 0.945539
  11 1.18633 121 1.2619
  12 2.18633 117 1.16396
  13 3.18633 141 1.32028
  14 4.18633 113 1.0895
  15 5.18633 142 1.32895
  16 6.18633 114 1.06091
  17 7.18633 127 1.17141
  18 8.18633 122 1.08459
  19 9.18633 134 1.46781
  20 10.1863 134 1.33381
  21 11.1863 113 1.16994
  22 12.1863 121 1.11066
  23 13.1863 122 1.16888
  24 14.1863 132 1.37485
  25 15.1863 118 1.16388
  26 16.1863 126 1.26558
  27 17.1863 113 1.1974
  28 18.1863 112 1.11296
  29 19.1863 125 1.05982
  30 20.1863 88 0.833766
14750000 30 3640
  1 -8.81367 93 0.950696
  2 -7.81367 151 1.42236
  3 -6.81367 117 1.13901
  4 -5.81367 118 1.29974
  5 -4.81367 125 1.13664
  6 -3.81367 131 1.28119
  7 -2.81367 129 1.35603
  8 -1.81367 123 1.15649
  9 -0.813671 125 1.14539
  10 0.186329 97 0.988111
  11 1.18633 108 1.10918
  12 2.18633 122 1.1055
  13 3.18633 128 1.25
  14 4.18633 132 1.38235
  15 5.18633 135 1.22149
  16 6.18633 136 1.26502
  17 7.18633 112 1.0443
  18 8.18633 123 1.21272
  19 9.18633 148 1.54194
  20 10.1863 126 1.27997
  21 11.1863 116 1.18511
  22 12.1863 124 1.13911
  23 13.1863 110 1.12784
  24 14.1863 126 1.25887
  25 15.1863 126 1.25504
  26 16.1863 115 1.09288
  27 17.1863 120 1.31735
  28 18.1863 113 1.13781
  29 19.1863 115 1.0281
  30 20.1863 96 0.813487
14760000 30 3640
  1 -8.81367 94 0.879398
  2 -7.81367 150 1.46856
  3 -6.81367 117 1.09551
  4 -5.81367 126 1.21274
  5 -4.81367 116 1.15721
  6 -3.81367 134 1.31524
  7 -2.81367 139 1.42517
  8 -1.81367 128 1.17824
  9 -0.813671 113 1.16347
  10 0.186329 103 0.931308
  11 1.18633 99 1.00536
  12 2.18633 135 1.20922
  13 3.18633 130 1.33505
  14 4.18633 119 1.14123
  15 5.18633 122 1.11786
  16 6.18633 135 1.28934
  17 7.18633 117 1.03384
  18 8.18633 126 1.26343
  19 9.18633 140 1.33513
  20 10.1863 133 1.34501
  21 11.1863 118 1.25841
  22 12.1863 124 1.08076
  23 13.1863 121 1.32258
  24 14.1863 125 1.2969
  25 15.1863 125 1.10172
  26 16.1863 118 1.12882
  27 17.1863 127 1.4671
  28 18.1863 113 1.05601
  29 19.1863 118 0.951186
  30 20.1863 75 0.719991
14770000 30 3640
  1 -8.81367 81 0.844366
  2 -7.81367 145 1.27049
  3 -6.81367 108 1.15697
  4 -5.81367 127 1.2456
  5 -4.81367 124 1.11777
  6 -3.81367 132 1.32188
  7 -2.81367 142 1.46098
  8 -1.81367 135 1.25433
  9 -0.813671 108 1.09795
  10 0.186329 111 0.99962
  11 1.18633 111 1.13377
  12 2.18633 123 1.10178
  13 3.18633 137 1.26661
  14 4.18633 121 1.26041
  15 5.18633 126 1.11045
  16 6.18633 120 1.17918
  17 7.18633 127 1.16815
  18 8.18633 128 1.21261
  19 9.18633 138 1.32442
  20 10.1863 132 1.35888
  21 11.1863 111 1.1397
  22 12.1863 126 1.19525
  23 13.1863 131 1.31711
  24 14.1863 127 1.25069
  25 15.1863 127 1.25554
  26 16.1863 134 1.32931
  27 17.1863 116 1.26166
  28 18.1863 117 1.0242
  29 19.1863 111 0.971282
  30 20.1863 64 0.536717
14780000 30 3640
  1 -8.81367 135 1.31134
  2 -7.81367 140 1.36108
  3 -6.81367 106 1.06395
  4 -5.81367 125 1.22171
  5 -4.81367 118 1.1298
  6 -3.81367 129 1.31752
  7 -2.81367 123 1.25148
  8 -1.81367 131 1.21437
  9 -0.813671 122 1.20696
  10 0.186329 100 0.960926
  11 1.18633 109 1.10874
  12 2.18633 129 1.14737
  13 3.18633 130 1.35472
  14 4.18633 126 1.19703
  15 5.18633 124 1.19823
  16 6.18633 125 1.14351
  17 7.18633 123 1.11378
  18 8.18633 119 1.13243
  19 9.18633 144 1.47156
  20 10.1863 117 1.16591
  21 11.1863 124 1.32231
  22 12.1863 112 1.01064
  23 13.1863 118 1.12242
  24 14.1863 129 1.42439
  25 15.1863 124 1.20689
  26 16.1863 130 1.30008
  27 17.1863 118 1.27896
  28 18.1863 108 1.03038
  29 19.1863 110 0.898845
  30 20.1863 92 0.843961
14790000 30 3640
  1 -8.81367 83 0.925094
  2 -7.81367 142 1.35723
  3 -6.81367 119 1.09029
  4 -5.81367 138 1.41418
  5 -4.81367 120 1.1399
  6 -3.81367 136 1.33108
  7 -2.81367 119 1.16847
  8 -1.81367 138 1.35712
  9 -0.813671 115 1.15857
  10 0.186329 110 0.994788
  11 1.18633 99 0.948801
  12 2.18633 122 1.19086
  13 3.18633 129 1.26038
  14 4.18633 128 1.2355
  15 5.18633 133 1.34731
  16 6.18633 120 1.07414
  17 7.18633 128 1.14129
  18 8.18633 122 1.15615
  19 9.18633 149 1.61537
  20 10.1863 126 1.19952
  21 11.1863 115 1.18577
  22 12.1863 112 1.0506
  23 13.1863 124 1.22308
  24 14.1863 131 1.32631
  25 15.1863 113 1.09644
  26 16.1863 122 1.25524
  27 17.1863 124 1.26915
  28 18.1863 114 1.12251
  29 19.1863 122 1.07545
  30 20.1863 87 0.766183
14800000 30 3640
  1 -8.81367 96 0.909521
  2 -7.81367 134 1.33137
  3 -6.81367 115 1.10794
  4 -5.81367 129 1.30389
  5 -4.81367 116 1.03113
  6 -3.81367 137 1.42544
  7 -2.81367 124 1.2296
  8 -1.81367 119 1.16868
  9 -0.813671 128 1.26069
  10 0.186329 105 0.979005
  11 1.18633 105 1.02371
  12 2.18633 131 1.24087
  13 3.18633 125 1.25062
  14 4.18633 127 1.24195
  15 5.18633 135 1.23717
  16 6.18633 115 1.15132
  17 7.18633 127 1.09447
  18 8.18633 111 1.04731
  19 9.18633 150 1.60664
  20 10.1863 142 1.34373
  21 11.1863 110 1.18851
  22 12.1863 119 1.08947
  23 13.1863 125 1.13412
  24 14.1863 123 1.36358
  25 15.1863 119 1.14891
  26 16.1863 123 1.24185
  27 17.1863 119 1.25201
  28 18.1863 117 1.08317
  29 19.1863 119 1.04485
  30 20.1863 95 0.916865
14810000 30 3640
  1 -8.81367 116 1.02034
  2 -7.81367 142 1.44951
  3 -6.81367 111 1.08096
  4 -5.81367 129 1.24849
  5 -4.81367 119 1.14793
  6 -3.81367 126 1.31541
  7 -2.81367 131 1.30066
  8 -1.81367 127 1.20379
  9 -0.813671 117 1.14934
  10 0.186329 113 1.04387
  11 1.18633 95 0.861412
  12 2.18633 131 1.28459
  13 3.18633 133 1.25601
  14 4.18633 127 1.34276
  15 5.18633 126 1.16671
  16 6.18633 125 1.15543
  17 7.18633 117 1.14672
  18 8.18633 121 1.0849
  19 9.18633 145 1.48671
  20 10.1863 123 1.23116
  21 11.1863 122 1.29307
  22 12.1863 107 0.956911
  23 13.1863 126 1.3379
  24 14.1863 126 1.17792
  25 15.1863 120 1.13065
  26 16.1863 108 1.14911
  27 17.1863 129 1.36151
  28 18.1863 115 1.09213
  29 19.1863 118 1.02402
  30 20.1863 95 0.95803
14820000 30 3640
  1 -8.81367 123 1.21917
  2 -7.81367 124 1.19545
  3 -6.81367 121 1.28497
  4 -5.81367 133 1.17691
  5 -4.81367 120 1.21155
  6 -3.81367 126 1.26384
  7 -2.81367 124 1.23037
  8 -1.81367 127 1.19793
  9 -0.813671 113 1.06378
  10 0.186329 99 0.976602
  11 1.18633 109 1.07744
  12 2.18633 131 1.26272
  13 3.18633 122 1.17432
  14 4.18633 116 1.19797
  15 5.18633 129 1.21177
  16 6.18633 133 1.24278
  17 7.18633 120 1.11217
  18 8.18633 112 1.11473
  19 9.18633 143 1.40199
  20 10.1863 128 1.32855
  21 11.1863 113 1.14066
  22 12.1863 118 1.10348
  23 13.1863 110 1.05498
  24 14.1863 116 1.15705
  25 15.1863 121 1.2179
  26 16.1863 130 1.3857
  27 17.1863 117 1.08236
  28 18.1863 113 1.24646
  29 19.1863 136 1.1658
  30 20.1863 113 1.04253
14830000 30 3640
  1 -8.81367 90 0.917457
  2 -7.81367 152 1.52235
  3 -6.81367 114 1.13023
  4 -5.81367 128 1.24345
  5 -4.81367 121 1.03204
  6 -3.81367 131 1.41146
  7 -2.81367 135 1.34932
  8 -1.81367 116 1.13641
  9 -0.813671 121 1.21003
  10 0.186329 111 1.00097
  11 1.18633 95 0.926151
  12 2.18633 134 1.28972
  13 3.18633 131 1.37167
  14 4.18633 138 1.29955
  15 5.18633 123 1.15034
  16 6.18633 118 1.11284
  17 7.18633 124 1.21002
  18 8.18633 124 1.11545
  19 9.18633 147 1.485
  20 10.1863 129 1.32935
  21 11.1863 126 1.20991
  22 12.1863 110 1.09668
  23 13.1863 120 1.14524
  24 14.1863 122 1.30591
  25 15.1863 129 1.25223
  26 16.1863 105 1.08412
  27 17.1863 134 1.33071
  28 18.1863 108 1.07181
  29 19.1863 119 1.03202
  30 20.1863 85 0.791731
14840000 30 3640
  1 -8.81367 113 1.05265
  2 -7.81367 146 1.5275
  3 -6.81367 108 1.01501
  4 -5.81367 128 1.2724
  5 -4.81367 120 1.13433
  6 -3.81367 127 1.38408
  7 -2.81367 139 1.35668
  8 -1.81367 132 1.24605
  9 -0.813671 116 1.19344
  10 0.186329 105 0.993718
  11 1.18633 99 1.03255
  12 2.18633 138 1.22362
  13 3.18633 127 1.29764
  14 4.18633 124 1.28491
  15 5.18633 112 1.07539
  16 6.18633 126 1.20844
  17 7.18633 113 1.02389
  18 8.18633 124 1.21097
  19 9.18633 146 1.43456
  20 10.1863 126 1.30257
  21 11.1863 113 1.19321
  22 12.1863 109 0.992426
  23 13.1863 122 1.25111
  24 14.1863 123 1.29898
  25 15.1863 121 1.15069
  26 16.1863 108 1.10906
  27 17.1863 131 1.30765
  28 18.1863 118 1.28505
  29 19.1863 117 0.964876
  30 20.1863 109 1.06525
14850000 30 3640
  1 -8.81367 88 0.781671
  2 -7.81367 138 1.49501
  3 -6.81367 121 1.12417
  4 -5.81367 132 1.28599
  5 -4.81367 117 1.092
  6 -3.81367 135 1.35522
  7 -2.81367 123 1.25769
  8 -1.81367 135 1.30952
  9 -0.813671 110 1.08709
  10 0.186329 106 0.910342
  11 1.18633 92 0.83974
  12 2.18633 134 1.27148
  13 3.18633 136 1.36646
  14 4.18633 123 1.30955
  15 5.18633 137 1.25651
  16 6.18633 124 1.13894
  17 7.18633 133 1.22558
  18 8.18633 113 1.10564
  19 9.18633 139 1.4147
  20 10.1863 135 1.30341
  21 11.1863 118 1.30081
  22 12.1863 108 0.965921
  23 13.1863 125 1.22183
  24 14.1863 128 1.27879
  25 15.1863 116 1.04625
  26 16.1863 121 1.27736
  27 17.1863 129 1.31578
  28 18.1863 110 1.12411
  29 19.1863 124 1.0377
  30 20.1863 90 0.832272
14860000 30 3640
  1 -8.81367 89 0.90097
  2 -7.81367 147 1.39852
  3 -6.81367 121 1.24504
  4 -5.81367 128 1.23759
  5 -4.81367 128 1.29662
  6 -3.81367 131 1.22127
  7 -2.81367 124 1.29411
  8 -1.81367 131 1.31914
  9 -0.813671 115 1.11207
  10 0.186329 114 1.12211
  11 1.18633 99 0.942447
  12 2.18633 128 1.19756
  13 3.18633 130 1.36695
  14 4.18633 126 1.23131
  15 5.18633 134 1.25909
  16 6.18633 119 1.17227
  17 7.18633 121 1.07693
  18 8.18633 119 1.14841
  19 9.18633 149 1.56683
  20 10.1863 115 1.14209
  21 11.1863 116 1.25508
  22 12.1863 115 1.11318
  23 13.1863 120 1.16483
  24 14.1863 130 1.32442
  25 15.1863 112 1.10193
  26 16.1863 115 1.12699
  27 17.1863 124 1.35825
  28 18.1863 110 1.15458
  29 19.1863 132 1.12847
  30 20.1863 98 0.918464
14870000 30 3640
  1 -8.81367 95 1.02733
  2 -7.81367 155 1.42066
  3 -6.81367 109 1.08793
  4 -5.81367 124 1.19054
  5 -4.81367 128 1.1894
  6 -3.81367 130 1.29804
  7 -2.81367 129 1.35985
  8 -1.81367 130 1.1276
  9 -0.813671 107 1.15602
  10 0.186329 112 1.03978
  11 1.18633 121 1.17213
  12 2.18633 119 1.11642
  13 3.18633 123 1.20799
  14 4.18633 126 1.20666
  15 5.18633 134 1.29947
  16 6.18633 124 1.12013
  17 7.18633 120 1.13868
  18 8.18633 122 1.12276
  19 9.18633 145 1.50825
  20 10.1863 124 1.20293
  21 11.1863 114 1.21024
  22 12.1863 114 1.01883
  23 13.1863 124 1.22888
  24 14.1863 130 1.32791
  25 15.1863 129 1.25982
  26 16.1863 110 1.09778
  27 17.1863 123 1.37601
  28 18.1863 103 0.959401
  29 19.1863 117 1.02752
  30 20.1863 99 0.823475
14880000 30 3640
  1 -8.81367 111 1.08947
  2 -7.81367 138 1.35491
  3 -6.81367 122 1.12045
  4 -5.81367 126 1.22328
  5 -4.81367 125 1.23575
  6 -3.81367 140 1.41309
  7 -2.81367 120 1.17748
  8 -1.81367 128 1.27538
  9 -0.813671 114 1.04618
  10 0.186329 103 0.969151
  11 1.18633 99 0.987626
  12 2.18633 121 1.17631
  13 3.18633 133 1.27179
  14 4.18633 123 1.23697
  15 5.18633 131 1.24335
  16 6.18633 125 1.17993
  17 7.18633 118 1.09193
  18 8.18633 114 1.02133
  19 9.18633 144 1.49496
  20 10.1863 130 1.3127
  21 11.1863 115 1.25919
  22 12.1863 105 0.907169
  23 13.1863 130 1.24077
  24 14.1863 122 1.24831
  25 15.1863 125 1.22953
  26 16.1863 113 1.13772
  27 17.1863 121 1.30146
  28 18.1863 120 1.22956
  29 19.1863 119 1.01137
  30 20.1863 105 0.961577
14890000 30 3640
  1 -8.81367 117 1.23186
  2 -7.81367 148 1.4171
  3 -6.81367 111 1.16175
  4 -5.81367 117 1.07429
  5 -4.81367 126 1.17316
  6 -3.81367 127 1.36426
  7 -2.81367 137 1.33945
  8 -1.81367 111 1.05299
  9 -0.813671 117 1.16193
  10 0.186329 104 1.01813
  11 1.18633 107 1.0243
  12 2.18633 109 1.08941
  13 3.18633 139 1.34695
  14 4.18633 127 1.32313
  15 5.18633 129 1.18326
  16 6.18633 117 1.06931
  17 7.18633 123 1.19692
  18 8.18633 124 1.1457
  19 9.18633 141 1.43438
  20 10.1863 122 1.29437
  21 11.1863 126 1.30439
  22 12.1863 110 0.963133
  23 13.1863 123 1.12691
  24 14.1863 112 1.2643
  25 15.1863 118 1.18939
  26 16.1863 129 1.28809
  27 17.1863 115 1.26315
  28 18.1863 123 1.19438
  29 19.1863 124 1.11189
  30 20.1863 107 0.923056
14900000 30 3640
  1 -8.81367 65 0.644125
  2 -7.81367 153 1.52001
  3 -6.81367 119 1.06302
  4 -5.81367 133 1.39281
  5 -4.81367 126 1.11967
  6 -3.81367 136 1.36709
  7 -2.81367 127 1.23534
  8 -1.81367 138 1.32279
  9 -0.813671 113 1.08526
  10 0.186329 106 0.969321
  11 1.18633 101 1.05204
  12 2.18633 126 1.18735
  13 3.18633 130 1.22793
  14 4.18633 126 1.3031
  15 5.18633 133 1.2084
  16 6.18633 121 1.12574
  17 7.18633 132 1.21823
  18 8.18633 118 1.0508
  19 9.18633 153 1.56047
  20 10.1863 115 1.18234
  21 11.1863 108 1.04938
  22 12.1863 120 1.19837
  23 13.1863 124 1.13946
  24 14.1863 130 1.36466
  25 15.1863 112 1.1466
  26 16.1863 133 1.2083
  27 17.1863 122 1.33266
  28 18.1863 126 1.2231
  29 19.1863 113 0.949749
  30 20.1863 81 0.741458
14910000 30 3640
  1 -8.81367 99 0.886042
  2 -7.81367 138 1.33959
  3 -6.81367 118 1.16144
  4 -5.81367 128 1.24917
  5 -4.81367 131 1.29364
  6 -3.81367 119 1.18739
  7 -2.81367 145 1.45182
  8 -1.81367 117 1.04537
  9 -0.813671 114 1.1418
  10 0.186329 110 1.0158
  11 1.18633 114 1.12203
  12 2.18633 110 1.07877
  13 3.18633 142 1.3951
  14 4.18633 121 1.15652
  15 5.18633 130 1.26907
  16 6.18633 136 1.2912
  17 7.18633 110 0.936767
  18 8.18633 125 1.13566
  19 9.18633 141 1.48153
  20 10.1863 128 1.30102
  21 11.1863 116 1.12441
  22 12.1863 108 1.03181
  23 13.1863 136 1.31722
  24 14.1863 119 1.24924
  25 15.1863 129 1.24435
  26 16.1863 125 1.2479
  27 17.1863 119 1.30237
  28 18.1863 123 1.13066
  29 19.1863 114 0.962707
  30 20.1863 75 0.752419
14920000 30 3640
  1 -8.81367 110 1.05058
  2 -7.81367 148 1.417
  3 -6.81367 118 1.1073
  4 -5.81367 122 1.24406
  5 -4.81367 124 1.13203
  6 -3.81367 120 1.16399
  7 -2.81367 130 1.31079
  8 -1.81367 123 1.25267
  9 -0.813671 124 1.20976
  10 0.186329 118 1.11599
  11 1.18633 99 0.939747
  12 2.18633 119 1.06303
  13 3.18633 136 1.28986
  14 4.18633 124 1.3551
  15 5.18633 134 1.18515
  16 6.18633 118 1.11221
  17 7.18633 126 1.18508
  18 8.18633 118 1.02113
  19 9.18633 135 1.38481
  20 10.1863 128 1.31808
  21 11.1863 131 1.29475
  22 12.1863 111 1.08511
  23 13.1863 121 1.17761
  24 14.1863 138 1.39103
  25 15.1863 104 0.992605
  26 16.1863 128 1.2602
  27 17.1863 112 1.23429
  28 18.1863 123 1.15298
  29 19.1863 107 0.91875
  30 20.1863 91 0.864411
14930000 30 3640
  1 -8.81367 111 1.08328
  2 -7.81367 149 1.40281
  3 -6.81367 106 1.06329
  4 -5.81367 136 1.36889
  5 -4.81367 118 1.0958
  6 -3.81367 134 1.34768
  7 -2.81367 125 1.3078
  8 -1.81367 138 1.30908
  9 -0.813671 116 1.09951
  10 0.186329 105 1.04847
  11 1.18633 92 0.941
  12 2.18633 132 1.22933
  13 3.18633 134 1.33282
  14 4.18633 118 1.16926
  15 5.18633 126 1.27427
  16 6.18633 119 1.04339
  17 7.18633 125 1.10828
  18 8.18633 123 1.21688
  19 9.18633 150 1.53122
  20 10.1863 122 1.20677
  21 11.1863 115 1.19669
  22 12.1863 117 1.10196
  23 13.1863 111 1.14317
  24 14.1863 133 1.33047
  25 15.1863 118 1.23163
  26 16.1863 124 1.18057
  27 17.1863 125 1.33413
  28 18.1863 106 1.04704
  29 19.1863 119 1.02471
  30 20.1863 93 0.884807
14940000 30 3640
  1 -8.81367 108 1.1705
  2 -7.81367 151 1.47129
  3 -6.81367 114 1.08197
  4 -5.81367 128 1.21665
  5 -4.81367 125 1.2242
  6 -3.81367 122 1.20663
  7 -2.81367 140 1.39266
  8 -1.81367 121 1.18668
  9 -0.813671 123 1.30532
  10 0.186329 108 0.926114
  11 1.18633 101 1.02083
  12 2.18633 124 1.08585
  13 3.18633 136 1.41129
  14 4.18633 128 1.30032
  15 5.18633 137 1.23312
  16 6.18633 116 1.1318
  17 7.18633 119 1.11817
  18 8.18633 111 1.08576
  19 9.18633 138 1.3827
  20 10.1863 134 1.39879
  21 11.1863 114 1.14305
  22 12.1863 114 1.04949
  23 13.1863 132 1.30917
  24 14.1863 115 1.16314
  25 15.1863 124 1.24407
  26 16.1863 109 1.10184
  27 17.1863 121 1.29912
  28 18.1863 109 1.14675
  29 19.1863 112 0.933577
  30 20.1863 106 0.912325
14950000 30 3640
  1 -8.81367 81 0.838979
  2 -7.81367 143 1.38076
  3 -6.81367 130 1.23784
  4 -5.81367 120 1.25632
  5 -4.81367 122 1.10243
  6 -3.81367 135 1.38564
  7 -2.81367 120 1.14719
  8 -1.81367 140 1.37823
  9 -0.813671 113 1.08256
  10 0.186329 107 0.969494
  11 1.18633 110 1.172
  12 2.18633 118 1.17205
  13 3.18633 127 1.11611
  14 4.18633 147 1.48518
  15 5.18633 123 1.15842
  16 6.18633 129 1.16335
  17 7.18633 116 1.13718
  18 8.18633 134 1.26036
  19 9.18633 144 1.51493
  20 10.1863 129 1.22916
  21 11.1863 123 1.26383
  22 12.1863 110 1.01547
  23 13.1863 121 1.20935
  24 14.1863 116 1.19806
  25 15.1863 134 1.35464
  26 16.1863 112 1.15331
  27 17.1863 123 1.27639
  28 18.1863 126 1.15464
  29 19.1863 111 0.948416
  30 20.1863 76 0.745668
14960000 30 3640
  1 -8.81367 93 0.907969
  2 -7.81367 145 1.43735
  3 -6.81367 128 1.26781
  4 -5.81367 120 1.20423
  5 -4.81367 127 1.20188
  6 -3.81367 127 1.22917
  7 -2.81367 127 1.23059
  8 -1.81367 129 1.32749
  9 -0.813671 123 1.19945
  10 0.186329 105 1.02503
  11 1.18633 98 0.93174
  12 2.18633 136 1.2332
  13 3.18633 132 1.43455
  14 4.18633 132 1.23677
  15 5.18633 116 1.16082
  16 6.18633 124 1.11976
  17 7.18633 128 1.24425
  18 8.18633 123 1.06749
  19 9.18633 154 1.63272
  20 10.1863 115 1.13585
  21 11.1863 126 1.29139
  22 12.1863 104 0.973939
  23 13.1863 134 1.33152
  24 14.1863 116 1.14465
  25 15.1863 125 1.24168
  26 16.1863 119 1.21675
  27 17.1863 122 1.31513
  28 18.1863 126 1.18332
  29 19.1863 106 0.932943
  30 20.1863 80 0.723599
14970000 30 3640
  1 -8.81367 114 1.15906
  2 -7.81367 145 1.38873
  3 -6.81367 118 1.13381
  4 -5.81367 129 1.26682
  5 -4.81367 118 1.15511
  6 -3.81367 133 1.35597
  7 -2.81367 123 1.20918
  8 -1.81367 125 1.24046
  9 -0.813671 116 1.18413
  10 0.186329 107 1.00712
  11 1.18633 110 1.05096
  12 2.18633 120 1.13524
  13 3.18633 134 1.32218
  14 4.18633 130 1.30074
  15 5.18633 123 1.18793
  16 6.18633 125 1.24296
  17 7.18633 124 1.11894
  18 8.18633 112 1.03598
  19 9.18633 147 1.47031
  20 10.1863 119 1.28937
  21 11.1863 116 1.16768
  22 12.1863 118 1.16652
  23 13.1863 127 1.18914
  24 14.1863 122 1.30082
  25 15.1863 115 1.16017
  26 16.1863 119 1.16017
  27 17.1863 112 1.21413
  28 18.1863 114 1.2618
  29 19.1863 125 1.05867
  30 20.1863 100 0.939173
14980000 30 3640
  1 -8.81367 108 1.12482
  2 -7.81367 157 1.46362
  3 -6.81367 112 1.131
  4 -5.81367 125 1.20972
  5 -4.81367 126 1.2472
  6 -3.81367 130 1.27352
  7 -2.81367 129 1.3846
  8 -1.81367 136 1.27601
  9 -0.813671 103 1.04493
  10 0.186329 110 0.973713
  11 1.18633 106 1.08613
  12 2.18633 127 1.19237
  13 3.18633 130 1.29349
  14 4.18633 124 1.22722
  15 5.18633 127 1.22731
  16 6.18633 134 1.31355
  17 7.18633 124 1.09369
  18 8.18633 119 1.13617
  19 9.18633 148 1.47095
  20 10.1863 113 1.2072
  21 11.1863 121 1.20597
  22 12.1863 121 1.21105
  23 13.1863 119 1.14364
  24 14.1863 120 1.19855
  25 15.1863 109 1.11478
  26 16.1863 133 1.36589
  27 17.1863 117 1.25234
  28 18.1863 117 1.08239
  29 19.1863 113 1.02611
  30 20.1863 82 0.728627
14990000 30 3640
  1 -8.81367 111 1.09027
  2 -7.81367 129 1.23651
  3 -6.81367 122 1.28362
  4 -5.81367 126 1.18392
  5 -4.81367 127 1.26503
  6 -3.81367 137 1.30008
  7 -2.81367 118 1.22752
  8 -1.81367 138 1.33745
  9 -0.813671 104 1.01547
  10 0.186329 101 0.97411
  11 1.18633 99 1.03779
  12 2.18633 130 1.19282
  13 3.18633 119 1.18143
  14 4.18633 140 1.31754
  15 5.18633 118 1.10901
  16 6.18633 122 1.24015
  17 7.18633 126 1.15149
  18 8.18633 123 1.12792
  19 9.18633 145 1.57465
  20 10.1863 126 1.20888
  21 11.1863 119 1.30864
  22 12.1863 118 1.0567
  23 13.1863 117 1.09651
  24 14.1863 128 1.31259
  25 15.1863 121 1.27127
  26 16.1863 116 1.09531
  27 17.1863 111 1.2013
  28 18.1863 121 1.24511
  29 19.1863 119 1.05786
  30 20.1863 109 0.979145
15000000 30 3640
  1 -8.81367 90 0.898121
  2 -7.81367 146 1.39862
  3 -6.81367 106 1.0146
  4 -5.81367 132 1.36988
  5 -4.81367 127 1.16326
  6 -3.81367 129 1.2882
  7 -2.81367 138 1.32551
  8 -1.81367 123 1.22745
  9 -0.813671 118 1.1881
  10 0.186329 108 1.0716
  11 1.18633 96 0.841231
  12 2.18633 126 1.18062
  13 3.18633 131 1.31309
  14 4.18633 126 1.23754
  15 5.18633 131 1.27974
  16 6.18633 115 1.0319
  17 7.18633 127 1.20164
  18 8.18633 120 1.01224
  19 9.18633 148 1.62393
  20 10.1863 124 1.26222
  21 11.1863 117 1.14705
  22 12.1863 123 1.1942
  23 13.1863 117 1.21522
  24 14.1863 125 1.18815
  25 15.1863 125 1.21888
  26 16.1863 111 1.0418
  27 17.1863 127 1.35648
  28 18.1863 117 1.21512
  29 19.1863 125 1.11372
  30 20.1863 92 0.771869
15010000 30 3640
  1 -8.81367 86 0.874953
  2 -7.81367 136 1.28957
  3 -6.81367 128 1.2251
  4 -5.81367 137 1.29063
  5 -4.81367 119 1.12982
  6 -3.81367 137 1.38089
  7 -2.81367 123 1.29313
  8 -1.81367 137 1.22883
  9 -0.813671 115 1.16332
  10 0.186329 99 0.919489
  11 1.18633 119 1.13234
  12 2.18633 129 1.23763
  13 3.18633 122 1.20654
  14 4.18633 125 1.24113
  15 5.18633 143 1.43055
  16 6.18633 122 1.11129
  17 7.18633 112 0.995052
  18 8.18633 119 1.10272
  19 9.18633 145 1.44787
  20 10.1863 124 1.27698
  21 11.1863 114 1.2015
  22 12.1863 122 1.08775
  23 13.1863 131 1.25367
  24 14.1863 125 1.31676
  25 15.1863 113 1.11614
  26 16.1863 123 1.21025
  27 17.1863 129 1.38965
  28 18.1863 107 1.05062
  29 19.1863 121 0.971586
  30 20.1863 78 0.779546
15020000 30 3640
  1 -8.81367 101 1.0529
  2 -7.81367 138 1.28882
  3 -6.81367 111 1.11771
  4 -5.81367 131 1.32097
  5 -4.81367 121 1.10533
  6 -3.81367 128 1.37715
  7 -2.81367 120 1.17888
  8 -1.81367 139 1.29614
  9 -0.813671 109 1.15022
  10 0.186329 111 0.994368
  11 1.18633 101 0.983149
  12 2.18633 129 1.28989
  13 3.18633 133 1.20152
  14 4.18633 118 1.2661
  15 5.18633 129 1.22268
  16 6.18633 124 1.18888
  17 7.18633 125 1.16897
  18 8.18633 120 1.0693
  19 9.18633 149 1.51946
  20 10.1863 114 1.14144
  21 11.1863 125 1.32346
  22 12.1863 113 1.02301
  23 13.1863 125 1.21517
  24 14.1863 120 1.30745
  25 15.1863 132 1.32351
  26 16.1863 111 1.07281
  27 17.1863 123 1.35109
  28 18.1863 123 1.22001
  29 19.1863 110 0.861021
  30 20.1863 107 1.01046
15030000 30 3640
  1 -8.81367 91 0.903254
  2 -7.81367 140 1.40921
  3 -6.81367 115 1.07815
  4 -5.81367 121 1.2229
  5 -4.81367 122 1.12067
  6 -3.81367 134 1.38286
  7 -2.81367 133 1.29548
  8 -1.81367 133 1.33907
  9 -0.813671 114 1.14191
  10 0.186329 109 0.933307
  11 1.18633 111 1.16938
  12 2.18633 129 1.17943
  13 3.18633 130 1.32797
  14 4.18633 126 1.2355
  15 5.18633 142 1.40421
  16 6.18633 108 1.04686
  17 7.18633 133 1.14575
  18 8.18633 109 0.980863
  19 9.18633 163 1.71889
  20 10.1863 116 1.20168
  21 11.1863 113 1.15921
  22 12.1863 118 1.14689
  23 13.1863 124 1.18452
  24 14.1863 124 1.30666
  25 15.1863 116 1.15557
  26 16.1863 109 1.14671
  27 17.1863 134 1.34927
  28 18.1863 114 1.14425
  29 19.1863 125 1.02586
  30 20.1863 84 0.835704
15040000 30 3640
  1 -8.81367 113 1.01195
  2 -7.81367 143 1.4465
  3 -6.81367 110 1.08418
  4 -5.81367 130 1.34142
  5 -4.81367 131 1.20668
  6 -3.81367 129 1.33896
  7 -2.81367 120 1.21041
  8 -1.81367 120 1.17171
  9 -0.813671 131 1.22798
  10 0.186329 98 0.924395
  11 1.18633 96 1.00813
  12 2.18633 126 1.1506
  13 3.18633 124 1.29274
  14 4.18633 141 1.35907
  15 5.18633 116 1.15678
  16 6.18633 128 1.18043
  17 7.18633 112 1.01934
  18 8.18633 126 1.12683
  19 9.18633 140 1.45028
  20 10.1863 130 1.33773
  21 11.1863 111 1.1404
  22 12.1863 124 1.17789
  23 13.1863 119 1.19791
  24 14.1863 136 1.34179
  25 15.1863 119 1.26646
  26 16.1863 108 1.06047
  27 17.1863 121 1.23042
  28 18.1863 127 1.29162
  29 19.1863 114 0.993207
  30 20.1863 97 0.941793
15050000 30 3640
  1 -8.81367 93 0.936374
  2 -7.81367 150 1.5134
  3 -6.81367 105 0.950151
  4 -5.81367 130 1.24222
  5 -4.81367 117 1.15146
  6 -3.81367 141 1.41383
  7 -2.81367 126 1.26835
  8 -1.81367 135 1.29076
  9 -0.813671 118 1.1591
  10 0.186329 103 1.01218
  11 1.18633 110 1.1168
  12 2.18633 129 1.26097
  13 3.18633 130 1.22621
  14 4.18633 130 1.23598
  15 5.18633 121 1.18514
  16 6.18633 126 1.16901
  17 7.18633 123 1.16774
  18 8.18633 123 1.13297
  19 9.18633 145 1.49218
  20 10.1863 122 1.159
  21 11.1863 113 1.26688
  22 12.1863 116 1.00864
  23 13.1863 125 1.19515
  24 14.1863 126 1.34554
  25 15.1863 115 1.10053
  26 16.1863 111 1.18867
  27 17.1863 134 1.4027
  28 18.1863 113 1.12664
  29 19.1863 126 1.04845
  30 20.1863 84 0.761059
15060000 30 3640
  1 -8.81367 57 0.471847
  2 -7.81367 149 1.46094
  3 -6.81367 127 1.22728
  4 -5.81367 123 1.26284
  5 -4.81367 131 1.21872
  6 -3.81367 133 1.28753
  7 -2.81367 132 1.35993
  8 -1.81367 133 1.27394
  9 -0.813671 124 1.06418
  10 0.186329 109 1.09837
  11 1.18633 93 0.949768
  12 2.18633 133 1.20167
  13 3.18633 142 1.36124
  14 4.18633 119 1.23583
  15 5.18633 130 1.20535
  16 6.18633 147 1.34408
  17 7.18633 117 1.10948
  18 8.18633 124 1.04202
  19 9.18633 145 1.56259
  20 10.1863 130 1.26542
  21 11.1863 115 1.18422
  22 12.1863 117 1.07871
  23 13.1863 126 1.19067
  24 14.1863 122 1.28386
  25 15.1863 119 1.10203
  26 16.1863 120 1.30213
  27 17.1863 121 1.25194
  28 18.1863 121 1.07632
  29 19.1863 108 0.925219
  30 20.1863 73 0.702689
15070000 30 3640
  1 -8.81367 102 1.02844
  2 -7.81367 151 1.47967
  3 -6.81367 102 0.961143
  4 -5.81367 120 1.14818
  5 -4.81367 127 1.14831
  6 -3.81367 142 1.42817
  7 -2.81367 122 1.24476
  8 -1.81367 140 1.33651
  9 -0.813671 103 1.01384
  10 0.186329 111 0.989505
  11 1.18633 100 0.956294
  12 2.18633 131 1.27541
  13 3.18633 122 1.21545
  14 4.18633 131 1.15933
  15 5.18633 124 1.17647
  16 6.18633 126 1.15195
  17 7.18633 122 1.19597
  18 8.18633 121 1.0322
  19 9.18633 147 1.48696
  20 10.1863 126 1.25947
  21 11.1863 122 1.27777
  22 12.1863 115 1.05044
  23 13.1863 127 1.16424
  24 14.1863 123 1.28767
  25 15.1863 127 1.18499
  26 16.1863 116 1.18975
  27 17.1863 120 1.22281
  28 18.1863 114 1.07247
  29 19.1863 116 1.03826
  30 20.1863 90 0.760657
15080000 30 3640
  1 -8.81367 90 0.851229
  2 -7.81367 157 1.5388
  3 -6.81367 109 1.06076
  4 -5.81367 129 1.30404
  5 -4.81367 119 1.11695
  6 -3.81367 138 1.36027
  7 -2.81367 123 1.29904
  8 -1.81367 140 1.27672
  9 -0.813671 108 1.05591
  10 0.186329 107 1.0508
  11 1.18633 112 1.13206
  12 2.18633 134 1.26923
  13 3.18633 135 1.33543
  14 4.18633 125 1.28158
  15 5.18633 119 1.04723
  16 6.18633 122 1.23413
  17 7.18633 128 1.10842
  18 8.18633 108 1.09195
  19 9.18633 144 1.42515
  20 10.1863 124 1.28915
  21 11.1863 127 1.26038
  22 12.1863 111 1.03589
  23 13.1863 126 1.26056
  24 14.1863 125 1.27794
  25 15.1863 122 1.19432
  26 16.1863 114 1.17299
  27 17.1863 115 1.21683
  28 18.1863 111 1.15808
  29 19.1863 124 1.09958
  30 20.1863 94 0.849896
15090000 30 3640
  1 -8.81367 120 1.23821
  2 -7.81367 135 1.18807
  3 -6.81367 127 1.30961
  4 -5.81367 118 1.18783
  5 -4.81367 113 1.0611
  6 -3.81367 130 1.32599
  7 -2.81367 135 1.40258
  8 -1.81367 119 1.12759
  9 -0.813671 128 1.23197
  10 0.186329 100 0.955807
  11 1.18633 108 1.08873
  12 2.18633 124 1.20681
  13 3.18633 121 1.19547
  14 4.18633 120 1.2356
  15 5.18633 131 1.14796
  16 6.18633 119 1.18409
  17 7.18633 124 1.15531
  18 8.18633 114 0.992157
  19 9.18633 152 1.67758
  20 10.1863 128 1.25826
  21 11.1863 107 1.20037
  22 12.1863 114 1.07362
  23 13.1863 118 1.06247
  24 14.1863 123 1.27084
  25 15.1863 131 1.32107
  26 16.1863 115 1.24679
  27 17.1863 124 1.19671
  28 18.1863 114 1.25197
  29 19.1863 120 1.09005
  30 20.1863 108 0.992074
15100000 30 3640
  1 -8.81367 96 0.919761
  2 -7.81367 151 1.47771
  3 -6.81367 120 1.15545
  4 -5.81367 121 1.1628
  5 -4.81367 125 1.2122
  6 -3.81367 127 1.21841
  7 -2.81367 133 1.33191
  8 -1.81367 123 1.20725
  9 -0.813671 127 1.1754
  10 0.186329 97 1.02207
  11 1.18633 108 0.954382
  12 2.18633 131 1.24079
  13 3.18633 134 1.3652
  14 4.18633 122 1.1863
  15 5.18633 131 1.20614
  16 6.18633 129 1.17533
  17 7.18633 115 1.14186
  18 8.18633 121 1.08031
  19 9.18633 130 1.31224
  20 10.1863 140 1.39118
  21 11.1863 118 1.19617
  22 12.1863 113 1.09982
  23 13.1863 122 1.23206
  24 14.1863 118 1.14195
  25 15.1863 127 1.2567
  26 16.1863 111 1.13434
  27 17.1863 123 1.18031
  28 18.1863 117 1.22698
  29 19.1863 119 1.05924
  30 20.1863 91 0.804913
15110000 30 3640
  1 -8.81367 85 0.892959
  2 -7.81367 145 1.36863
  3 -6.81367 122 1.25245
  4 -5.81367 124 1.19255
  5 -4.81367 118 1.04031
  6 -3.81367 136 1.4683
  7 -2.81367 127 1.20507
  8 -1.81367 123 1.23749
  9 -0.813671 116 1.14391
  10 0.186329 106 1.08027
  11 1.18633 93 0.833007
  12 2.18633 124 1.12532
  13 3.18633 135 1.38981
  14 4.18633 140 1.35613
  15 5.18633 128 1.24511
  16 6.18633 129 1.19884
  17 7.18633 120 1.15261
  18 8.18633 117 1.10644
  19 9.18633 137 1.35001
  20 10.1863 127 1.33107
  21 11.1863 126 1.27483
  22 12.1863 117 1.11155
  23 13.1863 133 1.38625
  24 14.1863 123 1.25241
  25 15.1863 122 1.19252
  26 16.1863 104 0.940365
  27 17.1863 131 1.48721
  28 18.1863 114 1.11762
  29 19.1863 125 1.07656
  30 20.1863 93 0.867869
15120000 30 3640
  1 -8.81367 121 1.24186
  2 -7.81367 149 1.38037
  3 -6.81367 99 0.944526
  4 -5.81367 128 1.31087
  5 -4.81367 114 1.09693
  6 -3.81367 138 1.3941
  7 -2.81367 119 1.22654
  8 -1.81367 142 1.38147
  9 -0.813671 112 1.11587
  10 0.186329 100 1.02648
  11 1.18633 114 1.13475
  12 2.18633 124 1.05932
  13 3.18633 128 1.33739
  14 4.18633 119 1.28446
  15 5.18633 133 1.19033
  16 6.18633 125 1.17247
  17 7.18633 105 0.939594
  18 8.18633 126 1.24429
  19 9.18633 141 1.49865
  20 10.1863 124 1.18764
  21 11.1863 109 1.15469
  22 12.1863 126 1.20403
  23 13.1863 116 1.13969
  24 14.1863 125 1.38409
  25 15.1863 124 1.16503
  26 16.1863 117 1.21137
  27 17.1863 122 1.34883
  28 18.1863 115 1.13211
  29 19.1863 111 1.03907
  30 20.1863 114 1.03396
15130000 30 3640
  1 -8.81367 87 0.856358
  2 -7.81367 156 1.49255
  3 -6.81367 125 1.27332
  4 -5.81367 114 1.11987
  5 -4.81367 120 1.16815
  6 -3.81367 138 1.29444
  7 -2.81367 129 1.3574
  8 -1.81367 122 1.10017
  9 -0.813671 122 1.28826
  10 0.186329 113 1.00007
  11 1.18633 97 0.92322
  12 2.18633 129 1.27713
  13 3.18633 129 1.18064
  14 4.18633 128 1.34507
  15 5.18633 128 1.16589
  16 6.18633 126 1.15956
  17 7.18633 114 1.10262
  18 8.18633 115 1.00384
  19 9.18633 155 1.6408
  20 10.1863 126 1.17443
  21 11.1863 118 1.28185
  22 12.1863 117 1.09031
  23 13.1863 124 1.20166
  24 14.1863 122 1.2104
  25 15.1863 115 1.17557
  26 16.1863 124 1.23493
  27 17.1863 119 1.24121
  28 18.1863 121 1.30426
  29 19.1863 112 0.856604
  30 20.1863 95 0.835335
15140000 30 3640
  1 -8.81367 92 0.903728
  2 -7.81367 151 1.48797
  3 -6.81367 118 1.06132
  4 -5.81367 125 1.28015
  5 -4.81367 117 1.1676
  6 -3.81367 128 1.21395
  7 -2.81367 133 1.3991
  8 -1.81367 128 1.21885
  9 -0.813671 102 1.03757
  10 0.186329 125 1.20898
  11 1.18633 94 0.912477
  12 2.18633 135 1.26529
  13 3.18633 140 1.41545
  14 4.18633 117 1.11014
  15 5.18633 139 1.4154
  16 6.18633 108 0.949952
  17 7.18633 135 1.26034
  18 8.18633 97 0.898667
  19 9.18633 171 1.72709
  20 10.1863 112 1.18004
  21 11.1863 128 1.36774
  22 12.1863 118 1.12641
  23 13.1863 128 1.21521
  24 14.1863 117 1.2103
  25 15.1863 115 1.14261
  26 16.1863 125 1.27765
  27 17.1863 112 1.18398
  28 18.1863 116 1.19136
  29 19.1863 119 0.990121
  30 20.1863 95 0.936067
15150000 30 3640
  1 -8.81367 110 1.05919
  2 -7.81367 136 1.33425
  3 -6.81367 117 1.1384
  4 -5.81367 133 1.32786
  5 -4.81367 119 1.12235
  6 -3.81367 135 1.3329
  7 -2.81367 122 1.24373
  8 -1.81367 145 1.396
  9 -0.813671 106 1.12744
  10 0.186329 112 0.991139
  11 1.18633 103 1.07527
  12 2.18633 136 1.24758
  13 3.18633 129 1.18306
  14 4.18633 128 1.30938
  15 5.18633 115 1.06921
  16 6.18633 126 1.15209
  17 7.18633 125 1.15587
  18 8.18633 108 1.08145
  19 9.18633 155 1.53868
  20 10.1863 117 1.19907
  21 11.1863 120 1.24864
  22 12.1863 109 0.976248
  23 13.1863 134 1.23641
  24 14.1863 127 1.33289
  25 15.1863 111 1.10507
  26 16.1863 125 1.28699
  27 17.1863 122 1.23757
  28 18.1863 114 1.20534
  29 19.1863 122 0.977613
  30 20.1863 79 0.701265
15160000 30 3640
  1 -8.81367 94 0.894035
  2 -7.81367 156 1.52433
  3 -6.81367 123 1.23536
  4 -5.81367 124 1.24162
  5 -4.81367 108 0.980616
  6 -3.81367 144 1.49647
  7 -2.81367 125 1.24673
  8 -1.81367 136 1.36088
  9 -0.813671 107 0.999551
  10 0.186329 104 1.01071
  11 1.18633 104 1.03855
  12 2.18633 127 1.26806
  13 3.18633 128 1.25432
  14 4.18633 125 1.27553
  15 5.18633 122 1.1389
  16 6.18633 124 1.17392
  17 7.18633 128 1.19157
  18 8.18633 119 1.08621
  19 9.18633 142 1.51158
  20 10.1863 129 1.32072
  21 11.1863 112 1.19649
  22 12.1863 119 1.07477
  23 13.1863 120 1.18022
  24 14.1863 138 1.42389
  25 15.1863 119 1.1814
  26 16.1863 125 1.26298
  27 17.1863 114 1.27306
  28 18.1863 118 1.16769
  29 19.1863 120 1.03848
  30 20.1863 86 0.82233
15170000 30 3640
  1 -8.81367 84 0.812067
  2 -7.81367 149 1.44158
  3 -6.81367 127 1.16845
  4 -5.81367 117 1.21044
  5 -4.81367 117 1.04431
  6 -3.81367 135 1.39055
  7 -2.81367 129 1.31982
  8 -1.81367 136 1.34583
  9 -0.813671 123 1.19336
  10 0.186329 103 0.977269
  11 1.18633 101 0.943728
  12 2.18633 129 1.24545
  13 3.18633 135 1.2987
  14 4.18633 132 1.33232
  15 5.18633 120 1.11263
  16 6.18633 123 1.13735
  17 7.18633 122 1.08408
  18 8.18633 119 1.23914
  19 9.18633 146 1.44162
  20 10.1863 130 1.26396
  21 11.1863 103 1.06527
  22 12.1863 123 1.20687
  23 13.1863 120 1.08034
  24 14.1863 129 1.35091
  25 15.1863 120 1.16969
  26 16.1863 129 1.30237
  27 17.1863 114 1.20308
  28 18.1863 123 1.30376
  29 19.1863 118 0.928976
  30 20.1863 84 0.860422
15180000 30 3640
  1 -8.81367 95 0.940581
  2 -7.81367 153 1.50206
  3 -6.81367 112 1.10415
  4 -5.81367 124 1.23786
  5 -4.81367 130 1.22568
  6 -3.81367 125 1.24532
  7 -2.81367 134 1.30988
  8 -1.81367 119 1.1574
  9 -0.813671 125 1.21585
  10 0.186329 105 1.00378
  11 1.18633 101 0.958078
  12 2.18633 135 1.33595
  13 3.18633 127 1.30728
  14 4.18633 124 1.12657
  15 5.18633 134 1.31241
  16 6.18633 117 1.06578
  17 7.18633 135 1.20469
  18 8.18633 112 1.09063
  19 9.18633 147 1.45983
  20 10.1863 124 1.26518
  21 11.1863 120 1.28369
  22 12.1863 109 0.996484
  23 13.1863 131 1.26528
  24 14.1863 126 1.29018
  25 15.1863 118 1.08311
  26 16.1863 129 1.3333
  27 17.1863 120 1.31235
  28 18.1863 118 1.1822
  29 19.1863 114 0.913503
  30 20.1863 77 0.676672
15190000 30 3640
  1 -8.81367 116 1.0657
  2 -7.81367 150 1.51804
  3 -6.81367 102 1.00571
  4 -5.81367 131 1.27495
  5 -4.81367 108 1.06554
  6 -3.81367 126 1.29492
  7 -2.81367 130 1.30853
  8 -1.81367 120 1.18641
  9 -0.813671 115 1.0296
  10 0.186329 99 0.907501
  11 1.18633 103 1.11173
  12 2.18633 128 1.24016
  13 3.18633 137 1.33106
  14 4.18633 121 1.189
  15 5.18633 120 1.05951
  16 6.18633 126 1.27001
  17 7.18633 122 1.16911
  18 8.18633 120 1.07697
  19 9.18633 145 1.5142
  20 10.1863 132 1.27748
  21 11.1863 120 1.29484
  22 12.1863 109 1.00333
  23 13.1863 122 1.22013
  24 14.1863 123 1.19781
  25 15.1863 119 1.23636
  26 16.1863 138 1.3547
  27 17.1863 118 1.2625
  28 18.1863 118 1.16786
  29 19.1863 115 0.949853
  30 20.1863 107 1.02453
15200000 30 3640
  1 -8.81367 98 0.943912
  2 -7.81367 155 1.52897
  3 -6.81367 106 1.08002
  4 -5.81367 121 1.17635
  5 -4.81367 122 1.16009
  6 -3.81367 137 1.37509
  7 -2.81367 134 1.42881
  8 -1.81367 137 1.23891
  9 -0.813671 111 1.08775
  10 0.186329 97 0.907655
  11 1.18633 112 1.06896
  12 2.18633 134 1.28396
  13 3.18633 133 1.34881
  14 4.18633 119 1.29132
  15 5.18633 125 1.15779
  16 6.18633 132 1.26387
  17 7.18633 127 1.11899
  18 8.18633 109 1.14014
  19 9.18633 142 1.31274
  20 10.1863 129 1.34133
  21 11.1863 103 1.14997
  22 12.1863 114 1.04892
  23 13.1863 125 1.25516
  24 14.1863 120 1.23144
  25 15.1863 130 1.25145
  26 16.1863 116 1.15752
  27 17.1863 122 1.27881
  28 18.1863 121 1.29891
  29 19.1863 120 0.926594
  30 20.1863 89 0.862588
15210000 30 3640
  1 -8.81367 93 0.827605
  2 -7.81367 138 1.4048
  3 -6.81367 136 1.2587
  4 -5.81367 119 1.23247
  5 -4.81367 123 1.1459
  6 -3.81367 133 1.31681
  7 -2.81367 133 1.38859
  8 -1.81367 132 1.21159
  9 -0.813671 111 1.01599
  10 0.186329 97 0.953945
  11 1.18633 114 1.1558
  12 2.18633 126 1.22403
  13 3.18633 128 1.22775
  14 4.18633 128 1.3391
  15 5.18633 135 1.17947
  16 6.18633 112 1.10002
  17 7.18633 120 1.0655
  18 8.18633 135 1.22159
  19 9.18633 153 1.53483
  20 10.1863 117 1.30564
  21 11.1863 118 1.11244
  22 12.1863 117 1.16575
  23 13.1863 119 1.08537
  24 14.1863 126 1.34533
  25 15.1863 133 1.2524
  26 16.1863 108 1.12733
  27 17.1863 118 1.24128
  28 18.1863 117 1.13349
  29 19.1863 122 1.10509
  30 20.1863 79 0.714894
15220000 30 3640
  1 -8.81367 116 1.17258
  2 -7.81367 129 1.30044
  3 -6.81367 119 1.16123
  4 -5.81367 129 1.27902
  5 -4.81367 111 1.08351
  6 -3.81367 128 1.21143
  7 -2.81367 135 1.34557
  8 -1.81367 119 1.26889
  9 -0.813671 115 1.04731
  10 0.186329 116 1.10367
  11 1.18633 99 0.969388
  12 2.18633 119 1.18265
  13 3.18633 136 1.34063
  14 4.18633 117 1.21879
  15 5.18633 130 1.19394
  16 6.18633 128 1.21898
  17 7.18633 131 1.26915
  18 8.18633 112 1.0723
  19 9.18633 142 1.43339
  20 10.1863 132 1.34052
  21 11.1863 109 1.18865
  22 12.1863 123 1.11375
  23 13.1863 123 1.19509
  24 14.1863 125 1.34696
  25 15.1863 120 1.11236
  26 16.1863 126 1.27902
  27 17.1863 115 1.21385
  28 18.1863 121 1.30297
  29 19.1863 120 1.05603
  30 20.1863 95 0.806447
15230000 30 3640
  1 -8.81367 104 0.96197
  2 -7.81367 154 1.46905
  3 -6.81367 119 1.18499
  4 -5.81367 117 1.1899
  5 -4.81367 135 1.25204
  6 -3.81367 124 1.23704
  7 -2.81367 127 1.29788
  8 -1.81367 129 1.25809
  9 -0.813671 117 1.16161
  10 0.186329 110 1.00672
  11 1.18633 101 0.957035
  12 2.18633 120 1.21733
  13 3.18633 135 1.26691
  14 4.18633 120 1.16032
  15 5.18633 138 1.32647
  16 6.18633 117 1.05001
  17 7.18633 119 1.14293
  18 8.18633 122 1.17644
  19 9.18633 135 1.3475
  20 10.1863 137 1.38089
  21 11.1863 120 1.22469
  22 12.1863 107 0.958305
  23 13.1863 126 1.26061
  24 14.1863 121 1.32894
  25 15.1863 121 1.13674
  26 16.1863 115 1.10941
  27 17.1863 130 1.39087
  28 18.1863 114 1.09829
  29 19.1863 117 1.03392
  30 20.1863 89 0.829412
15240000 30 3640
  1 -8.81367 97 0.897914
  2 -7.81367 138 1.30817
  3 -6.81367 132 1.29564
  4 -5.81367 111 1.12877
  5 -4.81367 121 1.11042
  6 -3.81367 136 1.32157
  7 -2.81367 135 1.39317
  8 -1.81367 118 1.1659
  9 -0.813671 124 1.13652
  10 0.186329 107 1.06345
  11 1.18633 97 0.92771
  12 2.18633 133 1.24136
  13 3.18633 124 1.25367
  14 4.18633 128 1.17844
  15 5.18633 135 1.3648
  16 6.18633 116 1.01418
  17 7.18633 120 1.17212
  18 8.18633 125 1.12793
  19 9.18633 152 1.53397
  20 10.1863 124 1.20925
  21 11.1863 119 1.2511
  22 12.1863 107 1.06955
  23 13.1863 124 1.13888
  24 14.1863 131 1.22416
  25 15.1863 120 1.29931
  26 16.1863 120 1.20429
  27 17.1863 116 1.203
  28 18.1863 117 1.09068
  29 19.1863 128 1.22526
  30 20.1863 85 0.737543
15250000 30 3640
  1 -8.81367 94 0.843812
  2 -7.81367 146 1.44701
  3 -6.81367 129 1.2618
  4 -5.81367 116 1.07934
  5 -4.81367 129 1.25807
  6 -3.81367 132 1.3555
  7 -2.81367 132 1.26066
  8 -1.81367 129 1.2285
  9 -0.813671 125 1.19174
  10 0.186329 98 1.00782
  11 1.18633 95 0.88818
  12 2.18633 126 1.23347
  13 3.18633 144 1.32979
  14 4.18633 120 1.1878
  15 5.18633 138 1.29409
  16 6.18633 111 1.01763
  17 7.18633 125 1.18914
  18 8.18633 119 1.10782
  19 9.18633 151 1.55165
  20 10.1863 118 1.24204
  21 11.1863 126 1.17069
  22 12.1863 114 1.13104
  23 13.1863 121 1.09051
  24 14.1863 127 1.4099
  25 15.1863 116 1.08425
  26 16.1863 107 1.05333
  27 17.1863 130 1.3124
  28 18.1863 114 1.19159
  29 19.1863 127 1.02276
  30 20.1863 81 0.799237
15260000 30 3640
  1 -8.81367 101 0.992136
  2 -7.81367 153 1.47037
  3 -6.81367 122 1.21815
  4 -5.81367 120 1.11314
  5 -4.81367 115 1.12305
  6 -3.81367 141 1.40723
  7 -2.81367 126 1.30085
  8 -1.81367 140 1.33677
  9 -0.813671 115 1.06391
  10 0.186329 94 0.931728
  11 1.18633 120 1.19475
  12 2.18633 127 1.17129
  13 3.18633 121 1.21946
  14 4.18633 125 1.13667
  15 5.18633 140 1.4085
  16 6.18633 113 0.99963
  17 7.18633 116 1.04036
  18 8.18633 115 1.06386
  19 9.18633 146 1.46535
  20 10.1863 123 1.31936
  21 11.1863 123 1.21073
  22 12.1863 118 1.11449
  23 13.1863 130 1.2368
  24 14.1863 120 1.21827
  25 15.1863 127 1.26023
  26 16.1863 122 1.24403
  27 17.1863 124 1.27632
  28 18.1863 104 1.07734
  29 19.1863 115 0.941611
  30 20.1863 84 0.742572
15270000 30 3640
  1 -8.81367 89 0.944189
  2 -7.81367 149 1.4603
  3 -6.81367 110 1.00619
  4 -5.81367 126 1.22942
  5 -4.81367 117 1.10671
  6 -3.81367 133 1.28776
  7 -2.81367 130 1.37704
  8 -1.81367 134 1.29395
  9 -0.813671 109 1.08571
  10 0.186329 117 1.04473
  11 1.18633 104 1.04593
  12 2.18633 129 1.16518
  13 3.18633 127 1.37201
  14 4.18633 118 1.0931
  15 5.18633 149 1.43303
  16 6.18633 115 1.07814
  17 7.18633 123 1.11174
  18 8.18633 108 1.05092
  19 9.18633 143 1.38334
  20 10.1863 137 1.35979
  21 11.1863 111 1.21073
  22 12.1863 121 1.10421
  23 13.1863 118 1.15391
  24 14.1863 132 1.41565
  25 15.1863 117 1.10544
  26 16.1863 128 1.31126
  27 17.1863 120 1.29528
  28 18.1863 122 1.09064
  29 19.1863 108 0.940551
  30 20.1863 96 0.88951
15280000 30 3640
  1 -8.81367 84 0.789622
  2 -7.81367 152 1.55188
  3 -6.81367 122 1.19676
  4 -5.81367 123 1.22401
  5 -4.81367 128 1.13603
  6 -3.81367 138 1.34202
  7 -2.81367 126 1.36919
  8 -1.81367 139 1.28375
  9 -0.813671 109 1.01441
  10 0.186329 100 0.946108
  11 1.18633 113 1.1559
  12 2.18633 131 1.25768
  13 3.18633 138 1.38039
  14 4.18633 127 1.2776
  15 5.18633 110 1.02925
  16 6.18633 121 1.12976
  17 7.18633 142 1.26896
  18 8.18633 118 1.11864
  19 9.18633 141 1.43258
  20 10.1863 124 1.20058
  21 11.1863 115 1.23141
  22 12.1863 112 1.03422
  23 13.1863 129 1.20066
  24 14.1863 124 1.33704
  25 15.1863 118 1.14593
  26 16.1863 125 1.27989
  27 17.1863 112 1.14837
  28 18.1863 120 1.23652
  29 19.1863 117 1.00077
  30 20.1863 82 0.749892
15290000 32 3640
  1 -9.81367 1 0.00126425
  2 -8.81367 113 1.10258
  3 -7.81367 149 1.44168
  4 -6.81367 114 1.1653
  5 -5.81367 122 1.19542
  6 -4.81367 124 1.07883
  7 -3.81367 132 1.42258
  8 -2.81367 130 1.31729
  9 -1.81367 117 1.1753
  10 -0.813671 133 1.17312
  11 0.186329 90 0.93805
  12 1.18633 107 1.07625
  13 2.18633 127 1.31104
  14 3.18633 138 1.25205
  15 4.18633 127 1.3487
  16 5.18633 135 1.2157
  17 6.18633 116 1.11763
  18 7.18633 118 1.14275
  19 8.18633 115 1.0462
  20 9.18633 138 1.43156
  21 10.1863 136 1.40262
  22 11.1863 113 1.21549
  23 12.1863 112 1.00221
  24 13.1863 114 1.07374
  25 14.1863 123 1.22318
  26 15.1863 122 1.30593
  27 16.1863 115 1.18786
  28 17.1863 116 1.26208
  29 18.1863 113 1.13893
  30 19.1863 112 0.983358
  31 20.1863 117 1.11394
  32 21.1863 1 0.0150651
15300000 30 3640
  1 -8.81367 101 0.883494
  2 -7.81367 152 1.59134
  3 -6.81367 112 1.06755
  4 -5.81367 127 1.29631
  5 -4.81367 128 1.12733
  6 -3.81367 132 1.36484
  7 -2.81367 130 1.34861
  8 -1.81367 128 1.22304
  9 -0.813671 125 1.16093
  10 0.186329 84 0.853479
  11 1.18633 113 1.14113
  12 2.18633 122 1.09875
  13 3.18633 134 1.30146
  14 4.18633 114 1.18073
  15 5.18633 134 1.24428
  16 6.18633 119 1.09247
  17 7.18633 119 1.12477
  18 8.18633 126 1.22307
  19 9.18633 138 1.36873
  20 10.1863 126 1.30506
  21 11.1863 122 1.23549
  22 12.1863 114 1.09984
  23 13.1863 126 1.17461
  24 14.1863 125 1.29404
  25 15.1863 127 1.29645
  26 16.1863 119 1.19929
  27 17.1863 128 1.41343
  28 18.1863 118 1.02284
  29 19.1863 111 1.02904
  30 20.1863 86 0.785086
15310000 30 3640
  1 -8.81367 83 0.808219
  2 -7.81367 143 1.39675
  3 -6.81367 122 1.1881
  4 -5.81367 124 1.25101
  5 -4.81367 126 1.14756
  6 -3.81367 124 1.27558
  7 -2.81367 128 1.22281
  8 -1.81367 115 1.08075
  9 -0.813671 132 1.36334
  10 0.186329 110 0.986
  11 1.18633 105 1.05496
  12 2.18633 123 1.118
  13 3.18633 118 1.13148
  14 4.18633 127 1.24241
  15 5.18633 137 1.31531
  16 6.18633 129 1.1845
  17 7.18633 118 1.11787
  18 8.18633 123 1.0699
  19 9.18633 147 1.59774
  20 10.1863 129 1.22027
  21 11.1863 121 1.26954
  22 12.1863 114 1.05863
  23 13.1863 121 1.13639
  24 14.1863 131 1.42389
  25 15.1863 137 1.20554
  26 16.1863 122 1.26081
  27 17.1863 110 1.15358
  28 18.1863 124 1.20924
  29 19.1863 110 0.95141
  30 20.1863 87 0.809358
15320000 30 3640
  1 -8.81367 98 0.995831
  2 -7.81367 139 1.36056
  3 -6.81367 124 1.14399
  4 -5.81367 119 1.19355
  5 -4.81367 126 1.31432
  6 -3.81367 131 1.17012
  7 -2.81367 132 1.40021
  8 -1.81367 127 1.24214
  9 -0.813671 117 1.15649
  10 0.186329 115 1.0382
  11 1.18633 90 0.876373
  12 2.18633 138 1.25606
  13 3.18633 112 1.13268
  14 4.18633 133 1.41767
  15 5.18633 128 1.1851
  16 6.18633 129 1.21856
  17 7.18633 122 1.09173
  18 8.18633 131 1.20244
  19 9.18633 133 1.39917
  20 10.1863 123 1.23225
  21 11.1863 117 1.17745
  22 12.1863 120 1.17875
  23 13.1863 121 1.17003
  24 14.1863 125 1.40536
  25 15.1863 123 1.0345
  26 16.1863 114 1.24576
  27 17.1863 126 1.32816
  28 18.1863 121 1.16511
  29 19.1863 110 0.953575
  30 20.1863 96 0.876261
15330000 30 3640
  1 -8.81367 96 1.0163
  2 -7.81367 147 1.34876
  3 -6.81367 115 1.15438
  4 -5.81367 128 1.22159
  5 -4.81367 116 1.14572
  6 -3.81367 130 1.32851
  7 -2.81367 128 1.24283
  8 -1.81367 136 1.3385
  9 -0.813671 113 1.05132
  10 0.186329 100 0.92561
  11 1.18633 115 1.2267
  12 2.18633 134 1.2403
  13 3.18633 122 1.18439
  14 4.18633 136 1.38215
  15 5.18633 110 1.02017
  16 6.18633 124 1.21786
  17 7.18633 127 1.08866
  18 8.18633 125 1.25027
  19 9.18633 143 1.37595
  20 10.1863 125 1.31367
  21 11.1863 110 1.10958
  22 12.1863 117 1.1557
  23 13.1863 126 1.16701
  24 14.1863 131 1.33496
  25 15.1863 115 1.15443
  26 16.1863 130 1.36824
  27 17.1863 118 1.21421
  28 18.1863 119 1.23037
  29 19.1863 112 0.938114
  30 20.1863 92 0.796252
15340000 30 3640
  1 -8.81367 107 1.07858
  2 -7.81367 149 1.4249
  3 -6.81367 117 1.11718
  4 -5.81367 119 1.24713
  5 -4.81367 122 1.09976
  6 -3.81367 141 1.42737
  7 -2.81367 122 1.25724
  8 -1.81367 125 1.21344
  9 -0.813671 106 1.01973
  10 0.186329 118 1.14609
  11 1.18633 97 0.923361
  12 2.18633 130 1.29735
  13 3.18633 125 1.15604
  14 4.18633 130 1.41985
  15 5.18633 124 1.12605
  16 6.18633 126 1.13479
  17 7.18633 119 1.15347
  18 8.18633 128 1.23365
  19 9.18633 146 1.47248
  20 10.1863 128 1.28605
  21 11.1863 116 1.2147
  22 12.1863 110 1.01831
  23 13.1863 121 1.20865
  24 14.1863 129 1.29738
  25 15.1863 114 1.14593
  26 16.1863 118 1.23341
  27 17.1863 119 1.31612
  28 18.1863 119 1.08602
  29 19.1863 110 0.9909
  30 20.1863 105 0.997056
15350000 30 3640
  1 -8.81367 109 1.10486
  2 -7.81367 133 1.26863
  3 -6.81367 123 1.23196
  4 -5.81367 121 1.18158
  5 -4.81367 122 1.22438
  6 -3.81367 134 1.33284
  7 -2.81367 118 1.26966
  8 -1.81367 146 1.41714
  9 -0.813671 108 1.05322
  10 0.186329 103 0.936132
  11 1.18633 101 1.03056
  12 2.18633 131 1.32272
  13 3.18633 136 1.32023
  14 4.18633 120 1.1942
  15 5.18633 121 1.15278
  16 6.18633 123 1.20678
  17 7.18633 131 1.17168
  18 8.18633 128 1.26108
  19 9.18633 134 1.42093
  20 10.1863 136 1.34666
  21 11.1863 110 1.14501
  22 12.1863 108 1.06823
  23 13.1863 127 1.1642
  24 14.1863 133 1.39202
  25 15.1863 114 1.15891
  26 16.1863 124 1.30115
  27 17.1863 123 1.27239
  28 18.1863 109 1.12497
  29 19.1863 107 0.988955
  30 20.1863 107 0.927255
15360000 30 3640
  1 -8.81367 101 1.06871
  2 -7.81367 144 1.33467
  3 -6.81367 118 1.16553
  4 -5.81367 138 1.43628
  5 -4.81367 124 1.0812
  6 -3.81367 136 1.37795
  7 -2.81367 127 1.2662
  8 -1.81367 121 1.12584
  9 -0.813671 115 1.16193
  10 0.186329 111 1.07493
  11 1.18633 104 1.00408
  12 2.18633 127 1.20415
  13 3.18633 132 1.21041
  14 4.18633 113 1.18421
  15 5.18633 131 1.2191
  16 6.18633 119 1.17549
  17 7.18633 115 1.06866
  18 8.18633 109 1.02399
  19 9.18633 154 1.50991
  20 10.1863 136 1.36805
  21 11.1863 112 1.17173
  22 12.1863 124 1.17052
  23 13.1863 109 1.03764
  24 14.1863 130 1.37321
  25 15.1863 124 1.17551
  26 16.1863 106 1.10332
  27 17.1863 124 1.24384
  28 18.1863 121 1.26874
  29 19.1863 122 1.12462
  30 20.1863 93 0.771763
15370000 30 3640
  1 -8.81367 80 0.785481
  2 -7.81367 148 1.45256
  3 -6.81367 126 1.1932
  4 -5.81367 123 1.1487
  5 -4.81367 127 1.2425
  6 -3.81367 137 1.38694
  7 -2.81367 126 1.33259
  8 -1.81367 132 1.08337
  9 -0.813671 125 1.29573
  10 0.186329 109 1.02904
  11 1.18633 95 0.905348
  12 2.18633 126 1.25985
  13 3.18633 135 1.22416
  14 4.18633 125 1.28689
  15 5.18633 135 1.29081
  16 6.18633 119 1.08943
  17 7.18633 128 1.14754
  18 8.18633 121 1.15005
  19 9.18633 148 1.46489
  20 10.1863 123 1.31032
  21 11.1863 111 1.10417
  22 12.1863 118 1.09439
  23 13.1863 124 1.14261
  24 14.1863 120 1.25371
  25 15.1863 122 1.17711
  26 16.1863 115 1.22876
  27 17.1863 126 1.26859
  28 18.1863 121 1.22525
  29 19.1863 106 0.891878
  30 20.1863 89 0.822687
15380000 30 3640
  1 -8.81367 89 0.827351
  2 -7.81367 136 1.25634
  3 -6.81367 120 1.22293
  4 -5.81367 129 1.2476
  5 -4.81367 124 1.19465
  6 -3.81367 140 1.35119
  7 -2.81367 123 1.32268
  8 -1.81367 127 1.14909
  9 -0.813671 114 1.11819
  10 0.186329 117 1.13938
  11 1.18633 101 1.00848
  12 2.18633 132 1.12088
  13 3.18633 125 1.29939
  14 4.18633 120 1.21311
  15 5.18633 133 1.17132
  16 6.18633 119 1.08251
  17 7.18633 131 1.22426
  18 8.18633 113 1.11827
  19 9.18633 152 1.46962
  20 10.1863 127 1.2513
  21 11.1863 114 1.22167
  22 12.1863 126 1.11708
  23 13.1863 114 1.18102
  24 14.1863 135 1.35018
  25 15.1863 123 1.16504
  26 16.1863 108 1.13288
  27 17.1863 120 1.22544
  28 18.1863 127 1.20461
  29 19.1863 117 1.03693
  30 20.1863 84 0.800142
15390000 30 3640
  1 -8.81367 95 0.947507
  2 -7.81367 146 1.38783
  3 -6.81367 127 1.25877
  4 -5.81367 129 1.24631
  5 -4.81367 122 1.09514
  6 -3.81367 130 1.40375
  7 -2.81367 127 1.22277
  8 -1.81367 132 1.2699
  9 -0.813671 116 1.10632
  10 0.186329 104 0.998403
  11 1.18633 107 1.07291
  12 2.18633 126 1.21536
  13 3.18633 142 1.30229
  14 4.18633 119 1.22024
  15 5.18633 128 1.22293
  16 6.18633 116 1.09012
  17 7.18633 122 1.06541
  18 8.18633 111 1.14472
  19 9.18633 146 1.47578
  20 10.1863 130 1.25011
  21 11.1863 123 1.29714
  22 12.1863 112 0.968594
  23 13.1863 114 1.13977
  24 14.1863 124 1.32455
  25 15.1863 122 1.16828
  26 16.1863 119 1.18305
  27 17.1863 112 1.18064
  28 18.1863 118 1.19183
  29 19.1863 118 1.06536
  30 20.1863 103 0.916558
15400000 30 3640
  1 -8.81367 83 0.768426
  2 -7.81367 141 1.45523
  3 -6.81367 118 1.0612
  4 -5.81367 135 1.35378
  5 -4.81367 122 1.19455
  6 -3.81367 120 1.11179
  7 -2.81367 133 1.32673
  8 -1.81367 137 1.29458
  9 -0.813671 111 1.15506
  10 0.186329 112 1.02663
  11 1.18633 105 1.02171
  12 2.18633 131 1.27373
  13 3.18633 128 1.2489
  14 4.18633 121 1.18589
  15 5.18633 142 1.36513
  16 6.18633 124 1.139
  17 7.18633 120 1.09703
  18 8.18633 121 1.12666
  19 9.18633 150 1.49854
  20 10.1863 126 1.28217
  21 11.1863 117 1.16483
  22 12.1863 117 1.06497
  23 13.1863 125 1.34025
  24 14.1863 114 1.14776
  25 15.1863 129 1.22048
  26 16.1863 119 1.19939
  27 17.1863 121 1.2786
  28 18.1863 116 1.14268
  29 19.1863 127 1.10328
  30 20.1863 75 0.644894
15410000 30 3640
  1 -8.81367 77 0.707244
  2 -7.81367 154 1.53312
  3 -6.81367 114 1.1436
  4 -5.81367 135 1.32526
  5 -4.81367 114 1.07688
  6 -3.81367 135 1.23634
  7 -2.81367 126 1.36234
  8 -1.81367 133 1.24252
  9 -0.813671 120 1.13639
  10 0.186329 107 0.990294
  11 1.18633 104 1.04607
  12 2.18633 124 1.25367
  13 3.18633 134 1.26739
  14 4.18633 128 1.27829
  15 5.18633 121 1.14118
  16 6.18633 123 1.10787
  17 7.18633 125 1.2265
  18 8.18633 117 1.00653
  19 9.18633 152 1.5417
  20 10.1863 129 1.29563
  21 11.1863 123 1.34375
  22 12.1863 104 0.974298
  23 13.1863 125 1.16226
  24 14.1863 123 1.22406
  25 15.1863 126 1.18698
  26 16.1863 129 1.36106
  27 17.1863 121 1.19681
  28 18.1863 113 1.13377
  29 19.1863 122 1.05101
  30 20.1863 82 0.770226
15420000 30 3640
  1 -8.81367 96 0.825199
  2 -7.81367 144 1.53835
  3 -6.81367 123 1.09737
  4 -5.81367 129 1.30955
  5 -4.81367 121 1.14198
  6 -3.81367 131 1.27497
  7 -2.81367 130 1.31088
  8 -1.81367 123 1.19288
  9 -0.813671 129 1.24773
  10 0.186329 101 1.01404
  11 1.18633 112 1.05259
  12 2.18633 118 1.18672
  13 3.18633 133 1.26629
  14 4.18633 130 1.30347
  15 5.18633 128 1.19171
  16 6.18633 118 1.08493
  17 7.18633 129 1.22155
  18 8.18633 107 0.923425
  19 9.18633 153 1.56444
  20 10.1863 116 1.17427
  21 11.1863 120 1.2673
  22 12.1863 116 1.07625
  23 13.1863 123 1.24265
  24 14.1863 129 1.29241
  25 15.1863 114 1.10596
  26 16.1863 118 1.2648
  27 17.1863 137 1.43027
  28 18.1863 111 1.12338
  29 19.1863 115 0.956941
  30 20.1863 86 0.820164
15430000 30 3640
  1 -8.81367 120 1.28132
  2 -7.81367 139 1.29769
  3 -6.81367 116 1.10595
  4 -5.81367 135 1.36761
  5 -4.81367 116 1.09347
  6 -3.81367 123 1.27252
  7 -2.81367 122 1.22234
  8 -1.81367 133 1.28379
  9 -0.813671 107 1.14981
  10 0.186329 109 0.984562
  11 1.18633 107 1.07844
  12 2.18633 133 1.19755
  13 3.18633 120 1.21244
  14 4.18633 124 1.20117
  15 5.18633 134 1.31019
  16 6.18633 117 1.11349
  17 7.18633 124 1.14236
  18 8.18633 116 1.16739
  19 9.18633 147 1.39914
  20 10.1863 127 1.31382
  21 11.1863 121 1.26866
  22 12.1863 109 1.05957
  23 13.1863 122 1.17496
  24 14.1863 121 1.27144
  25 15.1863 116 1.1247
  26 16.1863 124 1.27244
  27 17.1863 122 1.34268
  28 18.1863 109 1.1034
  29 19.1863 118 0.984676
  30 20.1863 109 0.987002
15440000 30 3640
  1 -8.81367 100 0.999062
  2 -7.81367 151 1.50421
  3 -6.81367 109 1.04047
  4 -5.81367 124 1.22888
  5 -4.81367 120 1.18118
  6 -3.81367 129 1.33567
  7 -2.81367 132 1.26546
  8 -1.81367 127 1.23897
  9 -0.813671 122 1.27173
  10 0.186329 113 1.0694
  11 1.18633 105 1.04181
  12 2.18633 128 1.13991
  13 3.18633 125 1.34457
  14 4.18633 118 1.16104
  15 5.18633 140 1.31586
  16 6.18633 130 1.18873
  17 7.18633 111 1.0506
  18 8.18633 122 1.22524
  19 9.18633 136 1.41742
  20 10.1863 130 1.26668
  21 11.1863 116 1.27025
  22 12.1863 123 1.06073
  23 13.1863 113 1.16101
  24 14.1863 119 1.31321
  25 15.1863 120 1.1436
  26 16.1863 106 1.10192
  27 17.1863 147 1.55823
  28 18.1863 103 1.06179
  29 19.1863 110 0.96768
  30 20.1863 111 0.976449
15450000 30 3640
  1 -8.81367 110 1.03018
  2 -7.81367 144 1.37233
  3 -6.81367 117 1.07237
  4 -5.81367 122 1.26052
  5 -4.81367 118 1.15284
  6 -3.81367 131 1.30155
  7 -2.81367 130 1.3511
  8 -1.81367 134 1.14548
  9 -0.813671 112 1.14678
  10 0.186329 110 1.0524
  11 1.18633 109 1.11694
  12 2.18633 116 1.11699
  13 3.18633 128 1.23843
  14 4.18633 128 1.26692
  15 5.18633 129 1.19259
  16 6.18633 122 1.15656
  17 7.18633 126 1.1418
  18 8.18633 120 1.08846
  19 9.18633 150 1.54083
  20 10.1863 107 1.04508
  21 11.1863 124 1.29895
  22 12.1863 113 1.11196
  23 13.1863 124 1.1591
  24 14.1863 133 1.48264
  25 15.1863 117 1.04627
  26 16.1863 121 1.24199
  27 17.1863 127 1.36236
  28 18.1863 111 0.979438
  29 19.1863 115 1.11564
  30 20.1863 92 0.828136
15460000 30 3640
  1 -8.81367 90 0.904927
  2 -7.81367 145 1.37605
  3 -6.81367 126 1.20129
  4 -5.81367 119 1.17168
  5 -4.81367 120 1.13609
  6 -3.81367 131 1.33644
  7 -2.81367 131 1.22231
  8 -1.81367 138 1.38928
  9 -0.813671 113 1.01579
  10 0.186329 103 0.988633
  11 1.18633 118 1.22836
  12 2.18633 126 1.15835
  13 3.18633 124 1.15719
  14 4.18633 119 1.16424
  15 5.18633 140 1.37226
  16 6.18633 121 1.05879
  17 7.18633 117 1.07225
  18 8.18633 117 1.06123
  19 9.18633 134 1.45316
  20 10.1863 127 1.199
  21 11.1863 125 1.32653
  22 12.1863 105 0.92966
  23 13.1863 120 1.23205
  24 14.1863 123 1.24801
  25 15.1863 140 1.29485
  26 16.1863 118 1.22204
  27 17.1863 122 1.25797
  28 18.1863 116 1.03537
  29 19.1863 113 1.03166
  30 20.1863 99 0.884093
15470000 30 3640
  1 -8.81367 92 0.950272
  2 -7.81367 146 1.33659
  3 -6.81367 112 1.11302
  4 -5.81367 117 1.18364
  5 -4.81367 123 1.15651
  6 -3.81367 133 1.33521
  7 -2.81367 128 1.30794
  8 -1.81367 135 1.20991
  9 -0.813671 115 1.17885
  10 0.186329 108 0.987549
  11 1.18633 108 1.12425
  12 2.18633 133 1.25093
  13 3.18633 128 1.28567
  14 4.18633 131 1.26946
  15 5.18633 128 1.23854
  16 6.18633 121 1.12167
  17 7.18633 130 1.13549
  18 8.18633 112 1.08577
  19 9.18633 153 1.59977
  20 10.1863 121 1.1912
  21 11.1863 120 1.28923
  22 12.1863 116 1.01001
  23 13.1863 124 1.27321
  24 14.1863 122 1.21244
  25 15.1863 124 1.29176
  26 16.1863 121 1.18498
  27 17.1863 128 1.32292
  28 18.1863 117 1.16271
  29 19.1863 110 0.942903
  30 20.1863 84 0.736676
15480000 30 3640
  1 -8.81367 102 0.97359
  2 -7.81367 149 1.452
  3 -6.81367 110 1.12078
  4 -5.81367 125 1.224
  5 -4.81367 119 1.08941
  6 -3.81367 120 1.33856
  7 -2.81367 132 1.30588
  8 -1.81367 132 1.27821
  9 -0.813671 107 0.972402
  10 0.186329 106 1.04786
  11 1.18633 104 1.07171
  12 2.18633 141 1.39793
  13 3.18633 118 1.18127
  14 4.18633 143 1.41932
  15 5.18633 108 0.986111
  16 6.18633 136 1.30599
  17 7.18633 120 1.18255
  18 8.18633 122 1.07943
  19 9.18633 138 1.5225
  20 10.1863 127 1.31217
  21 11.1863 117 1.20889
  22 12.1863 108 0.997494
  23 13.1863 123 1.10206
  24 14.1863 133 1.43568
  25 15.1863 107 1.10314
  26 16.1863 128 1.27945
  27 17.1863 117 1.29077
  28 18.1863 126 1.23424
  29 19.1863 120 1.09198
  30 20.1863 102 0.974746
15490000 30 3640
  1 -8.81367 114 1.09409
  2 -7.81367 129 1.33371
  3 -6.81367 119 1.19558
  4 -5.81367 129 1.22074
  5 -4.81367 114 0.997318
  6 -3.81367 132 1.47553
  7 -2.81367 125 1.25338
  8 -1.81367 126 1.16803
  9 -0.813671 107 1.00737
  10 0.186329 107 1.06754
  11 1.18633 107 1.15431
  12 2.18633 127 1.17809
  13 3.18633 131 1.28867
  14 4.18633 129 1.2898
  15 5.18633 128 1.19706
  16 6.18633 126 1.25964
  17 7.18633 124 1.08898
  18 8.18633 116 1.16308
  19 9.18633 142 1.4041
  20 10.1863 130 1.35136
  21 11.1863 118 1.27584
  22 12.1863 109 0.967149
  23 13.1863 125 1.19706
  24 14.1863 118 1.23333
  25 15.1863 122 1.26219
  26 16.1863 121 1.29979
  27 17.1863 122 1.20077
  28 18.1863 116 1.19559
  29 19.1863 116 0.994847
  30 20.1863 111 1.06754
15500000 30 3640
  1 -8.81367 87 0.807313
  2 -7.81367 139 1.36477
  3 -6.81367 116 1.15333
  4 -5.81367 128 1.24107
  5 -4.81367 120 1.11139
  6 -3.81367 133 1.39673
  7 -2.81367 130 1.18561
  8 -1.81367 126 1.30651
  9 -0.813671 124 1.13005
  10 0.186329 97 0.940806
  11 1.18633 110 1.10648
  12 2.18633 130 1.18807
  13 3.18633 131 1.3141
  14 4.18633 136 1.27578
  15 5.18633 133 1.28564
  16 6.18633 120 1.1361
  17 7.18633 124 1.16825
  18 8.18633 120 0.980504
  19 9.18633 136 1.56733
  20 10.1863 133 1.26589
  21 11.1863 111 1.19771
  22 12.1863 116 1.06575
  23 13.1863 127 1.1868
  24 14.1863 119 1.21273
  25 15.1863 125 1.23738
  26 16.1863 130 1.30542
  27 17.1863 114 1.18794
  28 18.1863 129 1.21035
  29 19.1863 118 1.05702
  30 20.1863 78 0.731831
15510000 30 3640
  1 -8.81367 75 0.705064
  2 -7.81367 154 1.51785
  3 -6.81367 120 1.24353
  4 -5.81367 135 1.28694
  5 -4.81367 114 1.12311
  6 -3.81367 142 1.33047
  7 -2.81367 124 1.31297
  8 -1.81367 139 1.30311
  9 -0.813671 109 1.05499
  10 0.186329 101 0.939582
  11 1.18633 104 1.07233
  12 2.18633 118 1.10102
  13 3.18633 141 1.36391
  14 4.18633 128 1.30942
  15 5.18633 132 1.19147
  16 6.18633 124 1.23731
  17 7.18633 125 1.14308
  18 8.18633 122 1.10602
  19 9.18633 147 1.49422
  20 10.1863 122 1.24103
  21 11.1863 122 1.27697
  22 12.1863 104 0.91097
  23 13.1863 129 1.3081
  24 14.1863 125 1.26855
  25 15.1863 118 1.18391
  26 16.1863 129 1.31428
  27 17.1863 114 1.19136
  28 18.1863 118 1.12825
  29 19.1863 113 1.02145
  30 20.1863 92 0.776973
15520000 30 3640
  1 -8.81367 76 0.718588
  2 -7.81367 143 1.4484
  3 -6.81367 111 1.05065
  4 -5.81367 130 1.17333
  5 -4.81367 125 1.21543
  6 -3.81367 135 1.37631
  7 -2.81367 131 1.35291
  8 -1.81367 129 1.25003
  9 -0.813671 115 1.11894
  10 0.186329 103 0.957752
  11 1.18633 102 1.07175
  12 2.18633 142 1.20693
  13 3.18633 124 1.27976
  14 4.18633 125 1.24395
  15 5.18633 134 1.26139
  16 6.18633 139 1.23901
  17 7.18633 106 1.00732
  18 8.18633 126 1.1746
  19 9.18633 144 1.49789
  20 10.1863 127 1.2749
  21 11.1863 107 1.1212
  22 12.1863 114 1.06304
  23 13.1863 127 1.23278
  24 14.1863 139 1.41997
  25 15.1863 116 1.11629
  26 16.1863 124 1.35158
  27 17.1863 126 1.20809
  28 18.1863 112 1.08535
  29 19.1863 110 0.960361
  30 20.1863 98 0.919295
15530000 30 3640
  1 -8.81367 83 0.862572
  2 -7.81367 149 1.38683
  3 -6.81367 109 1.08596
  4 -5.81367 124 1.22067
  5 -4.81367 117 1.11842
  6 -3.81367 129 1.3192
  7 -2.81367 139 1.3843
  8 -1.81367 123 1.16206
  9 -0.813671 125 1.24329
  10 0.186329 102 0.939982
  11 1.18633 102 1.05614
  12 2.18633 130 1.20952
  13 3.18633 129 1.31199
  14 4.18633 131 1.2581
  15 5.18633 125 1.17351
  16 6.18633 131 1.24944
  17 7.18633 124 1.18458
  18 8.18633 123 1.20211
  19 9.18633 144 1.39307
  20 10.1863 128 1.31555
  21 11.1863 118 1.23808
  22 12.1863 120 1.09988
  23 13.1863 128 1.25944
  24 14.1863 116 1.27816
  25 15.1863 130 1.23447
  26 16.1863 115 1.23187
  27 17.1863 117 1.24576
  28 18.1863 125 1.16337
  29 19.1863 122 1.05115
  30 20.1863 82 0.78259
15540000 30 3640
  1 -8.81367 78 0.844449
  2 -7.81367 166 1.57469
  3 -6.81367 114 1.05655
  4 -5.81367 123 1.27212
  5 -4.81367 129 1.21713
  6 -3.81367 126 1.29349
  7 -2.81367 133 1.37382
  8 -1.81367 129 1.19576
  9 -0.813671 112 1.11423
  10 0.186329 109 1.07536
  11 1.18633 103 1.03271
  12 2.18633 130 1.25977
  13 3.18633 128 1.2485
  14 4.18633 128 1.27853
  15 5.18633 133 1.30738
  16 6.18633 117 1.14302
  17 7.18633 133 1.06301
  18 8.18633 110 1.10036
  19 9.18633 152 1.6123
  20 10.1863 123 1.24712
  21 11.1863 118 1.20065
  22 12.1863 115 1.07665
  23 13.1863 125 1.24212
  24 14.1863 128 1.33762
  25 15.1863 117 1.19944
  26 16.1863 119 1.29349
  27 17.1863 112 1.1431
  28 18.1863 118 1.15558
  29 19.1863 118 1.07784
  30 20.1863 94 0.810607
15550000 30 3640
  1 -8.81367 80 0.794127
  2 -7.81367 151 1.52378
  3 -6.81367 109 1.05317
  4 -5.81367 130 1.26097
  5 -4.81367 126 1.19508
  6 -3.81367 124 1.28448
  7 -2.81367 145 1.46391
  8 -1.81367 130 1.22736
  9 -0.813671 116 1.14165
  10 0.186329 98 0.916262
  11 1.18633 108 1.04573
  12 2.18633 125 1.25609
  13 3.18633 136 1.32955
  14 4.18633 123 1.20243
  15 5.18633 139 1.32092
  16 6.18633 116 1.14022
  17 7.18633 124 1.02592
  18 8.18633 121 1.11174
  19 9.18633 137 1.36684
  20 10.1863 125 1.39284
  21 11.1863 123 1.17641
  22 12.1863 120 1.21984
  23 13.1863 122 1.16523
  24 14.1863 132 1.34451
  25 15.1863 121 1.25846
  26 16.1863 121 1.22734
  27 17.1863 117 1.23609
  28 18.1863 120 1.18513
  29 19.1863 114 0.95619
  30 20.1863 87 0.743218
15560000 30 3640
  1 -8.81367 84 0.812745
  2 -7.81367 157 1.49216
  3 -6.81367 105 1.10306
  4 -5.81367 132 1.29005
  5 -4.81367 127 1.23027
  6 -3.81367 125 1.26132
  7 -2.81367 132 1.29635
  8 -1.81367 122 1.22767
  9 -0.813671 122 1.19794
  10 0.186329 110 1.03338
  11 1.18633 98 0.942437
  12 2.18633 132 1.19927
  13 3.18633 123 1.26516
  14 4.18633 133 1.33747
  15 5.18633 122 1.20906
  16 6.18633 123 1.0696
  17 7.18633 125 1.21158
  18 8.18633 117 1.02102
  19 9.18633 145 1.5393
  20 10.1863 128 1.27892
  21 11.1863 109 1.15413
  22 12.1863 127 1.15806
  23 13.1863 123 1.21657
  24 14.1863 129 1.3251
  25 15.1863 120 1.1916
  26 16.1863 115 1.16906
  27 17.1863 131 1.4696
  28 18.1863 119 1.12186
  29 19.1863 123 1.01977
  30 20.1863 82 0.7678
15570000 32 3640
  1 -9.81367 1 0.0151786
  2 -8.81367 119 1.13361
  3 -7.81367 138 1.41333
  4 -6.81367 113 1.164
  5 -5.81367 118 1.1677
  6 -4.81367 111 1.05268
  7 -3.81367 142 1.44482
  8 -2.81367 130 1.31583
  9 -1.81367 131 1.3486
  10 -0.813671 116 1.09718
  11 0.186329 105 0.991988
  12 1.18633 106 1.11599
  13 2.18633 128 1.28296
  14 3.18633 133 1.32857
  15 4.18633 126 1.16529
  16 5.18633 125 1.25254
  17 6.18633 122 1.18432
  18 7.18633 120 1.04146
  19 8.18633 118 1.20825
  20 9.18633 146 1.53476
  21 10.1863 121 1.18048
  22 11.1863 112 1.17028
  23 12.1863 106 1.07785
  24 13.1863 126 1.14906
  25 14.1863 116 1.24747
  26 15.1863 112 1.16781
  27 16.1863 123 1.26902
  28 17.1863 112 1.14247
  29 18.1863 123 1.25643
  30 19.1863 124 1.20577
  31 20.1863 116 1.02121
  32 21.1863 1 0.00127378
15580000 30 3640
  1 -8.81367 117 1.16164
  2 -7.81367 133 1.30791
  3 -6.81367 124 1.29773
  4 -5.81367 119 1.09968
  5 -4.81367 117 1.08959
  6 -3.81367 126 1.37346
  7 -2.81367 123 1.2397
  8 -1.81367 129 1.23345
  9 -0.813671 122 1.2537
  10 0.186329 98 0.890207
  11 1.18633 116 1.19309
  12 2.18633 123 1.11236
  13 3.18633 123 1.31053
  14 4.18633 130 1.27253
  15 5.18633 139 1.29552
  16 6.18633 120 1.14258
  17 7.18633 118 1.11228
  18 8.18633 118 1.19312
  19 9.18633 150 1.48595
  20 10.1863 127 1.31299
  21 11.1863 114 1.19166
  22 12.1863 114 1.10595
  23 13.1863 120 1.14398
  24 14.1863 111 1.19433
  25 15.1863 124 1.30788
  26 16.1863 117 1.18039
  27 17.1863 124 1.26766
  28 18.1863 110 1.1551
  29 19.1863 124 1.13761
  30 20.1863 110 1.00751
15590000 30 3640
  1 -8.81367 101 0.986106
  2 -7.81367 154 1.59146
  3 -6.81367 120 1.18029
  4 -5.81367 113 1.10835
  5 -4.81367 118 1.16008
  6 -3.81367 133 1.35426
  7 -2.81367 137 1.36441
  8 -1.81367 117 1.12477
  9 -0.813671 132 1.43634
  10 0.186329 100 0.863874
  11 1.18633 105 1.06183
  12 2.18633 120 1.15016
  13 3.18633 134 1.3367
  14 4.18633 116 1.18155
  15 5.18633 141 1.40474
  16 6.18633 116 1.02528
  17 7.18633 124 1.15895
  18 8.18633 118 1.03419
  19 9.18633 146 1.54465
  20 10.1863 127 1.29256
  21 11.1863 127 1.31884
  22 12.1863 118 1.15144
  23 13.1863 125 1.24463
  24 14.1863 130 1.40981
  25 15.1863 110 1.05421
  26 16.1863 111 1.16756
  27 17.1863 127 1.38586
  28 18.1863 110 1.12481
  29 19.1863 122 0.997648
  30 20.1863 88 0.812088
15600000 30 3640
  1 -8.81367 79 0.817393
  2 -7.81367 165 1.56315
  3 -6.81367 110 1.13612
  4 -5.81367 134 1.30488
  5 -4.81367 118 1.13128
  6 -3.81367 120 1.20807
  7 -2.81367 129 1.30866
  8 -1.81367 127 1.21435
  9 -0.813671 122 1.24796
  10 0.186329 110 0.970107
  11 1.18633 100 1.01234
  12 2.18633 124 1.18961
  13 3.18633 123 1.13016
  14 4.18633 133 1.34582
  15 5.18633 126 1.28259
  16 6.18633 124 1.12514
  17 7.18633 126 1.12892
  18 8.18633 125 1.13143
  19 9.18633 147 1.45008
  20 10.1863 117 1.18831
  21 11.1863 128 1.31596
  22 12.1863 118 1.08307
  23 13.1863 125 1.35074
  24 14.1863 122 1.22811
  25 15.1863 118 1.12387
  26 16.1863 118 1.19199
  27 17.1863 130 1.35327
  28 18.1863 113 1.11521
  29 19.1863 125 1.16729
  30 20.1863 84 0.624126
15610000 30 3640
  1 -8.81367 80 0.784357
  2 -7.81367 151 1.43451
  3 -6.81367 115 1.13705
  4 -5.81367 135 1.33308
  5 -4.81367 112 1.03599
  6 -3.81367 132 1.27887
  7 -2.81367 135 1.41327
  8 -1.81367 127 1.19871
  9 -0.813671 120 1.19271
  10 0.186329 111 0.973214
  11 1.18633 106 1.01754
  12 2.18633 136 1.27165
  13 3.18633 124 1.25543
  14 4.18633 142 1.42692
  15 5.18633 119 1.03118
  16 6.18633 119 1.16785
  17 7.18633 111 0.963336
  18 8.18633 121 1.18766
  19 9.18633 147 1.39993
  20 10.1863 120 1.20857
  21 11.1863 123 1.3367
  22 12.1863 106 0.941031
  23 13.1863 132 1.26673
  24 14.1863 126 1.24941
  25 15.1863 122 1.28005
  26 16.1863 136 1.3381
  27 17.1863 114 1.20608
  28 18.1863 121 1.15446
  29 19.1863 113 1.00767
  30 20.1863 84 0.743697
15620000 30 3640
  1 -8.81367 81 0.773577
  2 -7.81367 148 1.45923
  3 -6.81367 118 1.09219
  4 -5.81367 130 1.27559
  5 -4.81367 138 1.33258
  6 -3.81367 126 1.21738
  7 -2.81367 145 1.48757
  8 -1.81367 121 1.15281
  9 -0.813671 115 1.14185
  10 0.186329 110 1.03521
  11 1.18633 97 0.998012
  12 2.18633 126 1.12942
  13 3.18633 129 1.28061
  14 4.18633 131 1.32394
  15 5.18633 128 1.2113
  16 6.18633 130 1.20006
  17 7.18633 114 1.07732
  18 8.18633 135 1.24728
  19 9.18633 147 1.46282
  20 10.1863 128 1.34743
  21 11.1863 111 1.15035
  22 12.1863 103 0.944685
  23 13.1863 132 1.27325
  24 14.1863 123 1.30294
  25 15.1863 117 1.11938
  26 16.1863 123 1.27939
  27 17.1863 115 1.19255
  28 18.1863 125 1.17399
  29 19.1863 102 0.848105
  30 20.1863 92 0.887564
15630000 30 3640
  1 -8.81367 122 1.28734
  2 -7.81367 150 1.42806
  3 -6.81367 112 1.15661
  4 -5.81367 121 1.1742
  5 -4.81367 121 1.09398
  6 -3.81367 124 1.34497
  7 -2.81367 132 1.32243
  8 -1.81367 121 1.1805
  9 -0.813671 121 1.17444
  10 0.186329 98 1.0198
  11 1.18633 104 0.97226
  12 2.18633 124 1.23705
  13 3.18633 127 1.2433
  14 4.18633 128 1.25981
  15 5.18633 126 1.18061
  16 6.18633 112 1.08765
  17 7.18633 124 1.11787
  18 8.18633 112 1.05254
  19 9.18633 149 1.4757
  20 10.1863 131 1.38902
  21 11.1863 114 1.21941
  22 12.1863 113 1.06131
  23 13.1863 126 1.25839
  24 14.1863 117 1.2522
  25 15.1863 127 1.21704
  26 16.1863 111 1.12145
  27 17.1863 134 1.41667
  28 18.1863 114 1.2496
  29 19.1863 117 1.00861
  30 20.1863 108 0.879301
15640000 30 3640
  1 -8.81367 92 0.943846
  2 -7.81367 155 1.48085
  3 -6.81367 111 1.06372
  4 -5.81367 126 1.16988
  5 -4.81367 114 1.12735
  6 -3.81367 122 1.2771
  7 -2.81367 130 1.28721
  8 -1.81367 128 1.29708
  9 -0.813671 128 1.25487
  10 0.186329 94 0.884014
  11 1.18633 105 1.06375
  12 2.18633 128 1.22121
  13 3.18633 145 1.47446
  14 4.18633 119 1.07626
  15 5.18633 131 1.32223
  16 6.18633 118 1.11737
  17 7.18633 128 1.12883
  18 8.18633 115 1.07129
  19 9.18633 152 1.57442
  20 10.1863 115 1.13358
  21 11.1863 121 1.25218
  22 12.1863 118 1.09629
  23 13.1863 124 1.26218
  24 14.1863 130 1.37724
  25 15.1863 130 1.26718
  26 16.1863 119 1.23222
  27 17.1863 115 1.18612
  28 18.1863 115 1.16983
  29 19.1863 118 0.912933
  30 20.1863 94 0.945071
15650000 30 3640
  1 -8.81367 65 0.585253
  2 -7.81367 160 1.61325
  3 -6.81367 113 1.06386
  4 -5.81367 138 1.33908
  5 -4.81367 124 1.19776
  6 -3.81367 132 1.28951
  7 -2.81367 126 1.3353
  8 -1.81367 130 1.17919
  9 -0.813671 122 1.21768
  10 0.186329 101 0.987114
  11 1.18633 110 1.06263
  12 2.18633 127 1.23503
  13 3.18633 126 1.21779
  14 4.18633 140 1.38117
  15 5.18633 135 1.24013
  16 6.18633 133 1.25729
  17 7.18633 115 0.997031
  18 8.18633 122 1.22143
  19 9.18633 148 1.51019
  20 10.1863 121 1.20892
  21 11.1863 118 1.19887
  22 12.1863 114 1.11844
  23 13.1863 136 1.26858
  24 14.1863 115 1.21393
  25 15.1863 123 1.15943
  26 16.1863 118 1.18031
  27 17.1863 119 1.31806
  28 18.1863 117 1.1036
  29 19.1863 116 0.966086
  30 20.1863 76 0.758811
15660000 30 3640
  1 -8.81367 89 0.894638
  2 -7.81367 141 1.40295
  3 -6.81367 117 1.12013
  4 -5.81367 132 1.29448
  5 -4.81367 119 1.09152
  6 -3.81367 133 1.32063
  7 -2.81367 126 1.33433
  8 -1.81367 128 1.23965
  9 -0.813671 119 1.09295
  10 0.186329 105 1.06648
  11 1.18633 109 1.02927
  12 2.18633 120 1.21979
  13 3.18633 139 1.25105
  14 4.18633 120 1.29079
  15 5.18633 132 1.1825
  16 6.18633 116 1.14997
  17 7.18633 131 1.17752
  18 8.18633 121 1.17629
  19 9.18633 141 1.40295
  20 10.1863 135 1.40907
  21 11.1863 103 1.08768
  22 12.1863 122 1.1139
  23 13.1863 121 1.13516
  24 14.1863 131 1.30587
  25 15.1863 113 1.08901
  26 16.1863 123 1.34669
  27 17.1863 129 1.37054
  28 18.1863 111 1.1425
  29 19.1863 125 1.05172
  30 20.1863 89 0.807412
15670000 30 3640
  1 -8.81367 87 0.852173
  2 -7.81367 173 1.64064
  3 -6.81367 102 1.06623
  4 -5.81367 137 1.32283
  5 -4.81367 119 1.2046
  6 -3.81367 130 1.19966
  7 -2.81367 121 1.2531
  8 -1.81367 126 1.1623
  9 -0.813671 113 1.24566
  10 0.186329 112 1.07391
  11 1.18633 96 0.873336
  12 2.18633 134 1.27203
  13 3.18633 121 1.21452
  14 4.18633 125 1.23451
  15 5.18633 131 1.26202
  16 6.18633 119 1.11861
  17 7.18633 130 1.22088
  18 8.18633 116 1.03532
  19 9.18633 149 1.54719
  20 10.1863 127 1.27059
  21 11.1863 126 1.28428
  22 12.1863 123 1.1063
  23 13.1863 117 1.30042
  24 14.1863 112 1.12123
  25 15.1863 128 1.23083
  26 16.1863 113 1.16088
  27 17.1863 121 1.2657
  28 18.1863 122 1.18595
  29 19.1863 122 1.07762
  30 20.1863 88 0.787405
15680000 30 3640
  1 -8.81367 90 0.815833
  2 -7.81367 137 1.29398
  3 -6.81367 129 1.25111
  4 -5.81367 126 1.22049
  5 -4.81367 124 1.22172
  6 -3.81367 122 1.10686
  7 -2.81367 123 1.34024
  8 -1.81367 145 1.35258
  9 -0.813671 103 0.902788
  10 0.186329 111 1.05183
  11 1.18633 106 1.10927
  12 2.18633 131 1.19743
  13 3.18633 127 1.22177
  14 4.18633 128 1.21082
  15 5.18633 135 1.35751
  16 6.18633 126 1.12279
  17 7.18633 119 1.05067
  18 8.18633 115 1.09221
  19 9.18633 155 1.53976
  20 10.1863 128 1.31586
  21 11.1863 122 1.207
  22 12.1863 117 1.0544
  23 13.1863 115 1.03473
  24 14.1863 117 1.27676
  25 15.1863 120 1.1362
  26 16.1863 131 1.28654
  27 17.1863 117 1.24139
  28 18.1863 115 1.13
  29 19.1863 120 0.999312
  30 20.1863 86 0.799901
15690000 30 3640
  1 -8.81367 89 0.786358
  2 -7.81367 146 1.46601
  3 -6.81367 115 1.11505
  4 -5.81367 120 1.16317
  5 -4.81367 126 1.15093
  6 -3.81367 125 1.28673
  7 -2.81367 124 1.2683
  8 -1.81367 133 1.25712
  9 -0.813671 111 0.984149
  10 0.186329 113 1.08416
  11 1.18633 94 1.02615
  12 2.18633 139 1.32399
  13 3.18633 125 1.19793
  14 4.18633 139 1.38193
  15 5.18633 121 1.12631
  16 6.18633 135 1.23371
  17 7.18633 127 1.13121
  18 8.18633 122 1.17943
  19 9.18633 144 1.50924
  20 10.1863 127 1.2942
  21 11.1863 130 1.26957
  22 12.1863 112 0.981657
  23 13.1863 118 1.17559
  24 14.1863 119 1.22389
  25 15.1863 125 1.26335
  26 16.1863 115 1.1409
  27 17.1863 117 1.20284
  28 18.1863 131 1.25851
  29 19.1863 115 0.996468
  30 20.1863 83 0.839345
15700000 30 3640
  1 -8.81367 86 0.835496
  2 -7.81367 147 1.42948
  3 -6.81367 113 1.08975
  4 -5.81367 122 1.19138
  5 -4.81367 120 1.11458
  6 -3.81367 124 1.33995
  7 -2.81367 146 1.37989
  8 -1.81367 126 1.25329
  9 -0.813671 125 1.17542
  10 0.186329 105 1.06995
  11 1.18633 110 1.02287
  12 2.18633 131 1.21757
  13 3.18633 142 1.40334
  14 4.18633 130 1.2956
  15 5.18633 128 1.28309
  16 6.18633 128 1.11835
  17 7.18633 118 1.0638
  18 8.18633 114 1.05264
  19 9.18633 157 1.68473
  20 10.1863 121 1.12451
  21 11.1863 126 1.34624
  22 12.1863 109 1.07736
  23 13.1863 121 1.0873
  24 14.1863 123 1.27333
  25 15.1863 118 1.14921
  26 16.1863 107 1.15162
  27 17.1863 121 1.14807
  28 18.1863 123 1.28681
  29 19.1863 106 0.958388
  30 20.1863 93 0.79609
15710000 30 3640
  1 -8.81367 96 0.964022
  2 -7.81367 153 1.42153
  3 -6.81367 117 1.1317
  4 -5.81367 125 1.2302
  5 -4.81367 116 1.13909
  6 -3.81367 138 1.35472
  7 -2.81367 126 1.26604
  8 -1.81367 131 1.1749
  9 -0.813671 119 1.19589
  10 0.186329 103 0.934518
  11 1.18633 104 1.07011
  12 2.18633 129 1.25872
  13 3.18633 127 1.21427
  14 4.18633 131 1.21932
  15 5.18633 132 1.30927
  16 6.18633 127 1.13911
  17 7.18633 121 1.10466
  18 8.18633 110 1.01467
  19 9.18633 161 1.65442
  20 10.1863 119 1.16619
  21 11.1863 118 1.21296
  22 12.1863 118 1.04425
  23 13.1863 111 1.1404
  24 14.1863 124 1.26738
  25 15.1863 126 1.18224
  26 16.1863 118 1.17231
  27 17.1863 118 1.2968
  28 18.1863 119 1.16378
  29 19.1863 105 0.855748
  30 20.1863 98 0.922132
15720000 30 3640
  1 -8.81367 97 0.98851
  2 -7.81367 129 1.26072
  3 -6.81367 122 1.12907
  4 -5.81367 117 1.16238
  5 -4.81367 126 1.19739
  6 -3.81367 138 1.40353
  7 -2.81367 128 1.30303
  8 -1.81367 138 1.28432
  9 -0.813671 112 1.08304
  10 0.186329 107 1.07683
  11 1.18633 105 1.0469
  12 2.18633 112 1.07433
  13 3.18633 141 1.31426
  14 4.18633 122 1.26562
  15 5.18633 133 1.22487
  16 6.18633 116 1.07547
  17 7.18633 126 1.16007
  18 8.18633 102 0.921446
  19 9.18633 149 1.57646
  20 10.1863 140 1.35033
  21 11.1863 124 1.26565
  22 12.1863 118 1.11897
  23 13.1863 115 1.14017
  24 14.1863 126 1.19997
  25 15.1863 117 1.26437
  26 16.1863 128 1.32036
  27 17.1863 113 1.22583
  28 18.1863 123 1.20607
  29 19.1863 120 1.02463
  30 20.1863 96 0.857946
15730000 30 3640
  1 -8.81367 109 1.0326
  2 -7.81367 158 1.48797
  3 -6.81367 106 1.0449
  4 -5.81367 131 1.29367
  5 -4.81367 112 1.0636
  6 -3.81367 130 1.29617
  7 -2.81367 132 1.35837
  8 -1.81367 140 1.3298
  9 -0.813671 118 1.12724
  10 0.186329 96 0.909381
  11 1.18633 104 1.07988
  12 2.18633 118 1.11714
  13 3.18633 137 1.24778
  14 4.18633 122 1.3136
  15 5.18633 126 1.14088
  16 6.18633 123 1.19419
  17 7.18633 127 1.1769
  18 8.18633 117 1.04386
  19 9.18633 151 1.60591
  20 10.1863 114 1.1196
  21 11.1863 124 1.26756
  22 12.1863 117 1.08236
  23 13.1863 115 1.09604
  24 14.1863 126 1.40322
  25 15.1863 112 1.06608
  26 16.1863 125 1.20045
  27 17.1863 108 1.17297
  28 18.1863 113 1.2303
  29 19.1863 124 1.02028
  30 20.1863 105 1.01878
15740000 30 3640
  1 -8.81367 102 0.93504
  2 -7.81367 139 1.38386
  3 -6.81367 111 1.10913
  4 -5.81367 132 1.31287
  5 -4.81367 111 1.04694
  6 -3.81367 126 1.2606
  7 -2.81367 136 1.39752
  8 -1.81367 127 1.18115
  9 -0.813671 123 1.18381
  10 0.186329 100 0.972384
  11 1.18633 105 1.0382
  12 2.18633 127 1.25709
  13 3.18633 133 1.20737
  14 4.18633 118 1.23208
  15 5.18633 133 1.25965
  16 6.18633 127 1.15263
  17 7.18633 119 1.18737
  18 8.18633 123 1.07573
  19 9.18633 144 1.46715
  20 10.1863 130 1.39363
  21 11.1863 126 1.31164
  22 12.1863 112 0.976166
  23 13.1863 119 1.19732
  24 14.1863 116 1.22481
  25 15.1863 128 1.15388
  26 16.1863 108 1.10528
  27 17.1863 124 1.37503
  28 18.1863 114 1.1166
  29 19.1863 124 1.14145
  30 20.1863 103 0.866723
15750000 30 3640
  1 -8.81367 90 0.911406
  2 -7.81367 144 1.40321
  3 -6.81367 111 1.05553
  4 -5.81367 124 1.24164
  5 -4.81367 137 1.32987
  6 -3.81367 132 1.30127
  7 -2.81367 127 1.30002
  8 -1.81367 125 1.19828
  9 -0.813671 125 1.20218
  10 0.186329 107 1.05306
  11 1.18633 105 0.990974
  12 2.18633 130 1.17481
  13 3.18633 124 1.33479
  14 4.18633 139 1.30879
  15 5.18633 140 1.40819
  16 6.18633 121 1.07668
  17 7.18633 128 1.08791
  18 8.18633 125 1.2319
  19 9.18633 139 1.37579
  20 10.1863 127 1.33729
  21 11.1863 115 1.22296
  22 12.1863 111 1.03571
  23 13.1863 125 1.13009
  24 14.1863 117 1.27654
  25 15.1863 120 1.14986
  26 16.1863 127 1.33735
  27 17.1863 96 0.968495
  28 18.1863 127 1.27776
  29 19.1863 116 1.02702
  30 20.1863 86 0.727757
15760000 30 3640
  1 -8.81367 92 0.953848
  2 -7.81367 144 1.33975
  3 -6.81367 117 1.10776
  4 -5.81367 127 1.29861
  5 -4.81367 122 1.14122
  6 -3.81367 133 1.36438
  7 -2.81367 139 1.36818
  8 -1.81367 127 1.2181
  9 -0.813671 110 1.01366
  10 0.186329 115 1.09657
  11 1.18633 101 1.08541
  12 2.18633 130 1.19083
  13 3.18633 135 1.26789
  14 4.18633 128 1.31359
  15 5.18633 129 1.24663
  16 6.18633 113 1.0383
  17 7.18633 120 1.08922
  18 8.18633 120 1.06567
  19 9.18633 149 1.55542
  20 10.1863 121 1.26399
  21 11.1863 115 1.249
  22 12.1863 121 1.09532
  23 13.1863 123 1.14879
  24 14.1863 117 1.13013
  25 15.1863 114 1.16107
  26 16.1863 129 1.33954
  27 17.1863 109 1.11767
  28 18.1863 121 1.26646
  29 19.1863 125 1.0855
  30 20.1863 94 0.827521
15770000 30 3640
  1 -8.81367 78 0.750758
  2 -7.81367 155 1.53727
  3 -6.81367 108 1.04369
  4 -5.81367 129 1.21841
  5 -4.81367 121 1.14459
  6 -3.81367 137 1.35496
  7 -2.81367 134 1.32796
  8 -1.81367 130 1.21348
  9 -0.813671 119 1.19273
  10 0.186329 112 1.04371
  11 1.18633 101 1.0019
  12 2.18633 134 1.28126
  13 3.18633 120 1.15202
  14 4.18633 131 1.28121
  15 5.18633 142 1.38096
  16 6.18633 118 1.05481
  17 7.18633 130 1.18652
  18 8.18633 109 0.944128
  19 9.18633 144 1.48914
  20 10.1863 130 1.33163
  21 11.1863 113 1.11743
  22 12.1863 125 1.16072
  23 13.1863 108 1.0855
  24 14.1863 133 1.365
  25 15.1863 116 1.10889
  26 16.1863 123 1.22205
  27 17.1863 120 1.3206
  28 18.1863 114 1.03633
  29 19.1863 113 0.971185
  30 20.1863 93 0.844281
15780000 30 3640
  1 -8.81367 91 0.933682
  2 -7.81367 138 1.26275
  3 -6.81367 124 1.23547
  4 -5.81367 125 1.16497
  5 -4.81367 129 1.28734
  6 -3.81367 133 1.36521
  7 -2.81367 119 1.19339
  8 -1.81367 130 1.20458
  9 -0.813671 118 1.12173
  10 0.186329 104 1.02413
  11 1.18633 105 1.03896
  12 2.18633 122 1.10819
  13 3.18633 139 1.36899
  14 4.18633 126 1.28366
  15 5.18633 127 1.24664
  16 6.18633 128 1.14653
  17 7.18633 133 1.20097
  18 8.18633 113 1.05995
  19 9.18633 154 1.58169
  20 10.1863 120 1.16741
  21 11.1863 126 1.29228
  22 12.1863 120 1.09462
  23 13.1863 110 1.0241
  24 14.1863 127 1.37892
  25 15.1863 114 1.07474
  26 16.1863 122 1.24151
  27 17.1863 116 1.18601
  28 18.1863 125 1.2998
  29 19.1863 119 1.03526
  30 20.1863 83 0.709993
15790000 30 3640
  1 -8.81367 124 1.29683
  2 -7.81367 137 1.3108
  3 -6.81367 113 1.12296
  4 -5.81367 127 1.21119
  5 -4.81367 112 1.11296
  6 -3.81367 138 1.36852
  7 -2.81367 122 1.30807
  8 -1.81367 139 1.34713
  9 -0.813671 116 1.12951
  10 0.186329 91 0.901554
  11 1.18633 109 1.07026
  12 2.18633 129 1.24647
  13 3.18633 125 1.23517
  14 4.18633 124 1.30305
  15 5.18633 128 1.21
  16 6.18633 132 1.24019
  17 7.18633 117 1.04259
  18 8.18633 120 1.20372
  19 9.18633 146 1.40266
  20 10.1863 120 1.28032
  21 11.1863 123 1.32685
  22 12.1863 122 1.14079
  23 13.1863 119 1.13451
  24 14.1863 120 1.21626
  25 15.1863 116 1.18602
  26 16.1863 113 1.16577
  27 17.1863 117 1.29812
  28 18.1863 118 1.19978
  29 19.1863 118 1.06401
  30 20.1863 105 0.89524
15800000 30 3640
  1 -8.81367 79 0.812456
  2 -7.81367 158 1.42932
  3 -6.81367 111 1.11467
  4 -5.81367 125 1.14811
  5 -4.81367 125 1.29289
  6 -3.81367 137 1.33627
  7 -2.81367 135 1.36105
  8 -1.81367 118 1.17281
  9 -0.813671 126 1.17426
  10 0.186329 104 1.06265
  11 1.18633 103 1.00823
  12 2.18633 124 1.10849
  13 3.18633 126 1.21001
  14 4.18633 118 1.21138
  15 5.18633 146 1.45762
  16 6.18633 116 1.04909
  17 7.18633 128 1.15312
  18 8.18633 120 1.08501
  19 9.18633 141 1.42311
  20 10.1863 119 1.2359
  21 11.1863 128 1.32879
  22 12.1863 123 1.12342
  23 13.1863 123 1.19143
  24 14.1863 114 1.22749
  25 15.1863 125 1.1778
  26 16.1863 116 1.17525
  27 17.1863 122 1.30913
  28 18.1863 116 1.13323
  29 19.1863 116 0.98844
  30 20.1863 98 0.883103
15810000 30 3640
  1 -8.81367 110 1.07149
  2 -7.81367 153 1.49433
  3 -6.81367 103 0.993312
  4 -5.81367 131 1.24496
  5 -4.81367 118 1.18921
  6 -3.81367 132 1.29953
  7 -2.81367 140 1.40991
  8 -1.81367 120 1.07152
  9 -0.813671 124 1.25617
  10 0.186329 101 0.927713
  11 1.18633 113 1.18559
  12 2.18633 119 1.06036
  13 3.18633 132 1.24382
  14 4.18633 117 1.21523
  15 5.18633 135 1.27859
  16 6.18633 124 1.19789
  17 7.18633 122 1.08271
  18 8.18633 120 1.11497
  19 9.18633 139 1.43098
  20 10.1863 123 1.20908
  21 11.1863 119 1.27841
  22 12.1863 119 1.11112
  23 13.1863 119 1.08889
  24 14.1863 118 1.21914
  25 15.1863 119 1.204
  26 16.1863 120 1.18668
  27 17.1863 127 1.36167
  28 18.1863 110 1.10358
  29 19.1863 119 1.02939
  30 20.1863 94 0.869303
15820000 30 3640
  1 -8.81367 76 0.729124
  2 -7.81367 151 1.44105
  3 -6.81367 124 1.21849
  4 -5.81367 116 1.16057
  5 -4.81367 123 1.17413
  6 -3.81367 132 1.3008
  7 -2.81367 113 1.12008
  8 -1.81367 143 1.34626
  9 -0.813671 114 1.07104
  10 0.186329 116 1.14598
  11 1.18633 103 0.986141
  12 2.18633 129 1.21743
  13 3.18633 127 1.23676
  14 4.18633 128 1.35861
  15 5.18633 142 1.25302
  16 6.18633 131 1.1853
  17 7.18633 110 1.023
  18 8.18633 132 1.22713
  19 9.18633 140 1.30586
  20 10.1863 128 1.33762
  21 11.1863 121 1.20239
  22 12.1863 118 1.13367
  23 13.1863 124 1.20748
  24 14.1863 119 1.22464
  25 15.1863 122 1.20118
  26 16.1863 124 1.28234
  27 17.1863 124 1.22584
  28 18.1863 103 1.03897
  29 19.1863 131 1.09933
  30 20.1863 76 0.673845
15830000 30 3640
  1 -8.81367 81 0.808598
  2 -7.81367 144 1.38935
  3 -6.81367 123 1.18617
  4 -5.81367 129 1.30616
  5 -4.81367 133 1.18383
  6 -3.81367 135 1.46579
  7 -2.81367 128 1.19126
  8 -1.81367 121 1.18121
  9 -0.813671 118 1.16775
  10 0.186329 108 0.952259
  11 1.18633 113 1.1664
  12 2.18633 117 1.11828
  13 3.18633 144 1.40158
  14 4.18633 118 1.16016
  15 5.18633 131 1.27917
  16 6.18633 120 1.15147
  17 7.18633 124 1.01927
  18 8.18633 116 1.12059
  19 9.18633 152 1.55522
  20 10.1863 122 1.20967
  21 11.1863 120 1.21344
  22 12.1863 119 1.10072
  23 13.1863 117 1.18879
  24 14.1863 127 1.28404
  25 15.1863 125 1.21592
  26 16.1863 111 1.12057
  27 17.1863 128 1.35579
  28 18.1863 119 1.15652
  29 19.1863 116 0.983277
  30 20.1863 81 0.742922
15840000 30 3640
  1 -8.81367 92 0.935893
  2 -7.81367 147 1.35102
  3 -6.81367 114 1.09054
  4 -5.81367 129 1.27957
  5 -4.81367 115 1.09304
  6 -3.81367 124 1.18261
  7 -2.81367 119 1.22558
  8 -1.81367 134 1.24163
  9 -0.813671 118 1.17901
  10 0.186329 106 0.99116
  11 1.18633 120 1.1631
  12 2.18633 118 1.09558
  13 3.18633 131 1.29558
  14 4.18633 114 1.0808
  15 5.18633 147 1.39033
  16 6.18633 119 1.07091
  17 7.18633 119 1.05505
  18 8.18633 126 1.22205
  19 9.18633 145 1.48962
  20 10.1863 134 1.28339
  21 11.1863 113 1.18867
  22 12.1863 119 1.12499
  23 13.1863 118 1.12008
  24 14.1863 124 1.26869
  25 15.1863 117 1.13356
  26 16.1863 121 1.1838
  27 17.1863 136 1.47497
  28 18.1863 103 0.982463
  29 19.1863 122 1.01827
  30 20.1863 96 0.875614
15850000 30 3640
  1 -8.81367 105 1.05233
  2 -7.81367 139 1.30168
  3 -6.81367 93 0.958773
  4 -5.81367 142 1.3066
  5 -4.81367 123 1.25791
  6 -3.81367 133 1.35884
  7 -2.81367 123 1.26421
  8 -1.81367 124 1.26667
  9 -0.813671 120 1.05989
  10 0.186329 100 0.901583
  11 1.18633 96 1.02241
  12 2.18633 135 1.27551
  13 3.18633 137 1.3016
  14 4.18633 128 1.32903
  15 5.18633 124 1.15839
  16 6.18633 129 1.19068
  17 7.18633 114 1.03741
  18 8.18633 117 1.13342
  19 9.18633 141 1.44002
  20 10.1863 136 1.38633
  21 11.1863 120 1.20679
  22 12.1863 120 1.16578
  23 13.1863 132 1.17717
  24 14.1863 116 1.24298
  25 15.1863 112 1.13951
  26 16.1863 120 1.2679
  27 17.1863 122 1.28793
  28 18.1863 122 1.19689
  29 19.1863 118 1.05236
  30 20.1863 99 0.880271
15860000 30 3640
  1 -8.81367 99 0.994895
  2 -7.81367 155 1.47779
  3 -6.81367 110 1.13273
  4 -5.81367 136 1.26202
  5 -4.81367 127 1.31209
  6 -3.81367 122 1.14533
  7 -2.81367 140 1.51649
  8 -1.81367 130 1.21938
  9 -0.813671 110 1.05015
  10 0.186329 107 1.1203
  11 1.18633 108 1.08764
  12 2.18633 130 1.21443
  13 3.18633 128 1.26825
  14 4.18633 122 1.20053
  15 5.18633 127 1.23197
  16 6.18633 132 1.23819
  17 7.18633 120 1.12037
  18 8.18633 117 1.12658
  19 9.18633 147 1.5542
  20 10.1863 126 1.26197
  21 11.1863 120 1.25945
  22 12.1863 118 1.05377
  23 13.1863 125 1.21321
  24 14.1863 106 1.12268
  25 15.1863 117 1.10785
  26 16.1863 112 1.18535
  27 17.1863 124 1.29462
  28 18.1863 117 1.17673
  29 19.1863 112 1.07256
  30 20.1863 96 0.819276
15870000 30 3640
  1 -8.81367 76 0.732812
  2 -7.81367 142 1.31207
  3 -6.81367 124 1.26129
  4 -5.81367 124 1.20797
  5 -4.81367 120 1.11525
  6 -3.81367 134 1.37253
  7 -2.81367 142 1.38629
  8 -1.81367 124 1.20797
  9 -0.813671 130 1.29716
  10 0.186329 102 0.922288
  11 1.18633 100 1.01502
  12 2.18633 128 1.20812
  13 3.18633 145 1.44695
  14 4.18633 126 1.16472
  15 5.18633 138 1.35041
  16 6.18633 113 1.05832
  17 7.18633 124 1.1017
  18 8.18633 117 1.0436
  19 9.18633 143 1.54584
  20 10.1863 132 1.24396
  21 11.1863 122 1.30449
  22 12.1863 111 0.990192
  23 13.1863 128 1.26381
  24 14.1863 130 1.34063
  25 15.1863 115 1.08793
  26 16.1863 117 1.25005
  27 17.1863 117 1.2575
  28 18.1863 116 1.08059
  29 19.1863 116 0.977982
  30 20.1863 84 0.815591
15880000 30 3640
  1 -8.81367 90 0.825059
  2 -7.81367 139 1.39348
  3 -6.81367 111 1.11354
  4 -5.81367 126 1.15176
  5 -4.81367 119 1.15662
  6 -3.81367 132 1.30464
  7 -2.81367 127 1.33787
  8 -1.81367 126 1.13575
  9 -0.813671 122 1.22084
  10 0.186329 107 0.995292
  11 1.18633 112 1.03597
  12 2.18633 131 1.24802
  13 3.18633 120 1.27252
  14 4.18633 134 1.2899
  15 5.18633 129 1.21352
  16 6.18633 127 1.15182
  17 7.18633 121 1.1259
  18 8.18633 130 1.17292
  19 9.18633 153 1.54633
  20 10.1863 118 1.19731
  21 11.1863 125 1.26512
  22 12.1863 112 1.03956
  23 13.1863 128 1.28382
  24 14.1863 128 1.25917
  25 15.1863 120 1.23054
  26 16.1863 124 1.14809
  27 17.1863 115 1.29851
  28 18.1863 115 1.06916
  29 19.1863 115 1.01249
  30 20.1863 84 0.736248
15890000 30 3640
  1 -8.81367 95 0.917248
  2 -7.81367 143 1.39811
  3 -6.81367 114 1.16631
  4 -5.81367 129 1.21835
  5 -4.81367 130 1.24565
  6 -3.81367 133 1.24071
  7 -2.81367 129 1.37199
  8 -1.81367 134 1.30385
  9 -0.813671 116 1.13426
  10 0.186329 106 1.00274
  11 1.18633 111 1.06233
  12 2.18633 126 1.19116
  13 3.18633 134 1.3188
  14 4.18633 132 1.3399
  15 5.18633 122 1.10819
  16 6.18633 132 1.18251
  17 7.18633 115 1.11796
  18 8.18633 118 1.06608
  19 9.18633 141 1.48725
  20 10.1863 134 1.31139
  21 11.1863 121 1.32603
  22 12.1863 109 0.966899
  23 13.1863 125 1.12807
  24 14.1863 119 1.20478
  25 15.1863 118 1.30135
  26 16.1863 114 1.09194
  27 17.1863 119 1.25058
  28 18.1863 125 1.25436
  29 19.1863 120 0.984327
  30 20.1863 76 0.718876
15900000 30 3640
  1 -8.81367 86 0.852674
  2 -7.81367 149 1.45169
  3 -6.81367 117 1.12365
  4 -5.81367 125 1.23001
  5 -4.81367 129 1.14233
  6 -3.81367 130 1.36863
  7 -2.81367 131 1.28942
  8 -1.81367 128 1.22635
  9 -0.813671 104 1.10887
  10 0.186329 116 1.02852
  11 1.18633 105 0.996336
  12 2.18633 109 0.977722
  13 3.18633 142 1.42818
  14 4.18633 132 1.31417
  15 5.18633 139 1.40591
  16 6.18633 124 1.01489
  17 7.18633 116 1.10514
  18 8.18633 123 1.07312
  19 9.18633 141 1.51214
  20 10.1863 121 1.18435
  21 11.1863 121 1.27449
  22 12.1863 118 1.1374
  23 13.1863 127 1.25861
  24 14.1863 127 1.28093
  25 15.1863 125 1.20408
  26 16.1863 123 1.21026
  27 17.1863 125 1.32786
  28 18.1863 112 1.05941
  29 19.1863 118 1.0347
  30 20.1863 77 0.735124
15910000 30 3640
  1 -8.81367 85 0.851136
  2 -7.81367 145 1.34688
  3 -6.81367 119 1.15812
  4 -5.81367 127 1.24689
  5 -4.81367 122 1.17421
  6 -3.81367 133 1.3307
  7 -2.81367 129 1.21989
  8 -1.81367 129 1.29617
  9 -0.813671 122 1.2224
  10 0.186329 113 1.02632
  11 1.18633 100 1.01636
  12 2.18633 131 1.14596
  13 3.18633 119 1.14834
  14 4.18633 140 1.37884
  15 5.18633 133 1.30997
  16 6.18633 129 1.2001
  17 7.18633 119 1.02875
  18 8.18633 127 1.19526
  19 9.18633 132 1.40474
  20 10.1863 138 1.34191
  21 11.1863 112 1.14815
  22 12.1863 120 1.11879
  23 13.1863 117 1.1681
  24 14.1863 114 1.14833
  25 15.1863 128 1.23461
  26 16.1863 115 1.15561
  27 17.1863 120 1.2926
  28 18.1863 119 1.13474
  29 19.1863 121 1.08546
  30 20.1863 82 0.709252
15920000 30 3640
  1 -8.81367 92 0.817669
  2 -7.81367 138 1.35368
  3 -6.81367 116 1.18316
  4 -5.81367 123 1.1449
  5 -4.81367 124 1.16345
  6 -3.81367 130 1.30537
  7 -2.81367 129 1.31775
  8 -1.81367 129 1.15236
  9 -0.813671 110 1.25478
  10 0.186329 121 1.07587
  11 1.18633 110 1.0351
  12 2.18633 132 1.20424
  13 3.18633 108 1.12649
  14 4.18633 139 1.35228
  15 5.18633 127 1.22285
  16 6.18633 126 1.12768
  17 7.18633 120 1.10792
  18 8.18633 116 1.08947
  19 9.18633 149 1.43759
  20 10.1863 126 1.27831
  21 11.1863 117 1.23118
  22 12.1863 127 1.17707
  23 13.1863 128 1.25375
  24 14.1863 115 1.19427
  25 15.1863 127 1.22891
  26 16.1863 126 1.23508
  27 17.1863 113 1.2474
  28 18.1863 120 1.09061
  29 19.1863 113 1.0104
  30 20.1863 89 0.867005
15930000 30 3640
  1 -8.81367 87 0.796029
  2 -7.81367 139 1.38986
  3 -6.81367 128 1.28929
  4 -5.81367 122 1.17774
  5 -4.81367 124 1.12454
  6 -3.81367 142 1.46784
  7 -2.81367 128 1.32267
  8 -1.81367 136 1.22868
  9 -0.813671 109 1.08114
  10 0.186329 101 0.891506
  11 1.18633 101 1.08241
  12 2.18633 138 1.26336
  13 3.18633 135 1.38861
  14 4.18633 129 1.2819
  15 5.18633 121 1.15551
  16 6.18633 127 1.19147
  17 7.18633 131 1.21508
  18 8.18633 117 1.04526
  19 9.18633 151 1.56824
  20 10.1863 123 1.2087
  21 11.1863 121 1.25952
  22 12.1863 109 1.0179
  23 13.1863 129 1.17304
  24 14.1863 125 1.28189
  25 15.1863 121 1.24599
  26 16.1863 110 1.05256
  27 17.1863 140 1.49892
  28 18.1863 100 0.999211
  29 19.1863 109 0.986942
  30 20.1863 87 0.735261
15940000 30 3640
  1 -8.81367 103 0.916591
  2 -7.81367 140 1.43589
  3 -6.81367 119 1.05518
  4 -5.81367 125 1.27602
  5 -4.81367 124 1.22982
  6 -3.81367 121 1.22108
  7 -2.81367 129 1.32347
  8 -1.81367 138 1.23121
  9 -0.813671 113 1.17119
  10 0.186329 115 1.1214
  11 1.18633 106 1.05272
  12 2.18633 127 1.14877
  13 3.18633 122 1.32232
  14 4.18633 135 1.27229
  15 5.18633 130 1.16512
  16 6.18633 126 1.24491
  17 7.18633 116 1.07388
  18 8.18633 122 1.09271
  19 9.18633 141 1.52823
  20 10.1863 129 1.25987
  21 11.1863 108 1.13115
  22 12.1863 124 1.18244
  23 13.1863 113 1.08891
  24 14.1863 131 1.3836
  25 15.1863 116 1.16359
  26 16.1863 132 1.37729
  27 17.1863 110 1.12989
  28 18.1863 120 1.22116
  29 19.1863 114 0.937922
  30 20.1863 91 0.915228
15950000 30 3640
  1 -8.81367 93 0.953289
  2 -7.81367 146 1.27043
  3 -6.81367 123 1.2962
  4 -5.81367 123 1.17245
  5 -4.81367 121 1.10941
  6 -3.81367 138 1.44712
  7 -2.81367 128 1.19608
  8 -1.81367 129 1.27764
  9 -0.813671 123 1.17629
  10 0.186329 107 1.00782
  11 1.18633 114 1.16399
  12 2.18633 122 1.13285
  13 3.18633 129 1.29021
  14 4.18633 128 1.27517
  15 5.18633 140 1.29515
  16 6.18633 121 1.15882
  17 7.18633 122 1.06737
  18 8.18633 118 1.10582
  19 9.18633 137 1.38533
  20 10.1863 128 1.3457
  21 11.1863 130 1.30483
  22 12.1863 121 1.13791
  23 13.1863 117 1.0327
  24 14.1863 110 1.14648
  25 15.1863 116 1.20218
  26 16.1863 123 1.23807
  27 17.1863 120 1.26775
  28 18.1863 117 1.20338
  29 19.1863 114 0.951014
  30 20.1863 82 0.761502
15960000 30 3640
  1 -8.81367 114 1.12747
  2 -7.81367 145 1.42088
  3 -6.81367 114 1.09495
  4 -5.81367 129 1.18987
  5 -4.81367 120 1.21097
  6 -3.81367 126 1.31456
  7 -2.81367 130 1.30095
  8 -1.81367 134 1.24855
  9 -0.813671 103 0.975175
  10 0.186329 108 1.09502
  11 1.18633 112 1.11506
  12 2.18633 125 1.17495
  13 3.18633 128 1.23117
  14 4.18633 123 1.25711
  15 5.18633 132 1.28979
  16 6.18633 111 1.0176
  17 7.18633 125 1.15869
  18 8.18633 111 1.09257
  19 9.18633 152 1.47954
  20 10.1863 130 1.30467
  21 11.1863 124 1.35073
  22 12.1863 115 1.09253
  23 13.1863 112 1.03889
  24 14.1863 117 1.19114
  25 15.1863 115 1.16735
  26 16.1863 123 1.27092
  27 17.1863 116 1.23349
  28 18.1863 123 1.25227
  29 19.1863 124 1.15246
  30 20.1863 99 0.82165
15970000 30 3640
  1 -8.81367 79 0.81013
  2 -7.81367 156 1.37883
  3 -6.81367 119 1.22299
  4 -5.81367 124 1.22053
  5 -4.81367 120 1.06996
  6 -3.81367 138 1.37854
  7 -2.81367 120 1.18992
  8 -1.81367 149 1.39587
  9 -0.813671 109 1.05523
  10 0.186329 115 1.15452
  11 1.18633 90 0.810182
  12 2.18633 134 1.19621
  13 3.18633 120 1.24263
  14 4.18633 126 1.26349
  15 5.18633 124 1.1949
  16 6.18633 134 1.17655
  17 7.18633 122 1.13363
  18 8.18633 119 1.07498
  19 9.18633 158 1.51467
  20 10.1863 122 1.25489
  21 11.1863 111 1.21551
  22 12.1863 125 1.09332
  23 13.1863 119 1.21816
  24 14.1863 136 1.33585
  25 15.1863 114 1.16177
  26 16.1863 127 1.23643
  27 17.1863 125 1.37259
  28 18.1863 121 1.00874
  29 19.1863 117 1.00624
  30 20.1863 67 0.626195
15980000 30 3640
  1 -8.81367 96 0.993835
  2 -7.81367 146 1.33874
  3 -6.81367 112 1.10299
  4 -5.81367 120 1.16245
  5 -4.81367 121 1.1625
  6 -3.81367 133 1.28282
  7 -2.81367 136 1.41299
  8 -1.81367 128 1.11918
  9 -0.813671 113 1.16378
  10 0.186329 105 1.01368
  11 1.18633 113 1.13275
  12 2.18633 124 1.22089
  13 3.18633 130 1.35476
  14 4.18633 125 1.10427
  15 5.18633 122 1.17744
  16 6.18633 136 1.26676
  17 7.18633 114 1.00506
  18 8.18633 140 1.36849
  19 9.18633 127 1.3015
  20 10.1863 133 1.32867
  21 11.1863 122 1.19972
  22 12.1863 116 1.05222
  23 13.1863 116 1.17855
  24 14.1863 129 1.30153
  25 15.1863 126 1.33119
  26 16.1863 118 1.19102
  27 17.1863 116 1.24439
  28 18.1863 120 1.08192
  29 19.1863 117 1.08064
  30 20.1863 86 0.771692
15990000 30 3640
  1 -8.81367 81 0.871915
  2 -7.81367 147 1.31906
  3 -6.81367 115 1.13209
  4 -5.81367 131 1.27188
  5 -4.81367 116 1.12456
  6 -3.81367 132 1.3263
  7 -2.81367 138 1.39576
  8 -1.81367 119 1.11094
  9 -0.813671 130 1.25954
  10 0.186329 100 0.972388
  11 1.18633 101 0.976104
  12 2.18633 138 1.2596
  13 3.18633 117 1.10356
  14 4.18633 134 1.41303
  15 5.18633 130 1.25594
  16 6.18633 124 1.15929
  17 7.18633 120 1.09364
  18 8.18633 129 1.225
  19 9.18633 145 1.43546
  20 10.1863 127 1.34984
  21 11.1863 115 1.13811
  22 12.1863 114 1.12961
  23 13.1863 124 1.11343
  24 14.1863 123 1.30303
  25 15.1863 126 1.19266
  26 16.1863 124 1.27809
  27 17.1863 110 1.21866
  28 18.1863 109 1.07372
  29 19.1863 131 1.09749
  30 20.1863 90 0.784018
16000000 30 3640
  1 -8.81367 85 0.855915
  2 -7.81367 151 1.41841
  3 -6.81367 114 1.11467
  4 -5.81367 132 1.3128
  5 -4.81367 119 1.12967
  6 -3.81367 126 1.241
  7 -2.81367 132 1.37972
  8 -1.81367 124 1.08137
  9 -0.813671 125 1.24601
  10 0.186329 111 1.07527
  11 1.18633 96 0.956291
  12 2.18633 140 1.29935
  13 3.18633 131 1.30681
  14 4.18633 119 1.2225
  15 5.18633 130 1.18419
  16 6.18633 121 1.14076
  17 7.18633 122 1.1272
  18 8.18633 136 1.18066
  19 9.18633 138 1.51218
  20 10.1863 136 1.36986
  21 11.1863 110 1.16053
  22 12.1863 120 1.10731
  23 13.1863 116 1.06779
  24 14.1863 133 1.37499
  25 15.1863 115 1.12953
  26 16.1863 119 1.21619
  27 17.1863 122 1.26589
  28 18.1863 122 1.17677
  29 19.1863 109 0.971126
  30 20.1863 86 0.763013
16010000 30 3640
  1 -8.81367 109 1.07068
  2 -7.81367 140 1.36374
  3 -6.81367 116 1.13512
  4 -5.81367 120 1.17109
  5 -4.81367 126 1.19233
  6 -3.81367 124 1.28909
  7 -2.81367 124 1.22574
  8 -1.81367 127 1.18735
  9 -0.813671 121 1.21224
  10 0.186329 109 1.10659
  11 1.18633 99 0.883114
  12 2.18633 133 1.33644
  13 3.18633 125 1.2259
  14 4.18633 126 1.17369
  15 5.18633 118 1.18733
  16 6.18633 130 1.18982
  17 7.18633 127 1.11791
  18 8.18633 132 1.24202
  19 9.18633 137 1.48412
  20 10.1863 129 1.23208
  21 11.1863 119 1.27281
  22 12.1863 115 1.02478
  23 13.1863 115 1.1364
  24 14.1863 131 1.3961
  25 15.1863 121 1.21329
  26 16.1863 126 1.25682
  27 17.1863 117 1.2743
  28 18.1863 121 1.04336
  29 19.1863 103 0.937762
  30 20.1863 100 0.901679
16020000 30 3640
  1 -8.81367 106 1.0515
  2 -7.81367 145 1.38107
  3 -6.81367 116 1.14344
  4 -5.81367 131 1.28012
  5 -4.81367 119 1.11996
  6 -3.81367 122 1.31111
  7 -2.81367 138 1.28406
  8 -1.81367 125 1.23291
  9 -0.813671 121 1.24428
  10 0.186329 118 1.02306
  11 1.18633 105 1.17209
  12 2.18633 117 1.06407
  13 3.18633 124 1.09762
  14 4.18633 116 1.24164
  15 5.18633 132 1.23434
  16 6.18633 129 1.20445
  17 7.18633 120 1.09637
  18 8.18633 121 1.18088
  19 9.18633 149 1.49402
  20 10.1863 136 1.36099
  21 11.1863 113 1.24654
  22 12.1863 106 0.91237
  23 13.1863 120 1.1821
  24 14.1863 128 1.31015
  25 15.1863 116 1.19071
  26 16.1863 129 1.19198
  27 17.1863 131 1.38591
  28 18.1863 110 1.15341
  29 19.1863 106 0.837929
  30 20.1863 91 0.882552
16030000 30 3640
  1 -8.81367 79 0.8377
  2 -7.81367 150 1.44423
  3 -6.81367 113 1.06794
  4 -5.81367 125 1.24846
  5 -4.81367 124 1.17565
  6 -3.81367 128 1.28807
  7 -2.81367 138 1.39833
  8 -1.81367 125 1.15947
  9 -0.813671 119 1.17071
  10 0.186329 109 1.04325
  11 1.18633 112 1.11011
  12 2.18633 120 1.12366
  13 3.18633 130 1.28321
  14 4.18633 127 1.22394
  15 5.18633 130 1.24867
  16 6.18633 132 1.1942
  17 7.18633 121 1.07544
  18 8.18633 115 1.12739
  19 9.18633 150 1.48748
  20 10.1863 127 1.27696
  21 11.1863 121 1.24736
  22 12.1863 126 1.20156
  23 13.1863 115 1.131
  24 14.1863 125 1.25618
  25 15.1863 124 1.28688
  26 16.1863 124 1.22129
  27 17.1863 120 1.24749
  28 18.1863 122 1.12734
  29 19.1863 115 0.981441
  30 20.1863 74 0.669497
16040000 30 3640
  1 -8.81367 66 0.655082
  2 -7.81367 154 1.41711
  3 -6.81367 129 1.2672
  4 -5.81367 114 1.11093
  5 -4.81367 132 1.23029
  6 -3.81367 143 1.45992
  7 -2.81367 119 1.19703
  8 -1.81367 140 1.24382
  9 -0.813671 116 1.16386
  10 0.186329 101 0.962462
  11 1.18633 114 1.0755
  12 2.18633 121 1.12463
  13 3.18633 137 1.33602
  14 4.18633 126 1.32603
  15 5.18633 125 1.16639
  16 6.18633 130 1.16762
  17 7.18633 121 1.10622
  18 8.18633 122 1.12215
  19 9.18633 156 1.61611
  20 10.1863 128 1.22289
  21 11.1863 118 1.26823
  22 12.1863 114 0.923102
  23 13.1863 121 1.30276
  24 14.1863 123 1.15412
  25 15.1863 132 1.39483
  26 16.1863 115 1.05207
  27 17.1863 124 1.30774
  28 18.1863 119 1.14912
  29 19.1863 112 0.973478
  30 20.1863 68 0.616984
16050000 30 3640
  1 -8.81367 83 0.748641
  2 -7.81367 153 1.5217
  3 -6.81367 104 1.00991
  4 -5.81367 131 1.23434
  5 -4.81367 120 1.13446
  6 -3.81367 142 1.43154
  7 -2.81367 117 1.16407
  8 -1.81367 139 1.33541
  9 -0.813671 117 1.14816
  10 0.186329 109 1.0691
  11 1.18633 105 1.0002
  12 2.18633 125 1.15309
  13 3.18633 118 1.11843
  14 4.18633 137 1.44522
  15 5.18633 126 1.13578
  16 6.18633 118 1.10242
  17 7.18633 125 1.09883
  18 8.18633 122 1.07914
  19 9.18633 155 1.63009
  20 10.1863 123 1.21463
  21 11.1863 124 1.2639
  22 12.1863 116 1.06424
  23 13.1863 124 1.2528
  24 14.1863 126 1.30846
  25 15.1863 129 1.19984
  26 16.1863 118 1.22444
  27 17.1863 118 1.24295
  28 18.1863 128 1.24053
  29 19.1863 120 1.00267
  30 20.1863 68 0.655973
16060000 30 3640
  1 -8.81367 80 0.86557
  2 -7.81367 155 1.40249
  3 -6.81367 113 1.17579
  4 -5.81367 122 1.16964
  5 -4.81367 123 1.19185
  6 -3.81367 139 1.41702
  7 -2.81367 119 1.11675
  8 -1.81367 139 1.25964
  9 -0.813671 109 1.11185
  10 0.186329 111 1.04049
  11 1.18633 100 1.02813
  12 2.18633 130 1.11939
  13 3.18633 125 1.25214
  14 4.18633 130 1.31988
  15 5.18633 120 1.17834
  16 6.18633 131 1.09107
  17 7.18633 124 1.2411
  18 8.18633 124 1.11931
  19 9.18633 152 1.4825
  20 10.1863 134 1.39611
  21 11.1863 120 1.21888
  22 12.1863 109 1.08837
  23 13.1863 125 1.1612
  24 14.1863 118 1.13653
  25 15.1863 116 1.18441
  26 16.1863 145 1.42573
  27 17.1863 111 1.14761
  28 18.1863 110 1.06504
  29 19.1863 114 0.953115
  30 20.1863 92 0.817593
16070000 30 3640
  1 -8.81367 112 1.14047
  2 -7.81367 134 1.24044
  3 -6.81367 116 1.16049
  4 -5.81367 134 1.2715
  5 -4.81367 119 1.17912
  6 -3.81367 128 1.24776
  7 -2.81367 133 1.35883
  8 -1.81367 125 1.17672
  9 -0.813671 121 1.16797
  10 0.186329 99 0.988388
  11 1.18633 102 0.984699
  12 2.18633 121 1.13552
  13 3.18633 133 1.33269
  14 4.18633 122 1.26896
  15 5.18633 127 1.15931
  16 6.18633 135 1.32021
  17 7.18633 115 0.979709
  18 8.18633 121 1.20165
  19 9.18633 142 1.43259
  20 10.1863 127 1.3425
  21 11.1863 112 1.07193
  22 12.1863 125 1.24401
  23 13.1863 113 1.10684
  24 14.1863 125 1.28543
  25 15.1863 130 1.26648
  26 16.1863 118 1.15918
  27 17.1863 130 1.4437
  28 18.1863 109 0.998313
  29 19.1863 106 0.992057
  30 20.1863 106 0.993308
16080000 30 3640
  1 -8.81367 103 0.951696
  2 -7.81367 151 1.45429
  3 -6.81367 124 1.22027
  4 -5.81367 121 1.14687
  5 -4.81367 130 1.37935
  6 -3.81367 129 1.2067
  7 -2.81367 134 1.35588
  8 -1.81367 130 1.23145
  9 -0.813671 95 0.852217
  10 0.186329 114 1.16568
  11 1.18633 97 1.00145
  12 2.18633 127 1.11594
  13 3.18633 131 1.31606
  14 4.18633 125 1.31489
  15 5.18633 130 1.12222
  16 6.18633 124 1.16678
  17 7.18633 118 1.09475
  18 8.18633 120 1.19801
  19 9.18633 150 1.52878
  20 10.1863 128 1.27876
  21 11.1863 115 1.26868
  22 12.1863 113 0.955504
  23 13.1863 119 1.12326
  24 14.1863 127 1.36222
  25 15.1863 124 1.22903
  26 16.1863 129 1.30727
  27 17.1863 103 1.00766
  28 18.1863 126 1.36334
  29 19.1863 109 0.910718
  30 20.1863 94 0.910604
16090000 30 3640
  1 -8.81367 67 0.736992
  2 -7.81367 158 1.47789
  3 -6.81367 121 1.11126
  4 -5.81367 122 1.31851
  5 -4.81367 113 0.934855
  6 -3.81367 135 1.44781
  7 -2.81367 138 1.32735
  8 -1.81367 120 1.16717
  9 -0.813671 118 1.24411
  10 0.186329 126 1.13623
  11 1.18633 100 0.955914
  12 2.18633 130 1.21691
  13 3.18633 119 1.22675
  14 4.18633 142 1.40813
  15 5.18633 119 1.15479
  16 6.18633 125 1.14725
  17 7.18633 125 1.06658
  18 8.18633 125 1.22926
  19 9.18633 136 1.38343
  20 10.1863 136 1.36591
  21 11.1863 122 1.30118
  22 12.1863 117 1.06281
  23 13.1863 127 1.32743
  24 14.1863 121 1.12621
  25 15.1863 129 1.30009
  26 16.1863 122 1.19557
  27 17.1863 115 1.33859
  28 18.1863 119 1.10253
  29 19.1863 121 1.03177
  30 20.1863 72 0.667525
16100000 30 3640
  1 -8.81367 91 0.828452
  2 -7.81367 132 1.31041
  3 -6.81367 126 1.21795
  4 -5.81367 129 1.26345
  5 -4.81367 116 1.06826
  6 -3.81367 138 1.41792
  7 -2.81367 129 1.25866
  8 -1.81367 112 1.11508
  9 -0.813671 119 1.16967
  10 0.186329 107 1.02757
  11 1.18633 110 0.963263
  12 2.18633 115 1.1128
  13 3.18633 142 1.36622
  14 4.18633 120 1.27701
  15 5.18633 139 1.35269
  16 6.18633 117 0.984239
  17 7.18633 131 1.23265
  18 8.18633 116 1.03621
  19 9.18633 138 1.41067
  20 10.1863 138 1.44149
  21 11.1863 126 1.2895
  22 12.1863 116 1.03981
  23 13.1863 132 1.3205
  24 14.1863 113 1.17957
  25 15.1863 136 1.24627
  26 16.1863 108 1.0842
  27 17.1863 117 1.22773
  28 18.1863 115 1.17449
  29 19.1863 120 1.0881
  30 20.1863 92 0.81857
16110000 30 3640
  1 -8.81367 102 1.04166
  2 -7.81367 141 1.32081
  3 -6.81367 108 1.05174
  4 -5.81367 137 1.35676
  5 -4.81367 119 1.13551
  6 -3.81367 129 1.31551
  7 -2.81367 135 1.38307
  8 -1.81367 128 1.22552
  9 -0.813671 114 1.1056
  10 0.186329 113 1.12058
  11 1.18633 109 1.05808
  12 2.18633 127 1.19562
  13 3.18633 122 1.16931
  14 4.18633 127 1.33053
  15 5.18633 123 1.24312
  16 6.18633 130 1.19686
  17 7.18633 116 1.07306
  18 8.18633 113 0.966856
  19 9.18633 141 1.43818
  20 10.1863 143 1.45314
  21 11.1863 115 1.31168
  22 12.1863 115 1.0368
  23 13.1863 116 1.14423
  24 14.1863 126 1.23569
  25 15.1863 112 1.1605
  26 16.1863 120 1.19174
  27 17.1863 106 1.153
  28 18.1863 132 1.3531
  29 19.1863 114 0.994356
  30 20.1863 107 0.966723
16120000 30 3640
  1 -8.81367 76 0.783811
  2 -7.81367 150 1.31678
  3 -6.81367 122 1.25386
  4 -5.81367 125 1.18864
  5 -4.81367 124 1.19974
  6 -3.81367 131 1.28338
  7 -2.81367 135 1.3609
  8 -1.81367 129 1.21574
  9 -0.813671 126 1.17282
  10 0.186329 102 0.981936
  11 1.18633 110 1.10272
  12 2.18633 123 1.16773
  13 3.18633 134 1.29337
  14 4.18633 128 1.19485
  15 5.18633 129 1.29207
  16 6.18633 133 1.19736
  17 7.18633 125 1.12601
  18 8.18633 118 1.08794
  19 9.18633 146 1.52329
  20 10.1863 135 1.29577
  21 11.1863 108 1.11965
  22 12.1863 128 1.11616
  23 13.1863 115 1.21088
  24 14.1863 119 1.18012
  25 15.1863 123 1.2649
  26 16.1863 128 1.22802
  27 17.1863 106 1.10629
  28 18.1863 127 1.2625
  29 19.1863 110 0.905846
  30 20.1863 75 0.723576
16130000 30 3640
  1 -8.81367 117 1.03891
  2 -7.81367 140 1.40011
  3 -6.81367 119 1.20804
  4 -5.81367 135 1.32966
  5 -4.81367 123 1.16802
  6 -3.81367 121 1.30083
  7 -2.81367 131 1.30841
  8 -1.81367 133 1.25329
  9 -0.813671 108 1.11157
  10 0.186329 112 1.02501
  11 1.18633 116 1.15933
  12 2.18633 108 1.08639
  13 3.18633 130 1.20949
  14 4.18633 128 1.25452
  15 5.18633 127 1.27839
  16 6.18633 124 1.17799
  17 7.18633 117 1.03386
  18 8.18633 115 1.14668
  19 9.18633 149 1.47541
  20 10.1863 122 1.25568
  21 11.1863 117 1.24687
  22 12.1863 118 1.14294
  23 13.1863 118 1.12789
  24 14.1863 119 1.21069
  25 15.1863 121 1.23069
  26 16.1863 113 1.24437
  27 17.1863 127 1.24711
  28 18.1863 118 1.18549
  29 19.1863 118 1.04646
  30 20.1863 96 0.938314
16140000 30 3640
  1 -8.81367 95 0.935265
  2 -7.81367 138 1.33264
  3 -6.81367 122 1.17366
  4 -5.81367 128 1.28404
  5 -4.81367 122 1.17365
  6 -3.81367 123 1.24929
  7 -2.81367 126 1.27544
  8 -1.81367 145 1.37857
  9 -0.813671 112 1.14009
  10 0.186329 120 1.02107
  11 1.18633 108 1.08183
  12 2.18633 123 1.15261
  13 3.18633 129 1.29779
  14 4.18633 128 1.23705
  15 5.18633 133 1.33884
  16 6.18633 126 1.15503
  17 7.18633 121 1.04214
  18 8.18633 121 1.21588
  19 9.18633 142 1.44069
  20 10.1863 122 1.24062
  21 11.1863 123 1.28415
  22 12.1863 121 1.0706
  23 13.1863 112 1.12768
  24 14.1863 116 1.2209
  25 15.1863 132 1.32389
  26 16.1863 125 1.2283
  27 17.1863 114 1.22824
  28 18.1863 130 1.16754
  29 19.1863 101 0.930299
  30 20.1863 82 0.735243
16150000 30 3640
  1 -8.81367 111 1.13522
  2 -7.81367 133 1.30234
  3 -6.81367 116 1.15274
  4 -5.81367 120 1.1741
  5 -4.81367 132 1.24697
  6 -3.81367 130 1.3474
  7 -2.81367 133 1.34864
  8 -1.81367 119 1.17034
  9 -0.813671 120 1.1805
  10 0.186329 109 0.99848
  11 1.18633 107 1.10386
  12 2.18633 130 1.23204
  13 3.18633 120 1.25825
  14 4.18633 125 1.20183
  15 5.18633 127 1.27826
  16 6.18633 124 1.11529
  17 7.18633 121 1.06755
  18 8.18633 116 1.11519
  19 9.18633 137 1.41141
  20 10.1863 130 1.37385
  21 11.1863 107 1.06736
  22 12.1863 121 1.17662
  23 13.1863 117 1.06259
  24 14.1863 130 1.41016
  25 15.1863 120 1.1755
  26 16.1863 114 1.25317
  27 17.1863 120 1.26446
  28 18.1863 115 1.13152
  29 19.1863 127 1.10274
  30 20.1863 109 1.01968
16160000 30 3640
  1 -8.81367 72 0.639765
  2 -7.81367 140 1.31873
  3 -6.81367 129 1.23522
  4 -5.81367 126 1.25229
  5 -4.81367 126 1.13573
  6 -3.81367 142 1.46958
  7 -2.81367 131 1.23524
  8 -1.81367 120 1.18845
  9 -0.813671 110 1.07195
  10 0.186329 121 1.16167
  11 1.18633 94 0.866923
  12 2.18633 131 1.22424
  13 3.18633 138 1.33953
  14 4.18633 130 1.30886
  15 5.18633 125 1.17009
  16 6.18633 121 1.12109
  17 7.18633 129 1.13953
  18 8.18633 103 1.03626
  19 9.18633 148 1.39609
  20 10.1863 127 1.33951
  21 11.1863 127 1.29156
  22 12.1863 122 1.05359
  23 13.1863 134 1.26843
  24 14.1863 113 1.19833
  25 15.1863 123 1.20208
  26 16.1863 127 1.261
  27 17.1863 118 1.20197
  28 18.1863 117 1.2106
  29 19.1863 120 1.03771
  30 20.1863 76 0.703524
16170000 30 3640
  1 -8.81367 97 0.944305
  2 -7.81367 161 1.58309
  3 -6.81367 114 1.11081
  4 -5.81367 118 1.19844
  5 -4.81367 130 1.22613
  6 -3.81367 133 1.28118
  7 -2.81367 128 1.41127
  8 -1.81367 118 1.0971
  9 -0.813671 121 1.17738
  10 0.186329 112 1.04207
  11 1.18633 100 1.03585
  12 2.18633 135 1.3038
  13 3.18633 117 1.15594
  14 4.18633 135 1.33502
  15 5.18633 131 1.24126
  16 6.18633 125 1.17474
  17 7.18633 125 1.11599
  18 8.18633 118 1.23364
  19 9.18633 133 1.34506
  20 10.1863 128 1.33492
  21 11.1863 119 1.16348
  22 12.1863 110 1.06074
  23 13.1863 125 1.19739
  24 14.1863 112 1.14478
  25 15.1863 123 1.19237
  26 16.1863 112 1.20334
  27 17.1863 125 1.30251
  28 18.1863 128 1.27123
  29 19.1863 114 1.00578
  30 20.1863 93 0.891778
16180000 30 3640
  1 -8.81367 104 0.937854
  2 -7.81367 142 1.39997
  3 -6.81367 112 1.07989
  4 -5.81367 125 1.20825
  5 -4.81367 129 1.23309
  6 -3.81367 130 1.35764
  7 -2.81367 127 1.24551
  8 -1.81367 128 1.20588
  9 -0.813671 116 1.08975
  10 0.186329 113 1.13319
  11 1.18633 105 1.04778
  12 2.18633 129 1.15773
  13 3.18633 140 1.40121
  14 4.18633 126 1.22927
  15 5.18633 123 1.22081
  16 6.18633 128 1.15038
  17 7.18633 109 0.9576
  18 8.18633 113 1.04296
  19 9.18633 151 1.51226
  20 10.1863 123 1.22814
  21 11.1863 122 1.27993
  22 12.1863 119 1.17869
  23 13.1863 134 1.25659
  24 14.1863 122 1.22212
  25 15.1863 105 1.0094
  26 16.1863 131 1.35656
  27 17.1863 114 1.19849
  28 18.1863 114 1.14035
  29 19.1863 118 1.03551
  30 20.1863 88 0.783389
16190000 30 3640
  1 -8.81367 79 0.815497
  2 -7.81367 154 1.43705
  3 -6.81367 124 1.20426
  4 -5.81367 127 1.21526
  5 -4.81367 124 1.22649
  6 -3.81367 134 1.30066
  7 -2.81367 134 1.31687
  8 -1.81367 131 1.30194
  9 -0.813671 114 1.09916
  10 0.186329 107 1.01252
  11 1.18633 110 1.08792
  12 2.18633 123 1.11022
  13 3.18633 135 1.35276
  14 4.18633 132 1.26983
  15 5.18633 143 1.3924
  16 6.18633 114 1.04588
  17 7.18633 114 1.07555
  18 8.18633 119 1.11889
  19 9.18633 140 1.33553
  20 10.1863 136 1.41206
  21 11.1863 125 1.22765
  22 12.1863 115 1.11149
  23 13.1863 115 1.16083
  24 14.1863 122 1.20068
  25 15.1863 113 1.16829
  26 16.1863 119 1.19671
  27 17.1863 126 1.31809
  28 18.1863 114 1.13247
  29 19.1863 110 0.929615
  30 20.1863 87 0.783523
16200000 30 3640
  1 -8.81367 115 1.06101
  2 -7.81367 134 1.32585
  3 -6.81367 117 1.23082
  4 -5.81367 127 1.28077
  5 -4.81367 119 1.06728
  6 -3.81367 129 1.32698
  7 -2.81367 133 1.3621
  8 -1.81367 129 1.14844
  9 -0.813671 117 1.2347
  10 0.186329 109 1.03973
  11 1.18633 99 0.973604
  12 2.18633 134 1.19602
  13 3.18633 130 1.40198
  14 4.18633 129 1.23218
  15 5.18633 126 1.16237
  16 6.18633 128 1.23705
  17 7.18633 118 1.09727
  18 8.18633 115 1.13097
  19 9.18633 150 1.36349
  20 10.1863 118 1.32318
  21 11.1863 115 1.16461
  22 12.1863 116 1.15348
  23 13.1863 115 1.08599
  24 14.1863 118 1.26347
  25 15.1863 124 1.16842
  26 16.1863 116 1.17586
  27 17.1863 117 1.32954
  28 18.1863 118 1.18087
  29 19.1863 118 0.987401
  30 20.1863 107 0.9973
16210000 30 3640
  1 -8.81367 73 0.778977
  2 -7.81367 153 1.45621
  3 -6.81367 112 1.06183
  4 -5.81367 138 1.3259
  5 -4.81367 118 1.12627
  6 -3.81367 132 1.33698
  7 -2.81367 138 1.43006
  8 -1.81367 130 1.20933
  9 -0.813671 109 1.057
  10 0.186329 107 1.02468
  11 1.18633 110 1.06917
  12 2.18633 123 1.18587
  13 3.18633 136 1.32345
  14 4.18633 127 1.22301
  15 5.18633 145 1.38936
  16 6.18633 109 1.09884
  17 7.18633 122 1.03713
  18 8.18633 123 1.14867
  19 9.18633 152 1.55912
  20 10.1863 122 1.19943
  21 11.1863 120 1.25631
  22 12.1863 115 1.09289
  23 13.1863 128 1.254
  24 14.1863 120 1.25166
  25 15.1863 116 1.05315
  26 16.1863 117 1.23399
  27 17.1863 136 1.42025
  28 18.1863 101 1.04558
  29 19.1863 127 1.09909
  30 20.1863 81 0.689692
16220000 30 3640
  1 -8.81367 79 0.780161
  2 -7.81367 154 1.4035
  3 -6.81367 115 1.19677
  4 -5.81367 130 1.203
  5 -4.81367 117 1.14486
  6 -3.81367 124 1.22644
  7 -2.81367 134 1.41184
  8 -1.81367 131 1.17834
  9 -0.813671 121 1.18336
  10 0.186329 104 1.00402
  11 1.18633 116 1.20299
  12 2.18633 121 1.09061
  13 3.18633 134 1.2797
  14 4.18633 127 1.35995
  15 5.18633 137 1.18586
  16 6.18633 117 1.10291
  17 7.18633 120 1.17582
  18 8.18633 128 1.12404
  19 9.18633 140 1.4453
  20 10.1863 132 1.32531
  21 11.1863 120 1.23017
  22 12.1863 128 1.0882
  23 13.1863 118 1.17087
  24 14.1863 115 1.28584
  25 15.1863 132 1.28455
  26 16.1863 104 1.06206
  27 17.1863 123 1.21672
  28 18.1863 117 1.14979
  29 19.1863 115 1.01889
  30 20.1863 87 0.792535
16230000 30 3640
  1 -8.81367 98 0.860746
  2 -7.81367 139 1.3318
  3 -6.81367 114 1.11789
  4 -5.81367 129 1.26613
  5 -4.81367 131 1.22173
  6 -3.81367 131 1.28101
  7 -2.81367 134 1.31572
  8 -1.81367 128 1.34769
  9 -0.813671 119 1.06739
  10 0.186329 103 0.975737
  11 1.18633 111 1.10303
  12 2.18633 117 1.1043
  13 3.18633 133 1.31452
  14 4.18633 128 1.26
  15 5.18633 136 1.30841
  16 6.18633 120 1.07834
  17 7.18633 125 1.19082
  18 8.18633 121 1.07717
  19 9.18633 140 1.43442
  20 10.1863 128 1.24153
  21 11.1863 107 1.15847
  22 12.1863 110 1.07086
  23 13.1863 127 1.14151
  24 14.1863 119 1.32437
  25 15.1863 128 1.1661
  26 16.1863 127 1.31193
  27 17.1863 116 1.24648
  28 18.1863 124 1.14753
  29 19.1863 121 1.0389
  30 20.1863 76 0.824693
16240000 30 3640
  1 -8.81367 109 1.05774
  2 -7.81367 142 1.46866
  3 -6.81367 120 1.11117
  4 -5.81367 136 1.3481
  5 -4.81367 114 1.01311
  6 -3.81367 119 1.30826
  7 -2.81367 148 1.42523
  8 -1.81367 117 1.11109
  9 -0.813671 116 1.10989
  10 0.186329 109 1.04795
  11 1.18633 108 1.11244
  12 2.18633 120 1.18063
  13 3.18633 138 1.28371
  14 4.18633 122 1.23771
  15 5.18633 122 1.16332
  16 6.18633 123 1.10622
  17 7.18633 126 1.15338
  18 8.18633 114 1.0367
  19 9.18633 135 1.41268
  20 10.1863 143 1.50959
  21 11.1863 110 1.11604
  22 12.1863 122 1.13598
  23 13.1863 111 1.04412
  24 14.1863 122 1.26015
  25 15.1863 121 1.14837
  26 16.1863 113 1.17436
  27 17.1863 128 1.32207
  28 18.1863 122 1.17325
  29 19.1863 108 1.06271
  30 20.1863 102 0.834394
16250000 30 3640
  1 -8.81367 129 1.25702
  2 -7.81367 150 1.52065
  3 -6.81367 115 1.1419
  4 -5.81367 118 1.05582
  5 -4.81367 115 1.12697
  6 -3.81367 127 1.33186
  7 -2.81367 134 1.33307
  8 -1.81367 115 1.10697
  9 -0.813671 123 1.16837
  10 0.186329 106 1.07953
  11 1.18633 116 1.14832
  12 2.18633 125 1.17835
  13 3.18633 126 1.27693
  14 4.18633 138 1.3756
  15 5.18633 116 1.06345
  16 6.18633 114 1.0283
  17 7.18633 127 1.23449
  18 8.18633 115 1.05338
  19 9.18633 140 1.45563
  20 10.1863 130 1.31559
  21 11.1863 120 1.33799
  22 12.1863 116 0.988472
  23 13.1863 109 1.12196
  24 14.1863 129 1.28338
  25 15.1863 118 1.1794
  26 16.1863 122 1.20692
  27 17.1863 133 1.41936
  28 18.1863 114 1.09959
  29 19.1863 107 0.944662
  30 20.1863 93 0.863372
16260000 30 3640
  1 -8.81367 97 0.944632
  2 -7.81367 145 1.4684
  3 -6.81367 117 1.12175
  4 -5.81367 122 1.10322
  5 -4.81367 122 1.17452
  6 -3.81367 132 1.27045
  7 -2.81367 134 1.44007
  8 -1.81367 118 1.1253
  9 -0.813671 122 1.15507
  10 0.186329 112 1.04549
  11 1.18633 105 1.02207
  12 2.18633 123 1.11689
  13 3.18633 129 1.32575
  14 4.18633 122 1.14382
  15 5.18633 138 1.33458
  16 6.18633 121 1.10688
  17 7.18633 118 1.08239
  18 8.18633 119 1.03696
  19 9.18633 148 1.57421
  20 10.1863 131 1.31348
  21 11.1863 117 1.15109
  22 12.1863 118 1.08367
  23 13.1863 124 1.21143
  24 14.1863 129 1.27927
  25 15.1863 126 1.2065
  26 16.1863 118 1.21501
  27 17.1863 119 1.30122
  28 18.1863 114 1.0602
  29 19.1863 113 0.976679
  30 20.1863 87 0.747818
16270000 30 3640
  1 -8.81367 101 1.08224
  2 -7.81367 149 1.46297
  3 -6.81367 111 1.04481
  4 -5.81367 138 1.4054
  5 -4.81367 110 0.998623
  6 -3.81367 129 1.30184
  7 -2.81367 132 1.32812
  8 -1.81367 127 1.24068
  9 -0.813671 127 1.30076
  10 0.186329 96 0.946234
  11 1.18633 101 0.942576
  12 2.18633 135 1.18228
  13 3.18633 124 1.31678
  14 4.18633 115 1.2756
  15 5.18633 139 1.19605
  16 6.18633 131 1.30058
  17 7.18633 124 1.09733
  18 8.18633 113 1.02122
  19 9.18633 146 1.47038
  20 10.1863 127 1.35056
  21 11.1863 120 1.22442
  22 12.1863 123 1.17093
  23 13.1863 122 1.19458
  24 14.1863 115 1.17101
  25 15.1863 126 1.29309
  26 16.1863 121 1.2045
  27 17.1863 111 1.22329
  28 18.1863 117 1.03117
  29 19.1863 122 1.15466
  30 20.1863 88 0.730309
16280000 30 3640
  1 -8.81367 92 0.895015
  2 -7.81367 145 1.44378
  3 -6.81367 107 1.0426
  4 -5.81367 141 1.3612
  5 -4.81367 117 1.11377
  6 -3.81367 134 1.38115
  7 -2.81367 128 1.3412
  8 -1.81367 132 1.24375
  9 -0.813671 120 1.13771
  10 0.186329 104 1.03873
  11 1.18633 97 1.01509
  12 2.18633 128 1.12762
  13 3.18633 134 1.31132
  14 4.18633 117 1.2299
  15 5.18633 139 1.3664
  16 6.18633 130 1.21754
  17 7.18633 121 1.0302
  18 8.18633 114 1.0551
  19 9.18633 149 1.62371
  20 10.1863 130 1.28623
  21 11.1863 110 1.15001
  22 12.1863 116 1.10003
  23 13.1863 119 1.24123
  24 14.1863 115 1.09891
  25 15.1863 124 1.25623
  26 16.1863 118 1.16371
  27 17.1863 122 1.34878
  28 18.1863 126 1.20753
  29 19.1863 120 1.06887
  30 20.1863 91 0.816344
16290000 30 3640
  1 -8.81367 95 0.909601
  2 -7.81367 144 1.47179
  3 -6.81367 120 1.16318
  4 -5.81367 133 1.25566
  5 -4.81367 121 1.1532
  6 -3.81367 127 1.32054
  7 -2.81367 122 1.19321
  8 -1.81367 140 1.3556
  9 -0.813671 117 1.18204
  10 0.186329 103 0.965834
  11 1.18633 108 1.10585
  12 2.18633 131 1.3007
  13 3.18633 133 1.28695
  14 4.18633 124 1.20817
  15 5.18633 123 1.12213
  16 6.18633 120 1.20935
  17 7.18633 130 1.13337
  18 8.18633 111 1.10331
  19 9.18633 145 1.37447
  20 10.1863 138 1.43418
  21 11.1863 111 1.22932
  22 12.1863 113 1.06324
  23 13.1863 119 1.11586
  24 14.1863 115 1.1358
  25 15.1863 107 1.10076
  26 16.1863 122 1.24311
  27 17.1863 120 1.22945
  28 18.1863 127 1.41422
  29 19.1863 118 0.953504
  30 20.1863 103 0.962144
16300000 30 3640
  1 -8.81367 97 0.900724
  2 -7.81367 158 1.54435
  3 -6.81367 109 1.03172
  4 -5.81367 117 1.24598
  5 -4.81367 124 1.12026
  6 -3.81367 137 1.41942
  7 -2.81367 129 1.29735
  8 -1.81367 133 1.31475
  9 -0.813671 107 1.04288
  10 0.186329 108 1.01557
  11 1.18633 108 1.06286
  12 2.18633 127 1.17896
  13 3.18633 135 1.29601
  14 4.18633 121 1.33847
  15 5.18633 139 1.20024
  16 6.18633 121 1.18126
  17 7.18633 126 1.21873
  18 8.18633 120 0.979477
  19 9.18633 138 1.5218
  20 10.1863 128 1.3035
  21 11.1863 118 1.3059
  22 12.1863 112 1.0055
  23 13.1863 125 1.13776
  24 14.1863 120 1.26752
  25 15.1863 114 1.11764
  26 16.1863 126 1.36576
  27 17.1863 110 1.0679
  28 18.1863 124 1.30101
  29 19.1863 114 0.939502
  30 20.1863 95 0.916842
16310000 30 3640
  1 -8.81367 101 1.01396
  2 -7.81367 145 1.32222
  3 -6.81367 114 1.19893
  4 -5.81367 129 1.26352
  5 -4.81367 132 1.21402
  6 -3.81367 124 1.28586
  7 -2.81367 127 1.28847
  8 -1.81367 130 1.16552
  9 -0.813671 118 1.21032
  10 0.186329 106 0.989091
  11 1.18633 106 1.01774
  12 2.18633 126 1.28351
  13 3.18633 124 1.13821
  14 4.18633 120 1.26121
  15 5.18633 124 1.09354
  16 6.18633 134 1.29342
  17 7.18633 124 1.13702
  18 8.18633 114 1.0513
  19 9.18633 148 1.6102
  20 10.1863 136 1.3543
  21 11.1863 118 1.1829
  22 12.1863 112 1.03253
  23 13.1863 115 1.17049
  24 14.1863 121 1.17553
  25 15.1863 115 1.11582
  26 16.1863 114 1.17281
  27 17.1863 120 1.24998
  28 18.1863 133 1.37672
  29 19.1863 118 0.980503
  30 20.1863 92 0.849911
16320000 30 3640
  1 -8.81367 83 0.81064
  2 -7.81367 142 1.42515
  3 -6.81367 129 1.24879
  4 -5.81367 125 1.19289
  5 -4.81367 132 1.34557
  6 -3.81367 134 1.29716
  7 -2.81367 126 1.24884
  8 -1.81367 120 1.22509
  9 -0.813671 124 1.15342
  10 0.186329 112 1.0925
  11 1.18633 112 1.02429
  12 2.18633 116 1.18544
  13 3.18633 131 1.21169
  14 4.18633 123 1.26113
  15 5.18633 129 1.17821
  16 6.18633 131 1.20047
  17 7.18633 116 1.1408
  18 8.18633 117 1.06405
  19 9.18633 152 1.52563
  20 10.1863 132 1.31087
  21 11.1863 126 1.33931
  22 12.1863 126 1.12478
  23 13.1863 117 1.14576
  24 14.1863 110 1.10616
  25 15.1863 124 1.30211
  26 16.1863 122 1.21028
  27 17.1863 109 1.12473
  28 18.1863 123 1.24135
  29 19.1863 113 1.0106
  30 20.1863 84 0.718813
16330000 30 3640
  1 -8.81367 97 1.08611
  2 -7.81367 143 1.30908
  3 -6.81367 114 1.10864
  4 -5.81367 122 1.15088
  5 -4.81367 136 1.28038
  6 -3.81367 123 1.29383
  7 -2.81367 121 1.27531
  8 -1.81367 139 1.31892
  9 -0.813671 112 1.01795
  10 0.186329 106 1.02416
  11 1.18633 101 1.01537
  12 2.18633 124 1.21318
  13 3.18633 137 1.42953
  14 4.18633 129 1.1311
  15 5.18633 125 1.24188
  16 6.18633 122 1.15216
  17 7.18633 126 1.15598
  18 8.18633 119 1.11877
  19 9.18633 146 1.49679
  20 10.1863 132 1.34493
  21 11.1863 123 1.25914
  22 12.1863 115 1.05159
  23 13.1863 115 1.10866
  24 14.1863 124 1.22309
  25 15.1863 116 1.24047
  26 16.1863 112 1.1596
  27 17.1863 126 1.27038
  28 18.1863 114 1.13852
  29 19.1863 114 0.966942
  30 20.1863 107 0.965658
16340000 30 3640
  1 -8.81367 95 0.938778
  2 -7.81367 147 1.48
  3 -6.81367 132 1.24029
  4 -5.81367 118 1.20352
  5 -4.81367 125 1.26164
  6 -3.81367 132 1.2831
  7 -2.81367 127 1.32602
  8 -1.81367 127 1.20742
  9 -0.813671 119 1.28055
  10 0.186329 110 0.994403
  11 1.18633 98 0.979161
  12 2.18633 122 1.22136
  13 3.18633 144 1.31351
  14 4.18633 124 1.3185
  15 5.18633 132 1.14328
  16 6.18633 115 1.22493
  17 7.18633 119 1.13434
  18 8.18633 109 1.02086
  19 9.18633 156 1.62753
  20 10.1863 134 1.27307
  21 11.1863 131 1.47349
  22 12.1863 109 0.934965
  23 13.1863 116 1.24664
  24 14.1863 130 1.28447
  25 15.1863 119 1.25026
  26 16.1863 118 1.12926
  27 17.1863 113 1.26036
  28 18.1863 120 1.15074
  29 19.1863 119 1.08642
  30 20.1863 80 0.758257
16350000 30 3640
  1 -8.81367 78 0.730128
  2 -7.81367 144 1.38395
  3 -6.81367 116 1.11972
  4 -5.81367 126 1.25715
  5 -4.81367 126 1.12098
  6 -3.81367 140 1.44635
  7 -2.81367 128 1.29783
  8 -1.81367 129 1.20076
  9 -0.813671 118 1.09641
  10 0.186329 107 0.996811
  11 1.18633 98 1.0447
  12 2.18633 120 1.07559
  13 3.18633 144 1.41581
  14 4.18633 128 1.20818
  15 5.18633 119 1.20816
  16 6.18633 125 1.06445
  17 7.18633 132 1.21308
  18 8.18633 116 1.07435
  19 9.18633 145 1.52755
  20 10.1863 131 1.23151
  21 11.1863 127 1.35797
  22 12.1863 117 0.993231
  23 13.1863 126 1.26713
  24 14.1863 120 1.20694
  25 15.1863 125 1.19341
  26 16.1863 123 1.23875
  27 17.1863 122 1.30152
  28 18.1863 121 1.07678
  29 19.1863 110 1.08768
  30 20.1863 79 0.677203
16360000 30 3640
  1 -8.81367 93 0.816586
  2 -7.81367 142 1.41924
  3 -6.81367 113 1.081
  4 -5.81367 123 1.15247
  5 -4.81367 130 1.2859
  6 -3.81367 143 1.42663
  7 -2.81367 118 1.22657
  8 -1.81367 140 1.32541
  9 -0.813671 118 1.07729
  10 0.186329 100 0.99081
  11 1.18633 109 1.06851
  12 2.18633 131 1.21067
  13 3.18633 131 1.30201
  14 4.18633 129 1.19579
  15 5.18633 136 1.39215
  16 6.18633 119 1.09574
  17 7.18633 126 1.07484
  18 8.18633 105 1.03524
  19 9.18633 155 1.5749
  20 10.1863 123 1.22044
  21 11.1863 127 1.29566
  22 12.1863 121 1.15755
  23 13.1863 123 1.13162
  24 14.1863 105 1.15374
  25 15.1863 134 1.28469
  26 16.1863 113 1.16113
  27 17.1863 114 1.12411
  28 18.1863 116 1.1994
  29 19.1863 127 1.11435
  30 20.1863 76 0.698004
16370000 30 3640
  1 -8.81367 101 1.06627
  2 -7.81367 148 1.39422
  3 -6.81367 108 1.01741
  4 -5.81367 128 1.36253
  5 -4.81367 117 1.09775
  6 -3.81367 136 1.37143
  7 -2.81367 138 1.38902
  8 -1.81367 117 1.19808
  9 -0.813671 124 1.21588
  10 0.186329 105 0.9622
  11 1.18633 108 1.13544
  12 2.18633 125 1.08031
  13 3.18633 133 1.3865
  14 4.18633 118 1.21075
  15 5.18633 141 1.3289
  16 6.18633 118 1.04751
  17 7.18633 115 1.16174
  18 8.18633 125 1.16684
  19 9.18633 138 1.43437
  20 10.1863 127 1.26093
  21 11.1863 117 1.18177
  22 12.1863 124 1.22084
  23 13.1863 108 1.10393
  24 14.1863 129 1.33648
  25 15.1863 117 1.12406
  26 16.1863 118 1.23575
  27 17.1863 120 1.31004
  28 18.1863 115 1.12654
  29 19.1863 109 0.958406
  30 20.1863 113 0.997282
16380000 30 3640
  1 -8.81367 83 0.847022
  2 -7.81367 147 1.47106
  3 -6.81367 118 1.15898
  4 -5.81367 133 1.21723
  5 -4.81367 119 1.08972
  6 -3.81367 132 1.38422
  7 -2.81367 125 1.25681
  8 -1.81367 128 1.21346
  9 -0.813671 124 1.19624
  10 0.186329 111 1.02427
  11 1.18633 105 1.09091
  12 2.18633 126 1.11945
  13 3.18633 130 1.3584
  14 4.18633 121 1.21219
  15 5.18633 142 1.28549
  16 6.18633 127 1.21596
  17 7.18633 114 0.98576
  18 8.18633 113 1.10211
  19 9.18633 134 1.35589
  20 10.1863 137 1.31634
  21 11.1863 126 1.30623
  22 12.1863 115 1.09342
  23 13.1863 117 1.09595
  24 14.1863 125 1.26553
  25 15.1863 119 1.2197
  26 16.1863 127 1.38804
  27 17.1863 121 1.14049
  28 18.1863 102 1.06113
  29 19.1863 125 1.06258
  30 20.1863 94 0.843283
16390000 30 3640
  1 -8.81367 99 1.06052
  2 -7.81367 135 1.34345
  3 -6.81367 129 1.19825
  4 -5.81367 126 1.20192
  5 -4.81367 131 1.23304
  6 -3.81367 135 1.39157
  7 -2.81367 129 1.25411
  8 -1.81367 113 1.07416
  9 -0.813671 120 1.17851
  10 0.186329 115 1.12634
  11 1.18633 103 1.01227
  12 2.18633 118 1.08667
  13 3.18633 136 1.3646
  14 4.18633 132 1.28993
  15 5.18633 128 1.295
  16 6.18633 125 1.12766
  17 7.18633 131 1.17724
  18 8.18633 110 1.03345
  19 9.18633 134 1.34576
  20 10.1863 137 1.35211
  21 11.1863 122 1.27003
  22 12.1863 125 1.1202
  23 13.1863 116 1.18098
  24 14.1863 116 1.21071
  25 15.1863 116 1.11633
  26 16.1863 135 1.3718
  27 17.1863 105 1.12757
  28 18.1863 123 1.11519
  29 19.1863 119 1.16358
  30 20.1863 77 0.61657
16400000 30 3640
  1 -8.81367 100 0.975868
  2 -7.81367 142 1.46573
  3 -6.81367 120 1.1013
  4 -5.81367 138 1.3717
  5 -4.81367 118 1.20758
  6 -3.81367 140 1.3768
  7 -2.81367 124 1.29024
  8 -1.81367 138 1.29795
  9 -0.813671 108 1.00366
  10 0.186329 107 1.0936
  11 1.18633 115 1.10134
  12 2.18633 116 1.18012
  13 3.18633 141 1.3831
  14 4.18633 128 1.3054
  15 5.18633 132 1.179
  16 6.18633 123 1.19384
  17 7.18633 127 1.13642
  18 8.18633 110 1.07876
  19 9.18633 141 1.46437
  20 10.1863 129 1.29414
  21 11.1863 109 1.10365
  22 12.1863 120 1.1276
  23 13.1863 122 1.18649
  24 14.1863 126 1.26906
  25 15.1863 115 1.23638
  26 16.1863 111 1.15874
  27 17.1863 129 1.32427
  28 18.1863 110 1.09992
  29 19.1863 123 1.10754
  30 20.1863 78 0.67789
16410000 30 3640
  1 -8.81367 84 0.885051
  2 -7.81367 141 1.35576
  3 -6.81367 124 1.16545
  4 -5.81367 132 1.34053
  5 -4.81367 122 1.17797
  6 -3.81367 127 1.27799
  7 -2.81367 141 1.40695
  8 -1.81367 115 1.15909
  9 -0.813671 124 1.18564
  10 0.186329 95 0.955093
  11 1.18633 109 1.05164
  12 2.18633 122 1.16049
  13 3.18633 133 1.26686
  14 4.18633 126 1.27434
  15 5.18633 136 1.34946
  16 6.18633 119 1.12914
  17 7.18633 129 1.16178
  18 8.18633 114 1.11796
  19 9.18633 144 1.47577
  20 10.1863 133 1.41071
  21 11.1863 125 1.24681
  22 12.1863 118 1.09419
  23 13.1863 111 1.05531
  24 14.1863 118 1.24801
  25 15.1863 127 1.28183
  26 16.1863 128 1.25424
  27 17.1863 114 1.28055
  28 18.1863 128 1.21431
  29 19.1863 104 0.960201
  30 20.1863 97 0.821281
16420000 30 3640
  1 -8.81367 75 0.673539
  2 -7.81367 140 1.40359
  3 -6.81367 113 1.05283
  4 -5.81367 134 1.30602
  5 -4.81367 134 1.30602
  6 -3.81367 131 1.26647
  7 -2.81367 121 1.27751
  8 -1.81367 134 1.24924
  9 -0.813671 115 1.13817
  10 0.186329 107 0.988637
  11 1.18633 110 1.09973
  12 2.18633 119 1.10344
  13 3.18633 135 1.37531
  14 4.18633 128 1.15902
  15 5.18633 131 1.24689
  16 6.18633 121 1.15159
  17 7.18633 122 1.10225
  18 8.18633 117 1.11345
  19 9.18633 149 1.40616
  20 10.1863 136 1.36907
  21 11.1863 121 1.25896
  22 12.1863 111 1.08488
  23 13.1863 131 1.23449
  24 14.1863 112 1.18256
  25 15.1863 125 1.24922
  26 16.1863 116 1.11821
  27 17.1863 130 1.41849
  28 18.1863 114 1.0244
  29 19.1863 128 1.21836
  30 20.1863 80 0.724144
16430000 30 3640
  1 -8.81367 89 0.94208
  2 -7.81367 131 1.3028
  3 -6.81367 132 1.16405
  4 -5.81367 116 1.21092
  5 -4.81367 126 1.18509
  6 -3.81367 134 1.3708
  7 -2.81367 131 1.29287
  8 -1.81367 124 1.18872
  9 -0.813671 119 1.2161
  10 0.186329 107 0.989318
  11 1.18633 106 1.00042
  12 2.18633 123 1.17271
  13 3.18633 131 1.34728
  14 4.18633 128 1.23724
  15 5.18633 134 1.21981
  16 6.18633 130 1.2742
  17 7.18633 119 1.00054
  18 8.18633 123 1.09591
  19 9.18633 143 1.53322
  20 10.1863 125 1.25447
  21 11.1863 120 1.19736
  22 12.1863 124 1.19998
  23 13.1863 121 1.24199
  24 14.1863 121 1.24342
  25 15.1863 124 1.17263
  26 16.1863 121 1.1912
  27 17.1863 136 1.44407
  28 18.1863 97 1.01144
  29 19.1863 122 1.05749
  30 20.1863 83 0.657096
16440000 30 3640
  1 -8.81367 76 0.846296
  2 -7.81367 156 1.40074
  3 -6.81367 113 1.10862
  4 -5.81367 125 1.20748
  5 -4.81367 128 1.22618
  6 -3.81367 131 1.30895
  7 -2.81367 133 1.38067
  8 -1.81367 125 1.18037
  9 -0.813671 113 1.10133
  10 0.186329 119 1.12847
  11 1.18633 101 0.993614
  12 2.18633 120 1.09749
  13 3.18633 136 1.32522
  14 4.18633 119 1.17414
  15 5.18633 135 1.27698
  16 6.18633 123 1.18774
  17 7.18633 116 1.032
  18 8.18633 132 1.16441
  19 9.18633 128 1.42651
  20 10.1863 137 1.30903
  21 11.1863 113 1.13942
  22 12.1863 125 1.15455
  23 13.1863 110 1.1444
  24 14.1863 130 1.29066
  25 15.1863 118 1.20871
  26 16.1863 136 1.29912
  27 17.1863 121 1.35478
  28 18.1863 114 1.02084
  29 19.1863 121 1.11854
  30 20.1863 86 0.74239
16450000 30 3640
  1 -8.81367 103 1.09626
  2 -7.81367 155 1.44719
  3 -6.81367 114 1.05023
  4 -5.81367 120 1.24416
  5 -4.81367 117 1.0416
  6 -3.81367 137 1.42459
  7 -2.81367 135 1.41223
  8 -1.81367 119 1.1112
  9 -0.813671 124 1.27795
  10 0.186329 112 1.00928
  11 1.18633 103 1.02035
  12 2.18633 129 1.1536
  13 3.18633 130 1.26306
  14 4.18633 129 1.35621
  15 5.18633 132 1.25186
  16 6.18633 123 1.19082
  17 7.18633 122 1.02923
  18 8.18633 108 0.99431
  19 9.18633 141 1.47687
  20 10.1863 119 1.23685
  21 11.1863 120 1.27774
  22 12.1863 121 1.03551
  23 13.1863 123 1.22818
  24 14.1863 125 1.30155
  25 15.1863 118 1.17709
  26 16.1863 117 1.21433
  27 17.1863 121 1.27676
  28 18.1863 114 1.12733
  29 19.1863 106 0.925857
  30 20.1863 103 0.898508
16460000 30 3640
  1 -8.81367 61 0.589106
  2 -7.81367 147 1.41052
  3 -6.81367 109 1.01769
  4 -5.81367 137 1.41268
  5 -4.81367 132 1.21528
  6 -3.81367 129 1.3108
  7 -2.81367 142 1.38223
  8 -1.81367 116 1.09854
  9 -0.813671 133 1.28153
  10 0.186329 98 0.95018
  11 1.18633 112 1.0693
  12 2.18633 126 1.14041
  13 3.18633 133 1.2914
  14 4.18633 123 1.24459
  15 5.18633 148 1.40437
  16 6.18633 129 1.1453
  17 7.18633 115 1.00912
  18 8.18633 131 1.19934
  19 9.18633 132 1.3907
  20 10.1863 119 1.16607
  21 11.1863 121 1.20907
  22 12.1863 109 1.08148
  23 13.1863 126 1.20669
  24 14.1863 135 1.39568
  25 15.1863 121 1.13912
  26 16.1863 115 1.06426
  27 17.1863 132 1.42995
  28 18.1863 122 1.16865
  29 19.1863 122 1.09745
  30 20.1863 65 0.548774
16470000 30 3640
  1 -8.81367 106 1.00358
  2 -7.81367 154 1.43464
  3 -6.81367 106 1.12895
  4 -5.81367 122 1.15753
  5 -4.81367 125 1.17748
  6 -3.81367 136 1.32518
  7 -2.81367 128 1.33505
  8 -1.81367 126 1.24448
  9 -0.813671 122 1.21731
  10 0.186329 108 0.970129
  11 1.18633 113 1.14898
  12 2.18633 121 1.08308
  13 3.18633 124 1.22218
  14 4.18633 132 1.34263
  15 5.18633 134 1.32526
  16 6.18633 124 1.10799
  17 7.18633 115 1.03471
  18 8.18633 131 1.20241
  19 9.18633 136 1.43451
  20 10.1863 124 1.26427
  21 11.1863 109 1.08181
  22 12.1863 120 1.1849
  23 13.1863 119 1.14768
  24 14.1863 123 1.25575
  25 15.1863 116 1.11663
  26 16.1863 119 1.20095
  27 17.1863 119 1.23339
  28 18.1863 112 1.15505
  29 19.1863 113 0.960207
  30 20.1863 103 0.988704
16480000 30 3640
  1 -8.81367 96 0.953749
  2 -7.81367 142 1.39017
  3 -6.81367 115 1.08964
  4 -5.81367 115 1.14316
  5 -4.81367 131 1.32765
  6 -3.81367 120 1.2092
  7 -2.81367 136 1.31155
  8 -1.81367 123 1.19182
  9 -0.813671 119 1.22686
  10 0.186329 103 0.941296
  11 1.18633 104 1.0735
  12 2.18633 129 1.19821
  13 3.18633 133 1.28038
  14 4.18633 128 1.28155
  15 5.18633 158 1.47617
  16 6.18633 106 1.07343
  17 7.18633 115 1.01617
  18 8.18633 114 1.04738
  19 9.18633 148 1.54335
  20 10.1863 135 1.28164
  21 11.1863 118 1.31884
  22 12.1863 107 0.967503
  23 13.1863 127 1.21312
  24 14.1863 120 1.30164
  25 15.1863 114 1.08958
  26 16.1863 125 1.24417
  27 17.1863 135 1.44244
  28 18.1863 100 0.99734
  29 19.1863 127 1.12337
  30 20.1863 97 0.86401
16490000 30 3640
  1 -8.81367 96 0.939816
  2 -7.81367 149 1.47674
  3 -6.81367 111 1.10539
  4 -5.81367 133 1.3148
  5 -4.81367 117 1.17557
  6 -3.81367 141 1.38135
  7 -2.81367 132 1.31867
  8 -1.81367 117 1.20565
  9 -0.813671 123 1.13944
  10 0.186329 115 1.10915
  11 1.18633 102 1.01764
  12 2.18633 121 1.16944
  13 3.18633 122 1.18694
  14 4.18633 126 1.31614
  15 5.18633 137 1.2447
  16 6.18633 116 1.16307
  17 7.18633 121 1.09919
  18 8.18633 128 1.16958
  19 9.18633 130 1.38129
  20 10.1863 139 1.41769
  21 11.1863 107 1.10529
  22 12.1863 128 1.16444
  23 13.1863 112 1.11799
  24 14.1863 128 1.3375
  25 15.1863 116 1.21193
  26 16.1863 124 1.23207
  27 17.1863 116 1.19814
  28 18.1863 116 1.2998
  29 19.1863 124 1.08419
  30 20.1863 93 0.762961
16500000 30 3640
  1 -8.81367 114 1.12798
  2 -7.81367 134 1.30127
  3 -6.81367 126 1.20774
  4 -5.81367 117 1.21999
  5 -4.81367 121 1.09437
  6 -3.81367 127 1.34092
  7 -2.81367 149 1.4321
  8 -1.81367 118 1.10422
  9 -0.813671 113 1.14419
  10 0.186329 108 1.07688
  11 1.18633 112 1.09325
  12 2.18633 123 1.1691
  13 3.18633 133 1.2813
  14 4.18633 124 1.24381
  15 5.18633 132 1.30124
  16 6.18633 116 1.08682
  17 7.18633 122 1.09811
  18 8.18633 111 0.997262
  19 9.18633 145 1.5043
  20 10.1863 124 1.22886
  21 11.1863 123 1.34583
  22 12.1863 127 1.11813
  23 13.1863 123 1.20279
  24 14.1863 130 1.43332
  25 15.1863 112 1.06313
  26 16.1863 124 1.27988
  27 17.1863 120 1.25387
  28 18.1863 108 1.08928
  29 19.1863 121 1.02093
  30 20.1863 83 0.747834
16510000 30 3640
  1 -8.81367 72 0.759264
  2 -7.81367 146 1.36327
  3 -6.81367 111 1.043
  4 -5.81367 128 1.28609
  5 -4.81367 127 1.17501
  6 -3.81367 128 1.22377
  7 -2.81367 132 1.29227
  8 -1.81367 136 1.30825
  9 -0.813671 120 1.14206
  10 0.186329 109 1.04415
  11 1.18633 102 1.04794
  12 2.18633 129 1.10659
  13 3.18633 123 1.12369
  14 4.18633 129 1.3693
  15 5.18633 134 1.22891
  16 6.18633 135 1.25565
  17 7.18633 118 1.05644
  18 8.18633 124 1.1946
  19 9.18633 136 1.29845
  20 10.1863 148 1.50744
  21 11.1863 113 1.14308
  22 12.1863 123 1.05651
  23 13.1863 124 1.28388
  24 14.1863 108 1.10767
  25 15.1863 119 1.11264
  26 16.1863 132 1.30332
  27 17.1863 116 1.22388
  28 18.1863 121 1.15537
  29 19.1863 132 1.13355
  30 20.1863 65 0.585657
16520000 30 3640
  1 -8.81367 115 1.08106
  2 -7.81367 134 1.31546
  3 -6.81367 116 1.15827
  4 -5.81367 124 1.21434
  5 -4.81367 122 1.15702
  6 -3.81367 128 1.33528
  7 -2.81367 127 1.27788
  8 -1.81367 144 1.38897
  9 -0.813671 108 1.00762
  10 0.186329 98 0.950146
  11 1.18633 108 1.08354
  12 2.18633 133 1.25309
  13 3.18633 118 1.20189
  14 4.18633 122 1.19078
  15 5.18633 135 1.2544
  16 6.18633 125 1.21311
  17 7.18633 122 1.07489
  18 8.18633 107 1.06357
  19 9.18633 152 1.54851
  20 10.1863 136 1.33162
  21 11.1863 115 1.24792
  22 12.1863 111 1.05613
  23 13.1863 126 1.12475
  24 14.1863 116 1.24187
  25 15.1863 121 1.18699
  26 16.1863 124 1.2829
  27 17.1863 111 1.17572
  28 18.1863 125 1.16957
  29 19.1863 103 0.956407
  30 20.1863 114 1.07846
16530000 30 3640
  1 -8.81367 102 0.965419
  2 -7.81367 141 1.38889
  3 -6.81367 111 1.09213
  4 -5.81367 132 1.27711
  5 -4.81367 131 1.28832
  6 -3.81367 118 1.11564
  7 -2.81367 138 1.47829
  8 -1.81367 126 1.18273
  9 -0.813671 119 1.17788
  10 0.186329 97 0.934281
  11 1.18633 109 1.05743
  12 2.18633 131 1.25731
  13 3.18633 124 1.21382
  14 4.18633 121 1.18395
  15 5.18633 135 1.28962
  16 6.18633 122 1.13067
  17 7.18633 116 1.10571
  18 8.18633 117 1.11705
  19 9.18633 147 1.45234
  20 10.1863 135 1.26849
  21 11.1863 120 1.28579
  22 12.1863 107 0.983995
  23 13.1863 119 1.21123
  24 14.1863 141 1.4574
  25 15.1863 125 1.22002
  26 16.1863 122 1.27959
  27 17.1863 115 1.14185
  28 18.1863 114 1.14912
  29 19.1863 122 1.10579
  30 20.1863 83 0.683416
16540000 30 3640
  1 -8.81367 100 1.02133
  2 -7.81367 136 1.32055
  3 -6.81367 122 1.15792
  4 -5.81367 125 1.26945
  5 -4.81367 116 1.08593
  6 -3.81367 139 1.40969
  7 -2.81367 128 1.19892
  8 -1.81367 123 1.31904
  9 -0.813671 126 1.17913
  10 0.186329 100 0.98668
  11 1.18633 101 0.921016
  12 2.18633 132 1.22003
  13 3.18633 134 1.36633
  14 4.18633 121 1.21242
  15 5.18633 135 1.29569
  16 6.18633 120 1.14549
  17 7.18633 122 1.05132
  18 8.18633 123 1.09967
  19 9.18633 147 1.51269
  20 10.1863 124 1.25603
  21 11.1863 123 1.27195
  22 12.1863 111 1.02632
  23 13.1863 126 1.25236
  24 14.1863 117 1.28569
  25 15.1863 123 1.17643
  26 16.1863 111 1.09832
  27 17.1863 115 1.20012
  28 18.1863 117 1.20993
  29 19.1863 130 1.11707
  30 20.1863 93 0.789362
16550000 30 3640
  1 -8.81367 103 0.976433
  2 -7.81367 145 1.45786
  3 -6.81367 116 1.07418
  4 -5.81367 127 1.3116
  5 -4.81367 125 1.18552
  6 -3.81367 134 1.33393
  7 -2.81367 119 1.13118
  8 -1.81367 144 1.42424
  9 -0.813671 111 1.08416
  10 0.186329 106 1.04078
  11 1.18633 95 0.915854
  12 2.18633 130 1.20919
  13 3.18633 126 1.07304
  14 4.18633 127 1.32777
  15 5.18633 126 1.30927
  16 6.18633 111 0.956681
  17 7.18633 135 1.26972
  18 8.18633 111 1.02606
  19 9.18633 152 1.48249
  20 10.1863 124 1.28573
  21 11.1863 113 1.1583
  22 12.1863 117 1.13846
  23 13.1863 122 1.1707
  24 14.1863 124 1.26977
  25 15.1863 124 1.21399
  26 16.1863 126 1.17317
  27 17.1863 120 1.3624
  28 18.1863 109 1.08531
  29 19.1863 121 1.11875
  30 20.1863 97 0.78964
16560000 30 3640
  1 -8.81367 87 0.971318
  2 -7.81367 138 1.136
  3 -6.81367 118 1.19379
  4 -5.81367 121 1.20859
  5 -4.81367 123 1.19257
  6 -3.81367 122 1.20983
  7 -2.81367 130 1.2976
  8 -1.81367 121 1.10859
  9 -0.813671 125 1.29516
  10 0.186329 116 1.09755
  11 1.18633 105 1.0258
  12 2.18633 126 1.08651
  13 3.18633 129 1.38168
  14 4.18633 128 1.26548
  15 5.18633 138 1.20139
  16 6.18633 129 1.23591
  17 7.18633 114 1.00727
  18 8.18633 128 1.17788
  19 9.18633 146 1.53614
  20 10.1863 128 1.28767
  21 11.1863 122 1.23454
  22 12.1863 119 1.09262
  23 13.1863 125 1.22971
  24 14.1863 114 1.19265
  25 15.1863 120 1.25056
  26 16.1863 129 1.20624
  27 17.1863 125 1.36439
  28 18.1863 110 1.02946
  29 19.1863 115 1.0592
  30 20.1863 89 0.732962
16570000 30 3640
  1 -8.81367 96 1.01217
  2 -7.81367 142 1.2525
  3 -6.81367 114 1.17976
  4 -5.81367 124 1.25599
  5 -4.81367 123 1.21606
  6 -3.81367 139 1.33366
  7 -2.81367 128 1.33361
  8 -1.81367 125 1.20732
  9 -0.813671 117 1.12476
  10 0.186329 109 1.06242
  11 1.18633 107 1.0472
  12 2.18633 126 1.24615
  13 3.18633 138 1.33503
  14 4.18633 122 1.26603
  15 5.18633 139 1.35872
  16 6.18633 114 0.983523
  17 7.18633 127 1.18234
  18 8.18633 114 1.08232
  19 9.18633 142 1.3875
  20 10.1863 128 1.33489
  21 11.1863 122 1.29356
  22 12.1863 118 1.1335
  23 13.1863 125 1.2261
  24 14.1863 127 1.25253
  25 15.1863 105 1.10716
  26 16.1863 124 1.26604
  27 17.1863 119 1.23618
  28 18.1863 111 1.09593
  29 19.1863 115 1.06977
  30 20.1863 100 0.862081
16580000 30 3640
  1 -8.81367 105 1.00995
  2 -7.81367 155 1.57135
  3 -6.81367 115 1.00753
  4 -5.81367 120 1.28538
  5 -4.81367 137 1.28685
  6 -3.81367 114 1.10516
  7 -2.81367 141 1.49472
  8 -1.81367 121 1.10891
  9 -0.813671 127 1.25193
  10 0.186329 101 1.00495
  11 1.18633 109 1.17779
  12 2.18633 123 1.06148
  13 3.18633 132 1.35943
  14 4.18633 130 1.23926
  15 5.18633 130 1.2894
  16 6.18633 113 1.03126
  17 7.18633 135 1.25309
  18 8.18633 108 1.02879
  19 9.18633 146 1.57372
  20 10.1863 135 1.24681
  21 11.1863 118 1.27172
  22 12.1863 114 1.06755
  23 13.1863 122 1.20168
  24 14.1863 130 1.37586
  25 15.1863 119 1.13028
  26 16.1863 117 1.27161
  27 17.1863 119 1.21679
  28 18.1863 111 1.0926
  29 19.1863 106 0.971137
  30 20.1863 87 0.811957
16590000 30 3640
  1 -8.81367 82 0.726726
  2 -7.81367 141 1.37712
  3 -6.81367 119 1.186
  4 -5.81367 132 1.33832
  5 -4.81367 129 1.1936
  6 -3.81367 132 1.33946
  7 -2.81367 132 1.33711
  8 -1.81367 127 1.24965
  9 -0.813671 130 1.24358
  10 0.186329 102 0.99765
  11 1.18633 104 1.04257
  12 2.18633 124 1.14998
  13 3.18633 136 1.35955
  14 4.18633 123 1.23593
  15 5.18633 131 1.1813
  16 6.18633 127 1.2596
  17 7.18633 124 1.11125
  18 8.18633 116 1.06511
  19 9.18633 139 1.51931
  20 10.1863 138 1.40317
  21 11.1863 117 1.19478
  22 12.1863 116 1.02389
  23 13.1863 123 1.20729
  24 14.1863 115 1.23606
  25 15.1863 121 1.17102
  26 16.1863 110 1.14099
  27 17.1863 119 1.25107
  28 18.1863 126 1.26469
  29 19.1863 114 0.968936
  30 20.1863 91 0.893891
16600000 32 3640
  1 -9.81367 1 0.00127373
  2 -8.81367 126 1.2336
  3 -7.81367 141 1.44727
  4 -6.81367 111 1.05903
  5 -5.81367 124 1.22969
  6 -4.81367 132 1.32965
  7 -3.81367 128 1.26129
  8 -2.81367 125 1.31444
  9 -1.81367 125 1.21333
  10 -0.813671 117 1.18304
  11 0.186329 101 0.998334
  12 1.18633 112 1.14373
  13 2.18633 118 1.04512
  14 3.18633 135 1.38406
  15 4.18633 123 1.24994
  16 5.18633 133 1.31591
  17 6.18633 123 1.17411
  18 7.18633 116 1.04892
  19 8.18633 114 1.15519
  20 9.18633 142 1.33605
  21 10.1863 129 1.39671
  22 11.1863 122 1.31179
  23 12.1863 107 0.986929
  24 13.1863 118 1.06043
  25 14.1863 120 1.28918
  26 15.1863 121 1.322
  27 16.1863 115 1.1286
  28 17.1863 117 1.25886
  29 18.1863 116 1.2587
  30 19.1863 108 0.884565
  31 20.1863 120 1.1248
  32 21.1863 0 0
16610000 30 3640
  1 -8.81367 107 0.978588
  2 -7.81367 135 1.41205
  3 -6.81367 122 1.17337
  4 -5.81367 128 1.22212
  5 -4.81367 124 1.1285
  6 -3.81367 129 1.3844
  7 -2.81367 126 1.27209
  8 -1.81367 132 1.21222
  9 -0.813671 111 1.07349
  10 0.186329 112 1.18602
  11 1.18633 100 0.974759
  12 2.18633 122 1.12968
  13 3.18633 126 1.18351
  14 4.18633 133 1.40953
  15 5.18633 126 1.20468
  16 6.18633 130 1.2497
  17 7.18633 119 1.09977
  18 8.18633 114 1.05855
  19 9.18633 148 1.51702
  20 10.1863 127 1.27459
  21 11.1863 129 1.30079
  22 12.1863 111 1.0522
  23 13.1863 124 1.22096
  24 14.1863 105 1.09977
  25 15.1863 121 1.18091
  26 16.1863 130 1.39202
  27 17.1863 118 1.16593
  28 18.1863 117 1.15091
  29 19.1863 119 1.0623
  30 20.1863 95 0.93225
16620000 30 3640
  1 -8.81367 108 1.11923
  2 -7.81367 143 1.39261
  3 -6.81367 115 1.03112
  4 -5.81367 125 1.27068
  5 -4.81367 122 1.11061
  6 -3.81367 125 1.27068
  7 -2.81367 134 1.354
  8 -1.81367 127 1.24716
  9 -0.813671 119 1.24853
  10 0.186329 103 0.887067
  11 1.18633 112 1.10444
  12 2.18633 121 1.08206
  13 3.18633 138 1.41613
  14 4.18633 130 1.2844
  15 5.18633 131 1.25226
  16 6.18633 117 1.0634
  17 7.18633 126 1.17645
  18 8.18633 127 1.13057
  19 9.18633 143 1.50064
  20 10.1863 118 1.17882
  21 11.1863 118 1.29303
  22 12.1863 110 1.01613
  23 13.1863 126 1.18392
  24 14.1863 132 1.40011
  25 15.1863 111 1.06332
  26 16.1863 134 1.354
  27 17.1863 116 1.24215
  28 18.1863 109 1.02367
  29 19.1863 120 1.06843
  30 20.1863 80 0.725488
16630000 30 3640
  1 -8.81367 118 1.22189
  2 -7.81367 151 1.49241
  3 -6.81367 99 0.951552
  4 -5.81367 133 1.28318
  5 -4.81367 117 1.11682
  6 -3.81367 130 1.29075
  7 -2.81367 133 1.34214
  8 -1.81367 122 1.19433
  9 -0.813671 120 1.1582
  10 0.186329 99 0.98791
  11 1.18633 120 1.17191
  12 2.18633 118 1.12432
  13 3.18633 137 1.37854
  14 4.18633 117 1.1793
  15 5.18633 135 1.2484
  16 6.18633 111 1.08544
  17 7.18633 142 1.27965
  18 8.18633 106 1.02799
  19 9.18633 153 1.60625
  20 10.1863 127 1.25446
  21 11.1863 114 1.16056
  22 12.1863 112 1.02667
  23 13.1863 115 1.12816
  24 14.1863 119 1.24698
  25 15.1863 113 1.15686
  26 16.1863 128 1.34203
  27 17.1863 117 1.18189
  28 18.1863 113 1.23317
  29 19.1863 113 0.919151
  30 20.1863 108 0.979151
16640000 30 3640
  1 -8.81367 82 0.790025
  2 -7.81367 140 1.40064
  3 -6.81367 119 1.06706
  4 -5.81367 119 1.2625
  5 -4.81367 127 1.14088
  6 -3.81367 132 1.37573
  7 -2.81367 139 1.38445
  8 -1.81367 121 1.14207
  9 -0.813671 127 1.21237
  10 0.186329 116 1.1027
  11 1.18633 104 0.988307
  12 2.18633 114 1.03632
  13 3.18633 142 1.41536
  14 4.18633 122 1.19492
  15 5.18633 143 1.35878
  16 6.18633 119 1.11009
  17 7.18633 127 1.1446
  18 8.18633 112 1.02772
  19 9.18633 141 1.40917
  20 10.1863 132 1.31673
  21 11.1863 127 1.31304
  22 12.1863 113 1.04243
  23 13.1863 119 1.17159
  24 14.1863 132 1.38092
  25 15.1863 114 1.02147
  26 16.1863 133 1.34017
  27 17.1863 107 1.22076
  28 18.1863 126 1.11014
  29 19.1863 117 1.05723
  30 20.1863 74 0.6228
16650000 30 3640
  1 -8.81367 81 0.699285
  2 -7.81367 148 1.51122
  3 -6.81367 122 1.10893
  4 -5.81367 131 1.34634
  5 -4.81367 113 1.12245
  6 -3.81367 139 1.33659
  7 -2.81367 132 1.30684
  8 -1.81367 129 1.26845
  9 -0.813671 120 1.1598
  10 0.186329 114 1.09537
  11 1.18633 112 1.05073
  12 2.18633 118 1.07926
  13 3.18633 129 1.26978
  14 4.18633 130 1.33292
  15 5.18633 136 1.25504
  16 6.18633 120 1.10635
  17 7.18633 123 1.11273
  18 8.18633 118 1.04959
  19 9.18633 145 1.60012
  20 10.1863 120 1.1633
  21 11.1863 119 1.29552
  22 12.1863 123 1.04354
  23 13.1863 124 1.198
  24 14.1863 124 1.26858
  25 15.1863 113 1.13117
  26 16.1863 118 1.22261
  27 17.1863 119 1.21163
  28 18.1863 112 1.15467
  29 19.1863 120 1.04217
  30 20.1863 88 0.815537
16660000 30 3640
  1 -8.81367 101 0.95445
  2 -7.81367 151 1.49502
  3 -6.81367 114 1.15759
  4 -5.81367 139 1.33315
  5 -4.81367 104 0.964526
  6 -3.81367 135 1.44336
  7 -2.81367 129 1.2868
  8 -1.81367 127 1.17646
  9 -0.813671 116 1.16896
  10 0.186329 110 1.01726
  11 1.18633 102 1.12127
  12 2.18633 129 1.1602
  13 3.18633 127 1.26055
  14 4.18633 131 1.37444
  15 5.18633 121 1.09636
  16 6.18633 129 1.29045
  17 7.18633 119 1.07246
  18 8.18633 114 0.982201
  19 9.18633 150 1.64283
  20 10.1863 127 1.28557
  21 11.1863 119 1.21021
  22 12.1863 112 1.07741
  23 13.1863 126 1.18403
  24 14.1863 118 1.2818
  25 15.1863 127 1.34561
  26 16.1863 110 1.05985
  27 17.1863 128 1.37708
  28 18.1863 119 1.11751
  29 19.1863 119 0.98097
  30 20.1863 87 0.914255
16670000 30 3640
  1 -8.81367 103 0.9859
  2 -7.81367 145 1.38027
  3 -6.81367 115 1.10711
  4 -5.81367 140 1.3226
  5 -4.81367 114 1.12054
  6 -3.81367 134 1.31277
  7 -2.81367 143 1.36429
  8 -1.81367 125 1.22823
  9 -0.813671 113 1.08034
  10 0.186329 111 1.00187
  11 1.18633 95 1.03236
  12 2.18633 131 1.1855
  13 3.18633 119 1.01913
  14 4.18633 138 1.44006
  15 5.18633 122 1.17333
  16 6.18633 133 1.1941
  17 7.18633 113 1.07162
  18 8.18633 122 1.11949
  19 9.18633 152 1.45253
  20 10.1863 123 1.28818
  21 11.1863 122 1.24419
  22 12.1863 106 0.988334
  23 13.1863 123 1.12316
  24 14.1863 119 1.19523
  25 15.1863 117 1.16346
  26 16.1863 116 1.14749
  27 17.1863 137 1.39614
  28 18.1863 101 1.06049
  29 19.1863 128 1.04115
  30 20.1863 80 0.749465
16680000 30 3640
  1 -8.81367 81 0.727123
  2 -7.81367 146 1.51316
  3 -6.81367 128 1.1473
  4 -5.81367 117 1.16438
  5 -4.81367 139 1.30864
  6 -3.81367 131 1.32208
  7 -2.81367 124 1.20883
  8 -1.81367 127 1.1596
  9 -0.813671 112 1.1644
  10 0.186329 118 1.12023
  11 1.18633 103 1.05245
  12 2.18633 130 1.20141
  13 3.18633 121 1.11531
  14 4.18633 131 1.32223
  15 5.18633 131 1.21997
  16 6.18633 128 1.20638
  17 7.18633 126 1.14482
  18 8.18633 103 0.935375
  19 9.18633 150 1.49839
  20 10.1863 129 1.36154
  21 11.1863 124 1.25432
  22 12.1863 116 1.02903
  23 13.1863 126 1.25689
  24 14.1863 115 1.14482
  25 15.1863 114 1.13003
  26 16.1863 125 1.31841
  27 17.1863 114 1.15707
  28 18.1863 120 1.16942
  29 19.1863 118 0.99211
  30 20.1863 93 0.860118
16690000 30 3640
  1 -8.81367 109 1.0903
  2 -7.81367 147 1.51368
  3 -6.81367 122 1.14935
  4 -5.81367 130 1.28871
  5 -4.81367 112 0.994942
  6 -3.81367 131 1.41051
  7 -2.81367 130 1.34268
  8 -1.81367 122 1.13554
  9 -0.813671 130 1.22743
  10 0.186329 113 1.1004
  11 1.18633 97 1.0388
  12 2.18633 122 1.14324
  13 3.18633 134 1.29632
  14 4.18633 125 1.31139
  15 5.18633 121 1.11052
  16 6.18633 117 1.069
  17 7.18633 125 1.17704
  18 8.18633 108 1.05516
  19 9.18633 150 1.57764
  20 10.1863 127 1.29256
  21 11.1863 121 1.2121
  22 12.1863 117 1.07289
  23 13.1863 118 1.25983
  24 14.1863 126 1.27759
  25 15.1863 111 1.08522
  26 16.1863 121 1.28613
  27 17.1863 127 1.2625
  28 18.1863 109 1.17317
  29 19.1863 111 0.977373
  30 20.1863 107 0.956009
16700000 30 3640
  1 -8.81367 95 1.01157
  2 -7.81367 167 1.63521
  3 -6.81367 108 0.973876
  4 -5.81367 126 1.30873
  5 -4.81367 125 1.14894
  6 -3.81367 136 1.40828
  7 -2.81367 124 1.2962
  8 -1.81367 131 1.30252
  9 -0.813671 119 1.15026
  10 0.186329 107 1.05448
  11 1.18633 98 1.02426
  12 2.18633 139 1.23095
  13 3.18633 130 1.31264
  14 4.18633 126 1.33401
  15 5.18633 127 1.16918
  16 6.18633 128 1.22949
  17 7.18633 117 1.1124
  18 8.18633 125 1.16664
  19 9.18633 138 1.39833
  20 10.1863 126 1.32392
  21 11.1863 112 1.1476
  22 12.1863 121 1.12381
  23 13.1863 124 1.24083
  24 14.1863 113 1.19803
  25 15.1863 118 1.19805
  26 16.1863 120 1.23821
  27 17.1863 116 1.23589
  28 18.1863 124 1.29494
  29 19.1863 105 0.919715
  30 20.1863 95 0.802591
16710000 30 3640
  1 -8.81367 97 1.02044
  2 -7.81367 149 1.43817
  3 -6.81367 111 1.04673
  4 -5.81367 134 1.37417
  5 -4.81367 119 1.08179
  6 -3.81367 128 1.30546
  7 -2.81367 128 1.34176
  8 -1.81367 126 1.14429
  9 -0.813671 115 1.23058
  10 0.186329 114 1.02178
  11 1.18633 111 1.12053
  12 2.18633 125 1.21314
  13 3.18633 135 1.32807
  14 4.18633 133 1.3256
  15 5.18633 136 1.26937
  16 6.18633 122 1.24671
  17 7.18633 124 1.10312
  18 8.18633 121 1.08307
  19 9.18633 141 1.53315
  20 10.1863 131 1.31671
  21 11.1863 121 1.15801
  22 12.1863 114 1.04926
  23 13.1863 121 1.16309
  24 14.1863 115 1.22311
  25 15.1863 109 1.18538
  26 16.1863 126 1.21799
  27 17.1863 114 1.20805
  28 18.1863 114 1.19168
  29 19.1863 111 0.946828
  30 20.1863 95 0.840447
16720000 30 3640
  1 -8.81367 92 0.827575
  2 -7.81367 137 1.3578
  3 -6.81367 116 1.11855
  4 -5.81367 116 1.18123
  5 -4.81367 128 1.13955
  6 -3.81367 126 1.29842
  7 -2.81367 128 1.28622
  8 -1.81367 133 1.27383
  9 -0.813671 113 1.12971
  10 0.186329 113 0.955884
  11 1.18633 104 1.0581
  12 2.18633 128 1.15933
  13 3.18633 123 1.26278
  14 4.18633 144 1.45268
  15 5.18633 125 1.16298
  16 6.18633 133 1.21225
  17 7.18633 116 1.09145
  18 8.18633 128 1.10385
  19 9.18633 131 1.36395
  20 10.1863 132 1.33298
  21 11.1863 114 1.23064
  22 12.1863 125 1.10131
  23 13.1863 114 1.05577
  24 14.1863 132 1.42309
  25 15.1863 123 1.25159
  26 16.1863 132 1.27631
  27 17.1863 130 1.33565
  28 18.1863 98 0.918747
  29 19.1863 134 1.08915
  30 20.1863 72 0.781684
16730000 30 3640
  1 -8.81367 104 0.972636
  2 -7.81367 141 1.44378
  3 -6.81367 114 1.12056
  4 -5.81367 131 1.26976
  5 -4.81367 121 1.13303
  6 -3.81367 137 1.3878
  7 -2.81367 119 1.25478
  8 -1.81367 124 1.13926
  9 -0.813671 113 1.0833
  10 0.186329 115 1.15172
  11 1.18633 105 0.962699
  12 2.18633 128 1.18404
  13 3.18633 127 1.33071
  14 4.18633 117 1.08078
  15 5.18633 135 1.3755
  16 6.18633 124 1.1306
  17 7.18633 117 1.06845
  18 8.18633 124 1.1306
  19 9.18633 148 1.53954
  20 10.1863 134 1.37923
  21 11.1863 105 1.09429
  22 12.1863 124 1.09207
  23 13.1863 118 1.12937
  24 14.1863 120 1.28966
  25 15.1863 119 1.24859
  26 16.1863 119 1.18777
  27 17.1863 112 1.11805
  28 18.1863 122 1.22372
  29 19.1863 124 1.0834
  30 20.1863 99 0.92657
16740000 30 3640
  1 -8.81367 81 0.824156
  2 -7.81367 138 1.40348
  3 -6.81367 113 0.988527
  4 -5.81367 138 1.31334
  5 -4.81367 129 1.22194
  6 -3.81367 123 1.23909
  7 -2.81367 126 1.28734
  8 -1.81367 133 1.2528
  9 -0.813671 114 1.08984
  10 0.186329 112 1.13557
  11 1.18633 103 1.03291
  12 2.18633 123 1.09725
  13 3.18633 118 1.12684
  14 4.18633 140 1.38122
  15 5.18633 132 1.26159
  16 6.18633 119 1.07618
  17 7.18633 129 1.19233
  18 8.18633 124 1.12944
  19 9.18633 136 1.47511
  20 10.1863 133 1.29973
  21 11.1863 130 1.32435
  22 12.1863 117 1.09235
  23 13.1863 112 1.04278
  24 14.1863 117 1.18616
  25 15.1863 118 1.20463
  26 16.1863 131 1.35658
  27 17.1863 119 1.16258
  28 18.1863 123 1.20961
  29 19.1863 124 1.1256
  30 20.1863 85 0.766061
16750000 30 3640
  1 -8.81367 118 1.11369
  2 -7.81367 140 1.47519
  3 -6.81367 107 1.00693
  4 -5.81367 124 1.18141
  5 -4.81367 119 1.17268
  6 -3.81367 120 1.19135
  7 -2.81367 129 1.37845
  8 -1.81367 121 1.15502
  9 -0.813671 125 1.19416
  10 0.186329 105 1.01701
  11 1.18633 101 1.03585
  12 2.18633 139 1.287
  13 3.18633 110 1.12372
  14 4.18633 139 1.371
  15 5.18633 115 1.12619
  16 6.18633 135 1.26065
  17 7.18633 116 1.1124
  18 8.18633 123 1.23174
  19 9.18633 137 1.30457
  20 10.1863 138 1.42867
  21 11.1863 125 1.3408
  22 12.1863 104 0.902761
  23 13.1863 116 1.1639
  24 14.1863 114 1.19026
  25 15.1863 133 1.33337
  26 16.1863 110 1.14621
  27 17.1863 128 1.33834
  28 18.1863 121 1.19406
  29 19.1863 112 0.961865
  30 20.1863 116 1.13125
16760000 30 3640
  1 -8.81367 98 1.00093
  2 -7.81367 149 1.3754
  3 -6.81367 112 1.05411
  4 -5.81367 132 1.31965
  5 -4.81367 123 1.22943
  6 -3.81367 129 1.22213
  7 -2.81367 134 1.31973
  8 -1.81367 132 1.24802
  9 -0.813671 115 1.14557
  10 0.186329 118 1.12087
  11 1.18633 101 1.04426
  12 2.18633 127 1.16164
  13 3.18633 127 1.24686
  14 4.18633 135 1.37161
  15 5.18633 127 1.1888
  16 6.18633 125 1.13075
  17 7.18633 110 1.00591
  18 8.18633 122 1.16408
  19 9.18633 134 1.28646
  20 10.1863 136 1.33826
  21 11.1863 110 1.19727
  22 12.1863 115 1.0516
  23 13.1863 129 1.19507
  24 14.1863 114 1.15176
  25 15.1863 119 1.21959
  26 16.1863 129 1.34682
  27 17.1863 111 1.14178
  28 18.1863 117 1.19121
  29 19.1863 127 1.11474
  30 20.1863 83 0.720486
16770000 30 3640
  1 -8.81367 83 0.814523
  2 -7.81367 150 1.3916
  3 -6.81367 115 1.15992
  4 -5.81367 124 1.1983
  5 -4.81367 133 1.2664
  6 -3.81367 131 1.29486
  7 -2.81367 127 1.32326
  8 -1.81367 117 1.11288
  9 -0.813671 133 1.22943
  10 0.186329 99 0.922352
  11 1.18633 94 0.953282
  12 2.18633 127 1.2603
  13 3.18633 148 1.34691
  14 4.18633 126 1.31845
  15 5.18633 138 1.23927
  16 6.18633 119 1.14751
  17 7.18633 122 1.17608
  18 8.18633 123 1.00298
  19 9.18633 152 1.65752
  20 10.1863 132 1.31957
  21 11.1863 111 1.17589
  22 12.1863 122 1.10195
  23 13.1863 122 1.22425
  24 14.1863 120 1.19726
  25 15.1863 119 1.16733
  26 16.1863 122 1.20694
  27 17.1863 114 1.22424
  28 18.1863 125 1.2022
  29 19.1863 114 1.02632
  30 20.1863 78 0.706884
16780000 30 3640
  1 -8.81367 119 1.18213
  2 -7.81367 153 1.42997
  3 -6.81367 98 1.03693
  4 -5.81367 126 1.19339
  5 -4.81367 119 1.15966
  6 -3.81367 129 1.28962
  7 -2.81367 132 1.41349
  8 -1.81367 129 1.15094
  9 -0.813671 114 1.06221
  10 0.186329 99 1.00831
  11 1.18633 116 1.18846
  12 2.18633 129 1.18471
  13 3.18633 117 1.21214
  14 4.18633 129 1.16603
  15 5.18633 124 1.28721
  16 6.18633 123 1.08092
  17 7.18633 124 1.1272
  18 8.18633 121 1.2748
  19 9.18633 135 1.37846
  20 10.1863 144 1.46979
  21 11.1863 110 1.14952
  22 12.1863 114 1.08214
  23 13.1863 113 1.04969
  24 14.1863 123 1.28096
  25 15.1863 112 1.05087
  26 16.1863 119 1.26591
  27 17.1863 115 1.13465
  28 18.1863 126 1.30337
  29 19.1863 115 1.10466
  30 20.1863 113 1.02215
16790000 30 3640
  1 -8.81367 85 0.907634
  2 -7.81367 140 1.32009
  3 -6.81367 115 1.14732
  4 -5.81367 130 1.24667
  5 -4.81367 121 1.18092
  6 -3.81367 131 1.30993
  7 -2.81367 127 1.25415
  8 -1.81367 120 1.12875
  9 -0.813671 118 1.13005
  10 0.186329 114 1.13257
  11 1.18633 117 1.16737
  12 2.18633 120 1.10393
  13 3.18633 132 1.29397
  14 4.18633 111 1.14109
  15 5.18633 147 1.39341
  16 6.18633 117 1.10018
  17 7.18633 129 1.10776
  18 8.18633 117 1.16979
  19 9.18633 151 1.48519
  20 10.1863 131 1.29509
  21 11.1863 120 1.31858
  22 12.1863 120 1.08044
  23 13.1863 130 1.27777
  24 14.1863 106 1.07051
  25 15.1863 120 1.25533
  26 16.1863 116 1.21552
  27 17.1863 125 1.27913
  28 18.1863 113 1.09023
  29 19.1863 118 1.04565
  30 20.1863 99 0.82842
16800000 30 3640
  1 -8.81367 77 0.725786
  2 -7.81367 144 1.36866
  3 -6.81367 124 1.23017
  4 -5.81367 125 1.22389
  5 -4.81367 120 1.1251
  6 -3.81367 141 1.40685
  7 -2.81367 125 1.32151
  8 -1.81367 136 1.20183
  9 -0.813671 116 1.11152
  10 0.186329 120 1.16101
  11 1.18633 106 1.07322
  12 2.18633 130 1.25241
  13 3.18633 130 1.27604
  14 4.18633 131 1.25972
  15 5.18633 137 1.32054
  16 6.18633 119 1.10407
  17 7.18633 128 1.07825
  18 8.18633 111 1.10288
  19 9.18633 142 1.36374
  20 10.1863 126 1.30055
  21 11.1863 126 1.31164
  22 12.1863 117 1.06082
  23 13.1863 124 1.26105
  24 14.1863 121 1.23899
  25 15.1863 109 1.09774
  26 16.1863 120 1.22519
  27 17.1863 120 1.20673
  28 18.1863 106 1.08543
  29 19.1863 110 0.915049
  30 20.1863 99 0.912446
16810000 30 3640
  1 -8.81367 76 0.787089
  2 -7.81367 138 1.29656
  3 -6.81367 127 1.23274
  4 -5.81367 126 1.20451
  5 -4.81367 134 1.21202
  6 -3.81367 132 1.33299
  7 -2.81367 130 1.33798
  8 -1.81367 130 1.1838
  9 -0.813671 120 1.2071
  10 0.186329 109 0.989205
  11 1.18633 109 1.0688
  12 2.18633 133 1.26832
  13 3.18633 123 1.21075
  14 4.18633 121 1.18246
  15 5.18633 142 1.31002
  16 6.18633 120 1.10303
  17 7.18633 124 1.0676
  18 8.18633 125 1.09091
  19 9.18633 134 1.42481
  20 10.1863 137 1.31847
  21 11.1863 113 1.23753
  22 12.1863 111 0.951258
  23 13.1863 127 1.26092
  24 14.1863 126 1.29653
  25 15.1863 121 1.19961
  26 16.1863 118 1.10544
  27 17.1863 121 1.32698
  28 18.1863 118 1.08593
  29 19.1863 128 1.06521
  30 20.1863 67 0.61694
16820000 30 3640
  1 -8.81367 92 0.880868
  2 -7.81367 156 1.51565
  3 -6.81367 120 1.12335
  4 -5.81367 127 1.26306
  5 -4.81367 120 1.21941
  6 -3.81367 137 1.38798
  7 -2.81367 130 1.2807
  8 -1.81367 135 1.31063
  9 -0.813671 119 1.21209
  10 0.186329 106 1.02583
  11 1.18633 107 0.990879
  12 2.18633 123 1.1409
  13 3.18633 131 1.3556
  14 4.18633 121 1.2069
  15 5.18633 140 1.37195
  16 6.18633 112 0.967163
  17 7.18633 131 1.2033
  18 8.18633 111 1.11456
  19 9.18633 143 1.44805
  20 10.1863 128 1.27072
  21 11.1863 122 1.22816
  22 12.1863 112 1.1519
  23 13.1863 117 1.08086
  24 14.1863 118 1.2258
  25 15.1863 122 1.25811
  26 16.1863 116 1.1932
  27 17.1863 122 1.30054
  28 18.1863 121 1.21326
  29 19.1863 121 0.987241
  30 20.1863 80 0.768402
16830000 30 3640
  1 -8.81367 82 0.895782
  2 -7.81367 136 1.32535
  3 -6.81367 128 1.165
  4 -5.81367 134 1.25496
  5 -4.81367 126 1.28079
  6 -3.81367 139 1.35118
  7 -2.81367 125 1.25607
  8 -1.81367 137 1.26128
  9 -0.813671 114 1.13169
  10 0.186329 107 0.990918
  11 1.18633 117 1.13159
  12 2.18633 111 1.08723
  13 3.18633 127 1.21068
  14 4.18633 135 1.39059
  15 5.18633 137 1.27603
  16 6.18633 123 1.13904
  17 7.18633 119 1.08105
  18 8.18633 123 1.10095
  19 9.18633 147 1.45611
  20 10.1863 121 1.25237
  21 11.1863 118 1.22152
  22 12.1863 115 1.07244
  23 13.1863 119 1.12915
  24 14.1863 128 1.31187
  25 15.1863 124 1.27585
  26 16.1863 114 1.08712
  27 17.1863 126 1.38938
  28 18.1863 113 1.12789
  29 19.1863 124 1.02437
  30 20.1863 71 0.577609
16840000 30 3640
  1 -8.81367 107 1.0429
  2 -7.81367 163 1.56908
  3 -6.81367 103 0.988503
  4 -5.81367 126 1.22524
  5 -4.81367 117 1.12737
  6 -3.81367 141 1.467
  7 -2.81367 128 1.17958
  8 -1.81367 129 1.29842
  9 -0.813671 114 1.14729
  10 0.186329 101 0.998456
  11 1.18633 106 1.02322
  12 2.18633 131 1.18712
  13 3.18633 128 1.26996
  14 4.18633 128 1.2749
  15 5.18633 113 1.06055
  16 6.18633 134 1.25015
  17 7.18633 119 1.02952
  18 8.18633 114 1.07044
  19 9.18633 140 1.42994
  20 10.1863 130 1.30722
  21 11.1863 118 1.24138
  22 12.1863 127 1.13611
  23 13.1863 116 1.20673
  24 14.1863 115 1.22049
  25 15.1863 132 1.31086
  26 16.1863 105 0.931449
  27 17.1863 130 1.38283
  28 18.1863 117 1.234
  29 19.1863 120 1.02583
  30 20.1863 88 0.79757
16850000 30 3640
  1 -8.81367 99 0.908305
  2 -7.81367 149 1.43707
  3 -6.81367 118 1.17327
  4 -5.81367 125 1.30743
  5 -4.81367 115 0.997942
  6 -3.81367 142 1.44931
  7 -2.81367 127 1.33862
  8 -1.81367 123 1.14341
  9 -0.813671 122 1.19943
  10 0.186329 104 1.01529
  11 1.18633 95 0.943169
  12 2.18633 137 1.24061
  13 3.18633 120 1.23038
  14 4.18633 142 1.36364
  15 5.18633 127 1.23185
  16 6.18633 120 1.19059
  17 7.18633 124 1.02161
  18 8.18633 116 1.09744
  19 9.18633 152 1.55145
  20 10.1863 127 1.30384
  21 11.1863 117 1.20427
  22 12.1863 110 1.11475
  23 13.1863 128 1.09503
  24 14.1863 118 1.30143
  25 15.1863 120 1.17692
  26 16.1863 124 1.30499
  27 17.1863 114 1.21314
  28 18.1863 119 1.08123
  29 19.1863 112 1.08366
  30 20.1863 94 0.826191
16860000 30 3640
  1 -8.81367 82 0.789921
  2 -7.81367 144 1.43193
  3 -6.81367 132 1.2462
  4 -5.81367 129 1.29411
  5 -4.81367 128 1.14787
  6 -3.81367 131 1.3543
  7 -2.81367 130 1.26963
  8 -1.81367 125 1.20187
  9 -0.813671 114 1.12818
  10 0.186329 108 0.997796
  11 1.18633 112 1.02371
  12 2.18633 128 1.21802
  13 3.18633 131 1.31016
  14 4.18633 116 1.08261
  15 5.18633 121 1.2069
  16 6.18633 131 1.16384
  17 7.18633 128 1.15404
  18 8.18633 106 1.01628
  19 9.18633 144 1.50932
  20 10.1863 140 1.33119
  21 11.1863 122 1.26335
  22 12.1863 111 1.04442
  23 13.1863 120 1.17867
  24 14.1863 127 1.16265
  25 15.1863 118 1.28304
  26 16.1863 124 1.24251
  27 17.1863 118 1.18104
  28 18.1863 126 1.19457
  29 19.1863 110 0.983023
  30 20.1863 84 0.73695
16870000 30 3640
  1 -8.81367 84 0.749189
  2 -7.81367 150 1.48347
  3 -6.81367 111 1.04509
  4 -5.81367 131 1.32968
  5 -4.81367 119 1.15278
  6 -3.81367 132 1.28397
  7 -2.81367 124 1.25926
  8 -1.81367 146 1.39541
  9 -0.813671 116 1.14298
  10 0.186329 108 0.994367
  11 1.18633 102 0.982007
  12 2.18633 128 1.21233
  13 3.18633 129 1.17265
  14 4.18633 133 1.41273
  15 5.18633 130 1.27419
  16 6.18633 124 1.11938
  17 7.18633 122 1.08109
  18 8.18633 124 1.11944
  19 9.18633 147 1.50945
  20 10.1863 113 1.2096
  21 11.1863 125 1.28398
  22 12.1863 122 1.13667
  23 13.1863 117 1.15281
  24 14.1863 123 1.23715
  25 15.1863 128 1.26538
  26 16.1863 119 1.16758
  27 17.1863 128 1.42517
  28 18.1863 122 1.01551
  29 19.1863 113 1.07973
  30 20.1863 70 0.683464
16880000 30 3640
  1 -8.81367 83 0.770539
  2 -7.81367 145 1.43728
  3 -6.81367 119 1.1928
  4 -5.81367 131 1.26313
  5 -4.81367 120 1.06566
  6 -3.81367 133 1.36798
  7 -2.81367 132 1.34338
  8 -1.81367 119 1.15322
  9 -0.813671 116 1.1015
  10 0.186329 115 1.08915
  11 1.18633 100 0.98052
  12 2.18633 128 1.162
  13 3.18633 133 1.32614
  14 4.18633 130 1.33362
  15 5.18633 134 1.28167
  16 6.18633 117 1.01012
  17 7.18633 128 1.14847
  18 8.18633 118 1.16806
  19 9.18633 150 1.52747
  20 10.1863 131 1.30511
  21 11.1863 114 1.13968
  22 12.1863 130 1.19655
  23 13.1863 108 1.07666
  24 14.1863 115 1.19657
  25 15.1863 117 1.09532
  26 16.1863 114 1.15325
  27 17.1863 121 1.34333
  28 18.1863 124 1.13357
  29 19.1863 115 1.02866
  30 20.1863 100 0.886615
16890000 30 3640
  1 -8.81367 77 0.710336
  2 -7.81367 154 1.488
  3 -6.81367 112 1.06669
  4 -5.81367 128 1.36672
  5 -4.81367 118 1.03938
  6 -3.81367 130 1.34198
  7 -2.81367 126 1.27717
  8 -1.81367 136 1.27722
  9 -0.813671 114 1.05808
  10 0.186329 120 1.23864
  11 1.18633 105 1.0007
  12 2.18633 118 1.18258
  13 3.18633 145 1.33088
  14 4.18633 119 1.27097
  15 5.18633 137 1.28482
  16 6.18633 117 1.09281
  17 7.18633 126 1.16145
  18 8.18633 104 0.958357
  19 9.18633 146 1.4529
  20 10.1863 139 1.36582
  21 11.1863 114 1.23473
  22 12.1863 122 1.17129
  23 13.1863 133 1.29483
  24 14.1863 127 1.35826
  25 15.1863 114 1.10155
  26 16.1863 124 1.20242
  27 17.1863 121 1.34195
  28 18.1863 117 1.15647
  29 19.1863 109 0.953367
  30 20.1863 88 0.821146
16900000 30 3640
  1 -8.81367 95 0.894325
  2 -7.81367 135 1.35092
  3 -6.81367 116 1.12453
  4 -5.81367 132 1.35316
  5 -4.81367 132 1.21415
  6 -3.81367 131 1.35814
  7 -2.81367 125 1.25507
  8 -1.81367 131 1.20282
  9 -0.813671 122 1.22288
  10 0.186329 105 1.00512
  11 1.18633 106 1.03742
  12 2.18633 119 1.17926
  13 3.18633 134 1.28249
  14 4.18633 128 1.24635
  15 5.18633 139 1.38074
  16 6.18633 114 1.05363
  17 7.18633 121 1.07606
  18 8.18633 108 0.993959
  19 9.18633 153 1.55483
  20 10.1863 123 1.22142
  21 11.1863 137 1.33845
  22 12.1863 112 1.11086
  23 13.1863 122 1.23884
  24 14.1863 131 1.38577
  25 15.1863 116 1.11201
  26 16.1863 120 1.25006
  27 17.1863 121 1.26992
  28 18.1863 122 1.137
  29 19.1863 116 1.09091
  30 20.1863 74 0.597187
16910000 30 3640
  1 -8.81367 98 0.951207
  2 -7.81367 144 1.41576
  3 -6.81367 111 1.07658
  4 -5.81367 127 1.29626
  5 -4.81367 119 1.07797
  6 -3.81367 133 1.31621
  7 -2.81367 121 1.21819
  8 -1.81367 143 1.46391
  9 -0.813671 118 1.15372
  10 0.186329 106 0.924021
  11 1.18633 108 1.07669
  12 2.18633 121 1.1276
  13 3.18633 129 1.25548
  14 4.18633 140 1.47395
  15 5.18633 137 1.28033
  16 6.18633 109 0.979833
  17 7.18633 132 1.22447
  18 8.18633 114 1.06674
  19 9.18633 163 1.69628
  20 10.1863 119 1.18212
  21 11.1863 119 1.22934
  22 12.1863 106 0.988499
  23 13.1863 127 1.20334
  24 14.1863 125 1.24435
  25 15.1863 113 1.17219
  26 16.1863 124 1.19954
  27 17.1863 121 1.31872
  28 18.1863 111 1.13498
  29 19.1863 121 1.01471
  30 20.1863 81 0.715301
16920000 30 3640
  1 -8.81367 104 1.07712
  2 -7.81367 144 1.38266
  3 -6.81367 120 1.12979
  4 -5.81367 125 1.28476
  5 -4.81367 124 1.15855
  6 -3.81367 127 1.28985
  7 -2.81367 132 1.39366
  8 -1.81367 125 1.14855
  9 -0.813671 123 1.19864
  10 0.186329 114 1.13609
  11 1.18633 109 1.03105
  12 2.18633 119 1.21362
  13 3.18633 128 1.21864
  14 4.18633 121 1.21729
  15 5.18633 135 1.27752
  16 6.18633 111 1.03845
  17 7.18633 132 1.24743
  18 8.18633 114 0.979803
  19 9.18633 142 1.59127
  20 10.1863 131 1.22614
  21 11.1863 112 1.25104
  22 12.1863 121 1.16479
  23 13.1863 122 1.17117
  24 14.1863 120 1.2237
  25 15.1863 109 1.07718
  26 16.1863 132 1.41354
  27 17.1863 118 1.12612
  28 18.1863 121 1.23866
  29 19.1863 111 1.04722
  30 20.1863 94 0.790853
16930000 30 3640
  1 -8.81367 83 0.725872
  2 -7.81367 142 1.48583
  3 -6.81367 116 1.0323
  4 -5.81367 141 1.40478
  5 -4.81367 115 1.04328
  6 -3.81367 140 1.32524
  7 -2.81367 125 1.30307
  8 -1.81367 132 1.26391
  9 -0.813671 116 1.11817
  10 0.186329 109 1.05559
  11 1.18633 103 0.925705
  12 2.18633 117 1.07763
  13 3.18633 136 1.36077
  14 4.18633 133 1.29093
  15 5.18633 133 1.25792
  16 6.18633 112 1.06896
  17 7.18633 132 1.12801
  18 8.18633 115 1.06783
  19 9.18633 146 1.55929
  20 10.1863 129 1.19655
  21 11.1863 112 1.23689
  22 12.1863 115 0.983286
  23 13.1863 128 1.21133
  24 14.1863 133 1.389
  25 15.1863 117 1.18662
  26 16.1863 120 1.11311
  27 17.1863 130 1.37923
  28 18.1863 123 1.17079
  29 19.1863 108 0.968538
  30 20.1863 79 0.695115
16940000 30 3640
  1 -8.81367 79 0.693969
  2 -7.81367 151 1.42948
  3 -6.81367 109 1.08
  4 -5.81367 119 1.20688
  5 -4.81367 124 1.13012
  6 -3.81367 147 1.42559
  7 -2.81367 133 1.29992
  8 -1.81367 132 1.32172
  9 -0.813671 116 1.10457
  10 0.186329 120 1.01901
  11 1.18633 100 1.02739
  12 2.18633 136 1.28785
  13 3.18633 124 1.17279
  14 4.18633 131 1.29007
  15 5.18633 126 1.13755
  16 6.18633 128 1.21803
  17 7.18633 116 1.04215
  18 8.18633 114 1.02875
  19 9.18633 146 1.49168
  20 10.1863 144 1.39513
  21 11.1863 110 1.15066
  22 12.1863 129 1.14493
  23 13.1863 121 1.17036
  24 14.1863 138 1.42823
  25 15.1863 110 1.05064
  26 16.1863 114 1.15071
  27 17.1863 125 1.26445
  28 18.1863 119 1.14357
  29 19.1863 116 1.02873
  30 20.1863 63 0.56931
16950000 30 3640
  1 -8.81367 103 1.08921
  2 -7.81367 135 1.3399
  3 -6.81367 118 1.1556
  4 -5.81367 132 1.29095
  5 -4.81367 111 1.04543
  6 -3.81367 129 1.31971
  7 -2.81367 135 1.30357
  8 -1.81367 118 1.15938
  9 -0.813671 126 1.31237
  10 0.186329 113 1.02421
  11 1.18633 100 1.03152
  12 2.18633 130 1.1884
  13 3.18633 142 1.40762
  14 4.18633 122 1.24205
  15 5.18633 133 1.2398
  16 6.18633 110 1.06414
  17 7.18633 124 1.2271
  18 8.18633 121 1.05926
  19 9.18633 142 1.53785
  20 10.1863 135 1.30361
  21 11.1863 108 1.19813
  22 12.1863 121 1.06675
  23 13.1863 113 1.11306
  24 14.1863 110 1.20588
  25 15.1863 128 1.16572
  26 16.1863 117 1.26832
  27 17.1863 119 1.25338
  28 18.1863 112 1.17322
  29 19.1863 126 1.07435
  30 20.1863 107 0.950159
16960000 30 3640
  1 -8.81367 113 1.02838
  2 -7.81367 145 1.47385
  3 -6.81367 114 1.07425
  4 -5.81367 141 1.32945
  5 -4.81367 111 1.08545
  6 -3.81367 135 1.34057
  7 -2.81367 119 1.24601
  8 -1.81367 143 1.37548
  9 -0.813671 115 1.08928
  10 0.186329 99 0.91011
  11 1.18633 105 1.13033
  12 2.18633 138 1.25238
  13 3.18633 122 1.23609
  14 4.18633 131 1.33318
  15 5.18633 117 1.06318
  16 6.18633 126 1.15025
  17 7.18633 118 1.11287
  18 8.18633 105 1.04323
  19 9.18633 146 1.38796
  20 10.1863 138 1.43399
  21 11.1863 115 1.21478
  22 12.1863 123 1.08443
  23 13.1863 110 1.07547
  24 14.1863 121 1.33576
  25 15.1863 120 1.09921
  26 16.1863 124 1.29694
  27 17.1863 114 1.23107
  28 18.1863 121 1.28212
  29 19.1863 119 0.943799
  30 20.1863 92 0.904913
16970000 30 3640
  1 -8.81367 107 1.09658
  2 -7.81367 139 1.34705
  3 -6.81367 119 1.14161
  4 -5.81367 124 1.28668
  5 -4.81367 119 1.07291
  6 -3.81367 138 1.39564
  7 -2.81367 120 1.22047
  8 -1.81367 129 1.21801
  9 -0.813671 121 1.27936
  10 0.186329 112 0.985288
  11 1.18633 93 0.962689
  12 2.18633 144 1.39083
  13 3.18633 123 1.19176
  14 4.18633 125 1.31556
  15 5.18633 136 1.31441
  16 6.18633 107 1.00396
  17 7.18633 123 1.14046
  18 8.18633 117 1.04791
  19 9.18633 140 1.5121
  20 10.1863 145 1.40704
  21 11.1863 110 1.12662
  22 12.1863 118 1.13034
  23 13.1863 113 1.13289
  24 14.1863 131 1.342
  25 15.1863 118 1.17918
  26 16.1863 123 1.24175
  27 17.1863 125 1.30065
  28 18.1863 115 1.17414
  29 19.1863 112 0.972775
  30 20.1863 94 0.833753
16980000 30 3640
  1 -8.81367 99 1.0581
  2 -7.81367 152 1.54828
  3 -6.81367 99 0.910227
  4 -5.81367 133 1.32007
  5 -4.81367 120 1.09957
  6 -3.81367 128 1.29998
  7 -2.81367 129 1.32386
  8 -1.81367 131 1.2174
  9 -0.813671 108 1.12841
  10 0.186329 105 1.02434
  11 1.18633 115 1.10959
  12 2.18633 118 1.07454
  13 3.18633 135 1.39288
  14 4.18633 128 1.33014
  15 5.18633 136 1.25631
  16 6.18633 117 1.12834
  17 7.18633 122 1.07954
  18 8.18633 118 1.06205
  19 9.18633 126 1.38152
  20 10.1863 137 1.36026
  21 11.1863 112 1.15458
  22 12.1863 126 1.21239
  23 13.1863 119 1.15967
  24 14.1863 120 1.24245
  25 15.1863 125 1.25126
  26 16.1863 118 1.21098
  27 17.1863 121 1.31639
  28 18.1863 119 1.23485
  29 19.1863 118 1.03445
  30 20.1863 106 0.896553
16990000 30 3640
  1 -8.81367 100 0.953687
  2 -7.81367 138 1.35398
  3 -6.81367 112 1.14146
  4 -5.81367 120 1.18581
  5 -4.81367 131 1.24157
  6 -3.81367 131 1.29944
  7 -2.81367 124 1.24403
  8 -1.81367 124 1.19944
  9 -0.813671 123 1.14161
  10 0.186329 105 0.941457
  11 1.18633 102 1.05007
  12 2.18633 132 1.23919
  13 3.18633 129 1.29582
  14 4.18633 116 1.14024
  15 5.18633 131 1.1947
  16 6.18633 137 1.31934
  17 7.18633 117 1.05013
  18 8.18633 116 1.08352
  19 9.18633 150 1.5059
  20 10.1863 131 1.29214
  21 11.1863 121 1.34264
  22 12.1863 120 1.05258
  23 13.1863 116 1.11806
  24 14.1863 130 1.32691
  25 15.1863 125 1.22418
  26 16.1863 123 1.20931
  27 17.1863 117 1.31197
  28 18.1863 122 1.09827
  29 19.1863 118 1.05137
  30 20.1863 79 0.685689
17000000 30 3640
  1 -8.81367 115 1.12147
  2 -7.81367 136 1.24288
  3 -6.81367 98 0.994951
  4 -5.81367 140 1.40036
  5 -4.81367 110 1.06633
  6 -3.81367 139 1.39411
  7 -2.81367 126 1.30403
  8 -1.81367 133 1.24153
  9 -0.813671 113 1.12777
  10 0.186329 102 0.922401
  11 1.18633 115 1.17156
  12 2.18633 124 1.20279
  13 3.18633 129 1.31414
  14 4.18633 120 1.17263
  15 5.18633 137 1.34425
  16 6.18633 122 1.1589
  17 7.18633 122 1.02394
  18 8.18633 113 1.08013
  19 9.18633 144 1.52809
  20 10.1863 125 1.25028
  21 11.1863 123 1.31017
  22 12.1863 112 1.0239
  23 13.1863 119 1.15268
  24 14.1863 127 1.33175
  25 15.1863 116 1.17008
  26 16.1863 114 1.10137
  27 17.1863 123 1.28784
  28 18.1863 119 1.23899
  29 19.1863 121 1.08019
  30 20.1863 103 0.997422
17010000 30 3640
  1 -8.81367 100 1.01324
  2 -7.81367 145 1.40817
  3 -6.81367 103 0.989314
  4 -5.81367 130 1.30271
  5 -4.81367 129 1.24012
  6 -3.81367 135 1.36414
  7 -2.81367 125 1.20377
  8 -1.81367 130 1.31778
  9 -0.813671 109 1.07972
  10 0.186329 109 0.996941
  11 1.18633 110 1.08972
  12 2.18633 121 1.19373
  13 3.18633 132 1.30292
  14 4.18633 116 1.19996
  15 5.18633 139 1.29779
  16 6.18633 122 1.10981
  17 7.18633 113 1.06584
  18 8.18633 111 0.986977
  19 9.18633 142 1.54218
  20 10.1863 138 1.37556
  21 11.1863 106 1.15218
  22 12.1863 127 1.17245
  23 13.1863 125 1.19134
  24 14.1863 125 1.30163
  25 15.1863 114 1.19488
  26 16.1863 132 1.31152
  27 17.1863 123 1.30655
  28 18.1863 112 1.1561
  29 19.1863 113 0.943117
  30 20.1863 104 1.01435
17020000 30 3640
  1 -8.81367 109 1.16915
  2 -7.81367 133 1.2036
  3 -6.81367 115 1.10348
  4 -5.81367 137 1.39564
  5 -4.81367 103 1.05151
  6 -3.81367 134 1.28187
  7 -2.81367 137 1.41595
  8 -1.81367 126 1.23752
  9 -0.813671 110 1.13263
  10 0.186329 112 1.06051
  11 1.18633 100 0.997199
  12 2.18633 125 1.13652
  13 3.18633 130 1.38561
  14 4.18633 134 1.31599
  15 5.18633 134 1.33755
  16 6.18633 119 1.17433
  17 7.18633 118 1.04411
  18 8.18633 116 1.09593
  19 9.18633 150 1.48944
  20 10.1863 129 1.41845
  21 11.1863 105 1.08308
  22 12.1863 125 1.17311
  23 13.1863 111 1.09848
  24 14.1863 127 1.32369
  25 15.1863 121 1.20217
  26 16.1863 119 1.31592
  27 17.1863 122 1.30079
  28 18.1863 116 1.15408
  29 19.1863 112 0.983359
  30 20.1863 111 1.07183
17030000 30 3640
  1 -8.81367 91 0.940415
  2 -7.81367 141 1.33484
  3 -6.81367 116 1.07444
  4 -5.81367 126 1.28642
  5 -4.81367 130 1.24185
  6 -3.81367 141 1.40676
  7 -2.81367 128 1.29019
  8 -1.81367 140 1.29397
  9 -0.813671 108 1.03723
  10 0.186329 103 0.97892
  11 1.18633 105 1.06945
  12 2.18633 124 1.24681
  13 3.18633 138 1.24068
  14 4.18633 129 1.31995
  15 5.18633 139 1.31515
  16 6.18633 107 1.03588
  17 7.18633 124 1.10424
  18 8.18633 114 1.01621
  19 9.18633 144 1.46262
  20 10.1863 127 1.32737
  21 11.1863 120 1.22067
  22 12.1863 134 1.25056
  23 13.1863 125 1.22834
  24 14.1863 117 1.09921
  25 15.1863 116 1.24304
  26 16.1863 123 1.27278
  27 17.1863 119 1.21206
  28 18.1863 112 1.12645
  29 19.1863 121 1.04349
  30 20.1863 78 0.724507
17040000 30 3640
  1 -8.81367 92 0.987453
  2 -7.81367 143 1.35836
  3 -6.81367 115 1.07313
  4 -5.81367 126 1.19708
  5 -4.81367 115 1.13136
  6 -3.81367 129 1.26524
  7 -2.81367 138 1.42778
  8 -1.81367 130 1.17856
  9 -0.813671 121 1.26043
  10 0.186329 94 0.851145
  11 1.18633 117 1.17606
  12 2.18633 131 1.21335
  13 3.18633 134 1.28759
  14 4.18633 119 1.26287
  15 5.18633 143 1.31755
  16 6.18633 122 1.1004
  17 7.18633 125 1.11906
  18 8.18633 120 1.12275
  19 9.18633 138 1.48986
  20 10.1863 135 1.35207
  21 11.1863 108 1.12381
  22 12.1863 122 1.08934
  23 13.1863 131 1.22076
  24 14.1863 127 1.35225
  25 15.1863 110 1.13748
  26 16.1863 125 1.30001
  27 17.1863 119 1.14255
  28 18.1863 119 1.16743
  29 19.1863 122 1.09546
  30 20.1863 70 0.641366
17050000 30 3640
  1 -8.81367 110 1.12721
  2 -7.81367 134 1.31407
  3 -6.81367 125 1.245
  4 -5.81367 128 1.22622
  5 -4.81367 122 1.26498
  6 -3.81367 132 1.32528
  7 -2.81367 127 1.17992
  8 -1.81367 138 1.3378
  9 -0.813671 119 1.22009
  10 0.186329 109 0.988101
  11 1.18633 108 1.13347
  12 2.18633 132 1.28778
  13 3.18633 126 1.32654
  14 4.18633 128 1.11598
  15 5.18633 131 1.23884
  16 6.18633 118 1.19237
  17 7.18633 119 1.09971
  18 8.18633 123 1.24008
  19 9.18633 144 1.4269
  20 10.1863 133 1.33906
  21 11.1863 101 1.03556
  22 12.1863 118 1.12718
  23 13.1863 117 1.1624
  24 14.1863 116 1.16618
  25 15.1863 118 1.13975
  26 16.1863 116 1.1898
  27 17.1863 115 1.28394
  28 18.1863 123 1.23248
  29 19.1863 109 0.885393
  30 20.1863 101 0.97046
17060000 30 3640
  1 -8.81367 80 0.746144
  2 -7.81367 135 1.34916
  3 -6.81367 128 1.2211
  4 -5.81367 129 1.22722
  5 -4.81367 123 1.20365
  6 -3.81367 129 1.28563
  7 -2.81367 129 1.35401
  8 -1.81367 139 1.28697
  9 -0.813671 118 1.16145
  10 0.186329 119 1.13785
  11 1.18633 100 0.961268
  12 2.18633 139 1.33182
  13 3.18633 129 1.27202
  14 4.18633 126 1.26217
  15 5.18633 137 1.32918
  16 6.18633 121 1.12411
  17 7.18633 133 1.12179
  18 8.18633 108 1.08308
  19 9.18633 161 1.68728
  20 10.1863 109 1.07185
  21 11.1863 119 1.2595
  22 12.1863 113 1.01715
  23 13.1863 138 1.24858
  24 14.1863 112 1.25465
  25 15.1863 115 1.16007
  26 16.1863 118 1.23849
  27 17.1863 114 1.1004
  28 18.1863 115 1.20983
  29 19.1863 126 1.06085
  30 20.1863 78 0.758451
17070000 30 3640
  1 -8.81367 94 0.935206
  2 -7.81367 147 1.41346
  3 -6.81367 118 1.17422
  4 -5.81367 128 1.28682
  5 -4.81367 121 1.13174
  6 -3.81367 129 1.40947
  7 -2.81367 131 1.18682
  8 -1.81367 136 1.28573
  9 -0.813671 104 1.08908
  10 0.186329 114 1.10926
  11 1.18633 104 1.02916
  12 2.18633 121 1.20562
  13 3.18633 132 1.27197
  14 4.18633 133 1.27822
  15 5.18633 135 1.38079
  16 6.18633 124 1.07421
  17 7.18633 131 1.19822
  18 8.18633 106 0.993998
  19 9.18633 158 1.69999
  20 10.1863 110 1.1079
  21 11.1863 119 1.28425
  22 12.1863 124 1.09928
  23 13.1863 124 1.14439
  24 14.1863 114 1.2968
  25 15.1863 122 1.13439
  26 16.1863 123 1.26676
  27 17.1863 124 1.38332
  28 18.1863 107 1.03284
  29 19.1863 123 1.09677
  30 20.1863 84 0.766174
17080000 30 3640
  1 -8.81367 90 0.891548
  2 -7.81367 147 1.38744
  3 -6.81367 121 1.17229
  4 -5.81367 125 1.2241
  5 -4.81367 125 1.23158
  6 -3.81367 126 1.26119
  7 -2.81367 132 1.29096
  8 -1.81367 123 1.15986
  9 -0.813671 117 1.15496
  10 0.186329 118 1.15634
  11 1.18633 103 0.959626
  12 2.18633 131 1.26013
  13 3.18633 131 1.29838
  14 4.18633 127 1.14638
  15 5.18633 138 1.38368
  16 6.18633 122 1.08209
  17 7.18633 117 1.14628
  18 8.18633 117 1.05618
  19 9.18633 139 1.42819
  20 10.1863 137 1.36508
  21 11.1863 105 1.08437
  22 12.1863 122 1.13401
  23 13.1863 130 1.29345
  24 14.1863 113 1.15992
  25 15.1863 127 1.18961
  26 16.1863 108 1.06339
  27 17.1863 122 1.32066
  28 18.1863 118 1.2142
  29 19.1863 119 1.00549
  30 20.1863 90 0.807545
17090000 30 3640
  1 -8.81367 80 0.722533
  2 -7.81367 140 1.37534
  3 -6.81367 111 1.06254
  4 -5.81367 136 1.28977
  5 -4.81367 126 1.22393
  6 -3.81367 128 1.28219
  7 -2.81367 126 1.31819
  8 -1.81367 141 1.3617
  9 -0.813671 120 1.12598
  10 0.186329 100 0.954677
  11 1.18633 123 1.17313
  12 2.18633 127 1.28232
  13 3.18633 127 1.15074
  14 4.18633 133 1.39397
  15 5.18633 121 1.14952
  16 6.18633 138 1.17319
  17 7.18633 119 1.20401
  18 8.18633 126 1.18191
  19 9.18633 140 1.40637
  20 10.1863 129 1.31447
  21 11.1863 120 1.23507
  22 12.1863 119 1.0887
  23 13.1863 122 1.20653
  24 14.1863 121 1.31204
  25 15.1863 120 1.1111
  26 16.1863 114 1.14077
  27 17.1863 122 1.29219
  28 18.1863 115 1.1048
  29 19.1863 119 1.04526
  30 20.1863 77 0.782045
17100000 30 3640
  1 -8.81367 98 1.00684
  2 -7.81367 155 1.46685
  3 -6.81367 114 1.09759
  4 -5.81367 125 1.25781
  5 -4.81367 121 1.1635
  6 -3.81367 129 1.25906
  7 -2.81367 134 1.34119
  8 -1.81367 118 1.12739
  9 -0.813671 128 1.27533
  10 0.186329 108 1.02444
  11 1.18633 108 1.07395
  12 2.18633 121 1.16727
  13 3.18633 129 1.31256
  14 4.18633 112 1.08523
  15 5.18633 145 1.30159
  16 6.18633 123 1.16711
  17 7.18633 119 1.11754
  18 8.18633 129 1.17476
  19 9.18633 139 1.42941
  20 10.1863 134 1.39088
  21 11.1863 113 1.09262
  22 12.1863 118 1.16967
  23 13.1863 130 1.27283
  24 14.1863 123 1.31272
  25 15.1863 111 0.999441
  26 16.1863 117 1.19697
  27 17.1863 128 1.35357
  28 18.1863 109 1.06529
  29 19.1863 119 1.0728
  30 20.1863 83 0.737126
17110000 30 3640
  1 -8.81367 101 0.924186
  2 -7.81367 146 1.51502
  3 -6.81367 116 1.17171
  4 -5.81367 137 1.25097
  5 -4.81367 118 1.20688
  6 -3.81367 123 1.2082
  7 -2.81367 129 1.31378
  8 -1.81367 129 1.2911
  9 -0.813671 125 1.21084
  10 0.186329 111 1.11277
  11 1.18633 97 1.00078
  12 2.18633 126 1.16559
  13 3.18633 129 1.2535
  14 4.18633 124 1.25724
  15 5.18633 135 1.344
  16 6.18633 127 1.13036
  17 7.18633 131 1.18569
  18 8.18633 99 0.941778
  19 9.18633 158 1.65696
  20 10.1863 119 1.23583
  21 11.1863 123 1.30613
  22 12.1863 110 1.01468
  23 13.1863 127 1.25487
  24 14.1863 120 1.27235
  25 15.1863 135 1.28617
  26 16.1863 98 1.00074
  27 17.1863 125 1.32889
  28 18.1863 111 1.19557
  29 19.1863 122 1.08388
  30 20.1863 89 0.799618
17120000 30 3640
  1 -8.81367 100 0.876545
  2 -7.81367 145 1.44908
  3 -6.81367 114 1.15886
  4 -5.81367 123 1.14391
  5 -4.81367 124 1.19773
  6 -3.81367 140 1.42636
  7 -2.81367 126 1.31639
  8 -1.81367 127 1.20021
  9 -0.813671 117 1.229
  10 0.186329 100 0.876544
  11 1.18633 118 1.21403
  12 2.18633 119 1.05154
  13 3.18633 128 1.42515
  14 4.18633 127 1.19528
  15 5.18633 121 1.15273
  16 6.18633 135 1.25524
  17 7.18633 117 1.04156
  18 8.18633 118 1.08031
  19 9.18633 142 1.49892
  20 10.1863 121 1.24269
  21 11.1863 112 1.14145
  22 12.1863 120 1.13017
  23 13.1863 131 1.36147
  24 14.1863 122 1.21159
  25 15.1863 117 1.10275
  26 16.1863 121 1.2526
  27 17.1863 121 1.35649
  28 18.1863 128 1.22646
  29 19.1863 105 0.965224
  30 20.1863 101 0.938944
17130000 30 3640
  1 -8.81367 99 0.953526
  2 -7.81367 133 1.23539
  3 -6.81367 118 1.21531
  4 -5.81367 128 1.2601
  5 -4.81367 123 1.11497
  6 -3.81367 134 1.368
  7 -2.81367 125 1.27374
  8 -1.81367 128 1.24887
  9 -0.813671 121 1.06669
  10 0.186329 106 1.08009
  11 1.18633 99 0.998263
  12 2.18633 130 1.26393
  13 3.18633 135 1.26271
  14 4.18633 118 1.10868
  15 5.18633 119 1.22417
  16 6.18633 130 1.16951
  17 7.18633 137 1.27138
  18 8.18633 114 0.983447
  19 9.18633 144 1.5592
  20 10.1863 124 1.1968
  21 11.1863 115 1.29728
  22 12.1863 115 1.00823
  23 13.1863 126 1.29477
  24 14.1863 124 1.2181
  25 15.1863 134 1.34451
  26 16.1863 109 1.05526
  27 17.1863 122 1.30608
  28 18.1863 115 1.12356
  29 19.1863 112 1.0429
  30 20.1863 103 0.925009
17140000 30 3640
  1 -8.81367 65 0.587252
  2 -7.81367 137 1.3148
  3 -6.81367 128 1.20045
  4 -5.81367 128 1.30233
  5 -4.81367 121 1.13265
  6 -3.81367 138 1.33442
  7 -2.81367 127 1.25818
  8 -1.81367 138 1.37011
  9 -0.813671 127 1.23985
  10 0.186329 102 0.918465
  11 1.18633 115 1.15728
  12 2.18633 125 1.13644
  13 3.18633 132 1.3037
  14 4.18633 128 1.27413
  15 5.18633 140 1.32601
  16 6.18633 126 1.13513
  17 7.18633 120 1.09328
  18 8.18633 110 1.08965
  19 9.18633 149 1.44403
  20 10.1863 137 1.41191
  21 11.1863 127 1.20401
  22 12.1863 112 1.08836
  23 13.1863 122 1.18066
  24 14.1863 122 1.23238
  25 15.1863 114 1.14486
  26 16.1863 124 1.23476
  27 17.1863 127 1.31852
  28 18.1863 116 1.0342
  29 19.1863 112 1.03169
  30 20.1863 71 0.673461
17150000 30 3640
  1 -8.81367 114 1.07704
  2 -7.81367 145 1.48613
  3 -6.81367 126 1.20872
  4 -5.81367 121 1.14972
  5 -4.81367 123 1.17363
  6 -3.81367 132 1.36174
  7 -2.81367 128 1.31536
  8 -1.81367 125 1.18866
  9 -0.813671 109 1.04069
  10 0.186329 115 1.23256
  11 1.18633 95 0.956523
  12 2.18633 144 1.31558
  13 3.18633 121 1.24133
  14 4.18633 134 1.32428
  15 5.18633 119 1.05319
  16 6.18633 115 1.13593
  17 7.18633 127 1.23636
  18 8.18633 107 0.969136
  19 9.18633 147 1.5024
  20 10.1863 121 1.21004
  21 11.1863 127 1.42574
  22 12.1863 108 0.942721
  23 13.1863 120 1.1573
  24 14.1863 112 1.14849
  25 15.1863 129 1.30552
  26 16.1863 122 1.27763
  27 17.1863 117 1.18494
  28 18.1863 117 1.21499
  29 19.1863 118 1.02187
  30 20.1863 102 1.00291
17160000 30 3640
  1 -8.81367 107 1.04293
  2 -7.81367 143 1.34248
  3 -6.81367 112 1.05668
  4 -5.81367 122 1.23202
  5 -4.81367 127 1.27965
  6 -3.81367 126 1.27339
  7 -2.81367 132 1.34361
  8 -1.81367 138 1.32108
  9 -0.813671 111 1.07429
  10 0.186329 105 0.975236
  11 1.18633 111 1.19837
  12 2.18633 135 1.25591
  13 3.18633 133 1.36748
  14 4.18633 134 1.24855
  15 5.18633 114 1.08917
  16 6.18633 131 1.32237
  17 7.18633 122 1.02548
  18 8.18633 118 1.16073
  19 9.18633 142 1.51275
  20 10.1863 130 1.27225
  21 11.1863 117 1.23953
  22 12.1863 115 1.14947
  23 13.1863 116 1.04422
  24 14.1863 128 1.28225
  25 15.1863 116 1.22205
  26 16.1863 121 1.34734
  27 17.1863 120 1.08804
  28 18.1863 116 1.25084
  29 19.1863 108 0.97398
  30 20.1863 90 0.818557
17170000 30 3640
  1 -8.81367 117 1.18258
  2 -7.81367 143 1.41064
  3 -6.81367 122 1.16021
  4 -5.81367 114 1.11897
  5 -4.81367 132 1.23622
  6 -3.81367 125 1.3108
  7 -2.81367 130 1.27981
  8 -1.81367 127 1.26101
  9 -0.813671 118 1.08677
  10 0.186329 104 1.01686
  11 1.18633 108 1.13912
  12 2.18633 127 1.21253
  13 3.18633 131 1.22132
  14 4.18633 115 1.16517
  15 5.18633 139 1.33587
  16 6.18633 115 1.02068
  17 7.18633 114 1.06924
  18 8.18633 125 1.10423
  19 9.18633 132 1.50646
  20 10.1863 126 1.19633
  21 11.1863 123 1.34943
  22 12.1863 118 1.10781
  23 13.1863 129 1.19643
  24 14.1863 120 1.22131
  25 15.1863 117 1.22986
  26 16.1863 121 1.21865
  27 17.1863 117 1.19011
  28 18.1863 120 1.19263
  29 19.1863 119 1.03195
  30 20.1863 92 0.82996
17180000 30 3640
  1 -8.81367 96 0.819354
  2 -7.81367 140 1.44223
  3 -6.81367 124 1.16408
  4 -5.81367 116 1.1874
  5 -4.81367 121 1.14677
  6 -3.81367 132 1.30857
  7 -2.81367 140 1.40133
  8 -1.81367 121 1.17877
  9 -0.813671 122 1.15923
  10 0.186329 113 1.0543
  11 1.18633 94 0.963892
  12 2.18633 137 1.24083
  13 3.18633 123 1.19738
  14 4.18633 125 1.23452
  15 5.18633 137 1.35436
  16 6.18633 115 1.1085
  17 7.18633 123 1.06777
  18 8.18633 117 1.13446
  19 9.18633 143 1.3347
  20 10.1863 129 1.30744
  21 11.1863 116 1.22573
  22 12.1863 120 1.18131
  23 13.1863 119 1.08021
  24 14.1863 120 1.18391
  25 15.1863 117 1.2628
  26 16.1863 133 1.23945
  27 17.1863 105 1.19
  28 18.1863 130 1.22715
  29 19.1863 106 0.919475
  30 20.1863 106 0.989842
17190000 30 3640
  1 -8.81367 61 0.613903
  2 -7.81367 149 1.35377
  3 -6.81367 130 1.25124
  4 -5.81367 118 1.18148
  5 -4.81367 130 1.24384
  6 -3.81367 139 1.29749
  7 -2.81367 122 1.28034
  8 -1.81367 129 1.19499
  9 -0.813671 126 1.20608
  10 0.186329 115 1.04257
  11 1.18633 96 0.967988
  12 2.18633 124 1.1451
  13 3.18633 143 1.33298
  14 4.18633 124 1.234
  15 5.18633 143 1.30012
  16 6.18633 120 1.14743
  17 7.18633 119 1.09861
  18 8.18633 113 0.9096
  19 9.18633 144 1.52333
  20 10.1863 144 1.4305
  21 11.1863 109 1.16317
  22 12.1863 136 1.14138
  23 13.1863 115 1.13399
  24 14.1863 125 1.33185
  25 15.1863 131 1.31206
  26 16.1863 122 1.1474
  27 17.1863 117 1.26457
  28 18.1863 114 1.05834
  29 19.1863 124 1.03768
  30 20.1863 58 0.528606
17200000 30 3640
  1 -8.81367 79 0.754028
  2 -7.81367 139 1.40708
  3 -6.81367 123 1.13105
  4 -5.81367 125 1.19435
  5 -4.81367 123 1.24653
  6 -3.81367 128 1.26271
  7 -2.81367 139 1.44933
  8 -1.81367 131 1.2093
  9 -0.813671 111 1.0315
  10 0.186329 127 1.25913
  11 1.18633 100 1.06132
  12 2.18633 127 1.16703
  13 3.18633 131 1.27414
  14 4.18633 140 1.41324
  15 5.18633 124 1.11239
  16 6.18633 116 1.10232
  17 7.18633 125 1.15461
  18 8.18633 125 1.0863
  19 9.18633 139 1.52641
  20 10.1863 127 1.33116
  21 11.1863 115 1.12218
  22 12.1863 126 1.228
  23 13.1863 125 1.14842
  24 14.1863 126 1.35492
  25 15.1863 112 1.06125
  26 16.1863 118 1.23041
  27 17.1863 125 1.31255
  28 18.1863 111 1.12093
  29 19.1863 125 1.0813
  30 20.1863 78 0.711614
17210000 30 3640
  1 -8.81367 104 0.950032
  2 -7.81367 152 1.47982
  3 -6.81367 102 1.02591
  4 -5.81367 122 1.18424
  5 -4.81367 123 1.16186
  6 -3.81367 131 1.33388
  7 -2.81367 122 1.23904
  8 -1.81367 134 1.31387
  9 -0.813671 120 1.0822
  10 0.186329 105 1.00485
  11 1.18633 114 1.26911
  12 2.18633 122 1.11836
  13 3.18633 132 1.27031
  14 4.18633 129 1.24291
  15 5.18633 120 1.18312
  16 6.18633 129 1.19054
  17 7.18633 125 1.19063
  18 8.18633 123 1.19428
  19 9.18633 138 1.31903
  20 10.1863 136 1.44345
  21 11.1863 124 1.31636
  22 12.1863 109 0.978652
  23 13.1863 121 1.20051
  24 14.1863 122 1.24678
  25 15.1863 127 1.19429
  26 16.1863 115 1.20286
  27 17.1863 124 1.35006
  28 18.1863 114 1.13196
  29 19.1863 126 1.0449
  30 20.1863 75 0.752912
17220000 30 3640
  1 -8.81367 96 0.98297
  2 -7.81367 143 1.36426
  3 -6.81367 124 1.21086
  4 -5.81367 127 1.28676
  5 -4.81367 123 1.12378
  6 -3.81367 122 1.27929
  7 -2.81367 127 1.26696
  8 -1.81367 127 1.21582
  9 -0.813671 119 1.1712
  10 0.186329 105 0.996689
  11 1.18633 109 1.0913
  12 2.18633 129 1.19992
  13 3.18633 116 1.18471
  14 4.18633 133 1.37529
  15 5.18633 125 1.12014
  16 6.18633 131 1.24206
  17 7.18633 118 1.08765
  18 8.18633 114 1.13125
  19 9.18633 148 1.49122
  20 10.1863 142 1.37412
  21 11.1863 118 1.22829
  22 12.1863 119 1.17101
  23 13.1863 121 1.07286
  24 14.1863 118 1.26698
  25 15.1863 107 1.11612
  26 16.1863 129 1.25444
  27 17.1863 110 1.16114
  28 18.1863 128 1.30681
  29 19.1863 120 1.07647
  30 20.1863 92 0.742618
17230000 30 3640
  1 -8.81367 83 0.804238
  2 -7.81367 149 1.37313
  3 -6.81367 122 1.23913
  4 -5.81367 122 1.22163
  5 -4.81367 121 1.1128
  6 -3.81367 138 1.36917
  7 -2.81367 122 1.27249
  8 -1.81367 124 1.13629
  9 -0.813671 118 1.11765
  10 0.186329 119 1.186
  11 1.18633 104 0.97407
  12 2.18633 124 1.20571
  13 3.18633 127 1.25035
  14 4.18633 132 1.34196
  15 5.18633 126 1.12896
  16 6.18633 133 1.26633
  17 7.18633 119 1.10044
  18 8.18633 116 1.14377
  19 9.18633 141 1.28139
  20 10.1863 131 1.35797
  21 11.1863 123 1.32821
  22 12.1863 123 1.15492
  23 13.1863 123 1.20209
  24 14.1863 130 1.31597
  25 15.1863 118 1.08795
  26 16.1863 116 1.15355
  27 17.1863 125 1.38162
  28 18.1863 123 1.15862
  29 19.1863 117 1.00134
  30 20.1863 71 0.734658
17240000 30 3640
  1 -8.81367 101 0.958672
  2 -7.81367 147 1.43666
  3 -6.81367 105 1.04715
  4 -5.81367 126 1.24815
  5 -4.81367 120 1.12336
  6 -3.81367 137 1.37925
  7 -2.81367 131 1.3167
  8 -1.81367 125 1.32169
  9 -0.813671 116 1.00506
  10 0.186329 103 1.00602
  11 1.18633 109 1.07226
  12 2.18633 141 1.36187
  13 3.18633 116 1.17082
  14 4.18633 133 1.30306
  15 5.18633 120 1.21197
  16 6.18633 127 1.1247
  17 7.18633 129 1.22328
  18 8.18633 120 1.11967
  19 9.18633 141 1.45402
  20 10.1863 124 1.24577
  21 11.1863 130 1.3816
  22 12.1863 110 0.890112
  23 13.1863 125 1.33799
  24 14.1863 117 1.11725
  25 15.1863 120 1.20451
  26 16.1863 119 1.2393
  27 17.1863 124 1.3081
  28 18.1863 112 1.10967
  29 19.1863 124 1.1097
  30 20.1863 88 0.832596
17250000 30 3640
  1 -8.81367 98 0.986526
  2 -7.81367 149 1.3735
  3 -6.81367 95 0.919315
  4 -5.81367 137 1.42541
  5 -4.81367 119 1.06245
  6 -3.81367 135 1.35216
  7 -2.81367 139 1.45659
  8 -1.81367 127 1.24268
  9 -0.813671 113 1.06628
  10 0.186329 108 1.04254
  11 1.18633 98 0.991481
  12 2.18633 126 1.18802
  13 3.18633 140 1.32494
  14 4.18633 122 1.26138
  15 5.18633 128 1.21168
  16 6.18633 122 1.15567
  17 7.18633 130 1.17936
  18 8.18633 122 1.15706
  19 9.18633 143 1.36961
  20 10.1863 125 1.3273
  21 11.1863 112 1.15063
  22 12.1863 125 1.20659
  23 13.1863 125 1.14466
  24 14.1863 130 1.31247
  25 15.1863 116 1.21033
  26 16.1863 113 1.22024
  27 17.1863 120 1.1918
  28 18.1863 120 1.23648
  29 19.1863 107 0.903281
  30 20.1863 96 0.870785
17260000 30 3640
  1 -8.81367 81 0.742853
  2 -7.81367 153 1.53136
  3 -6.81367 119 1.04175
  4 -5.81367 134 1.3217
  5 -4.81367 118 1.17175
  6 -3.81367 137 1.36513
  7 -2.81367 123 1.18792
  8 -1.81367 131 1.35892
  9 -0.813671 114 0.978492
  10 0.186329 99 0.937503
  11 1.18633 118 1.23021
  12 2.18633 122 1.19536
  13 3.18633 133 1.28597
  14 4.18633 134 1.26472
  15 5.18633 136 1.33801
  16 6.18633 126 1.09503
  17 7.18633 109 1.04903
  18 8.18633 122 1.24251
  19 9.18633 135 1.28842
  20 10.1863 144 1.38009
  21 11.1863 117 1.26462
  22 12.1863 111 1.05898
  23 13.1863 128 1.219
  24 14.1863 123 1.28469
  25 15.1863 110 1.08993
  26 16.1863 127 1.28456
  27 17.1863 118 1.24374
  28 18.1863 127 1.22259
  29 19.1863 116 0.961183
  30 20.1863 75 0.791063
17270000 30 3640
  1 -8.81367 90 0.886469
  2 -7.81367 148 1.36625
  3 -6.81367 116 1.21397
  4 -5.81367 118 1.12135
  5 -4.81367 120 1.11645
  6 -3.81367 132 1.34623
  7 -2.81367 128 1.24501
  8 -1.81367 125 1.26101
  9 -0.813671 135 1.23777
  10 0.186329 101 1.00025
  11 1.18633 108 1.02624
  12 2.18633 114 1.07812
  13 3.18633 141 1.46017
  14 4.18633 122 1.10531
  15 5.18633 138 1.33533
  16 6.18633 130 1.17704
  17 7.18633 110 0.999038
  18 8.18633 126 1.16232
  19 9.18633 145 1.47491
  20 10.1863 119 1.24615
  21 11.1863 119 1.26832
  22 12.1863 111 1.04238
  23 13.1863 120 1.09552
  24 14.1863 121 1.25732
  25 15.1863 122 1.21529
  26 16.1863 124 1.23637
  27 17.1863 117 1.2289
  28 18.1863 119 1.11894
  29 19.1863 120 1.03493
  30 20.1863 101 0.965637
17280000 30 3640
  1 -8.81367 65 0.666568
  2 -7.81367 143 1.4025
  3 -6.81367 138 1.21768
  4 -5.81367 112 1.16629
  5 -4.81367 126 1.05226
  6 -3.81367 135 1.43022
  7 -2.81367 131 1.26007
  8 -1.81367 133 1.28204
  9 -0.813671 124 1.19458
  10 0.186329 104 0.928123
  11 1.18633 107 1.07162
  12 2.18633 132 1.20191
  13 3.18633 129 1.28203
  14 4.18633 124 1.12267
  15 5.18633 130 1.24199
  16 6.18633 133 1.21272
  17 7.18633 116 1.01938
  18 8.18633 133 1.25535
  19 9.18633 129 1.3014
  20 10.1863 141 1.40972
  21 11.1863 112 1.06428
  22 12.1863 129 1.27356
  23 13.1863 104 0.935478
  24 14.1863 125 1.26134
  25 15.1863 122 1.14216
  26 16.1863 131 1.29775
  27 17.1863 118 1.27112
  28 18.1863 126 1.15921
  29 19.1863 110 0.96099
  30 20.1863 78 0.666563
17290000 30 3640
  1 -8.81367 89 0.896372
  2 -7.81367 155 1.46301
  3 -6.81367 116 1.174
  4 -5.81367 134 1.28188
  5 -4.81367 119 1.14061
  6 -3.81367 134 1.31534
  7 -2.81367 120 1.24223
  8 -1.81367 144 1.33523
  9 -0.813671 116 1.21996
  10 0.186329 109 1.05636
  11 1.18633 115 1.06508
  12 2.18633 111 1.01052
  13 3.18633 141 1.37375
  14 4.18633 111 1.12812
  15 5.18633 136 1.32169
  16 6.18633 124 1.14311
  17 7.18633 123 1.12083
  18 8.18633 112 1.01305
  19 9.18633 148 1.48655
  20 10.1863 119 1.18268
  21 11.1863 119 1.32013
  22 12.1863 116 1.04653
  23 13.1863 114 1.11591
  24 14.1863 135 1.37252
  25 15.1863 110 1.09958
  26 16.1863 137 1.31662
  27 17.1863 109 1.16911
  28 18.1863 120 1.17044
  29 19.1863 119 1.04524
  30 20.1863 85 0.794726
17300000 30 3640
  1 -8.81367 116 1.16167
  2 -7.81367 133 1.28835
  3 -6.81367 125 1.22806
  4 -5.81367 122 1.18666
  5 -4.81367 115 1.11155
  6 -3.81367 129 1.3621
  7 -2.81367 124 1.23807
  8 -1.81367 133 1.25442
  9 -0.813671 116 1.14545
  10 0.186329 105 0.953827
  11 1.18633 123 1.37719
  12 2.18633 122 1.11665
  13 3.18633 126 1.22443
  14 4.18633 127 1.23428
  15 5.18633 123 1.23571
  16 6.18633 116 1.05643
  17 7.18633 118 1.12162
  18 8.18633 109 1.00264
  19 9.18633 144 1.45368
  20 10.1863 129 1.26449
  21 11.1863 130 1.44849
  22 12.1863 118 1.07393
  23 13.1863 116 1.19305
  24 14.1863 129 1.30092
  25 15.1863 121 1.22177
  26 16.1863 121 1.22306
  27 17.1863 120 1.26192
  28 18.1863 118 1.19802
  29 19.1863 118 1.04398
  30 20.1863 94 0.820942
17310000 30 3640
  1 -8.81367 84 0.785923
  2 -7.81367 149 1.40945
  3 -6.81367 116 1.07862
  4 -5.81367 127 1.30591
  5 -4.81367 125 1.19412
  6 -3.81367 134 1.31339
  7 -2.81367 126 1.28757
  8 -1.81367 130 1.21383
  9 -0.813671 116 0.976664
  10 0.186329 99 1.01463
  11 1.18633 123 1.22995
  12 2.18633 120 1.10444
  13 3.18633 125 1.21757
  14 4.18633 116 1.23588
  15 5.18633 134 1.14259
  16 6.18633 138 1.32701
  17 7.18633 110 1.01835
  18 8.18633 127 1.16227
  19 9.18633 138 1.42412
  20 10.1863 127 1.21383
  21 11.1863 132 1.38585
  22 12.1863 100 0.896625
  23 13.1863 131 1.22624
  24 14.1863 119 1.17328
  25 15.1863 112 1.16588
  26 16.1863 130 1.26305
  27 17.1863 103 1.10308
  28 18.1863 128 1.40063
  29 19.1863 121 0.996326
  30 20.1863 100 0.869542
17320000 30 3640
  1 -8.81367 65 0.703971
  2 -7.81367 158 1.52047
  3 -6.81367 123 1.1387
  4 -5.81367 124 1.23496
  5 -4.81367 124 1.21035
  6 -3.81367 131 1.28319
  7 -2.81367 129 1.30162
  8 -1.81367 126 1.12275
  9 -0.813671 115 1.10534
  10 0.186329 118 1.17595
  11 1.18633 104 1.0412
  12 2.18633 118 1.06348
  13 3.18633 127 1.32769
  14 4.18633 135 1.32771
  15 5.18633 126 1.17336
  16 6.18633 128 1.13881
  17 7.18633 118 1.10542
  18 8.18633 127 1.23514
  19 9.18633 144 1.38326
  20 10.1863 138 1.42768
  21 11.1863 117 1.1659
  22 12.1863 125 1.17089
  23 13.1863 122 1.17084
  24 14.1863 123 1.30428
  25 15.1863 124 1.18194
  26 16.1863 125 1.30785
  27 17.1863 120 1.25604
  28 18.1863 119 1.07087
  29 19.1863 112 0.946194
  30 20.1863 75 0.690448
17330000 30 3640
  1 -8.81367 89 0.990988
  2 -7.81367 158 1.43466
  3 -6.81367 103 1.04861
  4 -5.81367 132 1.30914
  5 -4.81367 121 1.20645
  6 -3.81367 119 1.19016
  7 -2.81367 129 1.28165
  8 -1.81367 132 1.31921
  9 -0.813671 122 1.18661
  10 0.186329 106 0.96095
  11 1.18633 114 1.17159
  12 2.18633 121 1.12384
  13 3.18633 129 1.35938
  14 4.18633 124 1.23404
  15 5.18633 126 1.18028
  16 6.18633 128 1.21279
  17 7.18633 123 1.1101
  18 8.18633 122 1.14904
  19 9.18633 142 1.44202
  20 10.1863 128 1.32543
  21 11.1863 121 1.25525
  22 12.1863 121 1.17528
  23 13.1863 111 1.04617
  24 14.1863 118 1.2792
  25 15.1863 125 1.22277
  26 16.1863 139 1.46583
  27 17.1863 122 1.30664
  28 18.1863 102 0.969764
  29 19.1863 125 1.12639
  30 20.1863 88 0.710456
17340000 30 3640
  1 -8.81367 81 0.811267
  2 -7.81367 156 1.4424
  3 -6.81367 119 1.14819
  4 -5.81367 141 1.33685
  5 -4.81367 110 1.12488
  6 -3.81367 135 1.26952
  7 -2.81367 137 1.3626
  8 -1.81367 130 1.16908
  9 -0.813671 122 1.18375
  10 0.186329 98 0.929002
  11 1.18633 121 1.25366
  12 2.18633 123 1.08827
  13 3.18633 129 1.3295
  14 4.18633 124 1.13235
  15 5.18633 137 1.25744
  16 6.18633 122 1.17629
  17 7.18633 116 1.00863
  18 8.18633 126 1.18869
  19 9.18633 134 1.37607
  20 10.1863 138 1.28551
  21 11.1863 111 1.21547
  22 12.1863 114 1.03926
  23 13.1863 129 1.1434
  24 14.1863 116 1.30375
  25 15.1863 125 1.23649
  26 16.1863 127 1.24004
  27 17.1863 122 1.2341
  28 18.1863 112 1.15057
  29 19.1863 119 0.945003
  30 20.1863 66 0.628616
17350000 30 3640
  1 -8.81367 81 0.842616
  2 -7.81367 151 1.48003
  3 -6.81367 124 1.17575
  4 -5.81367 119 1.15936
  5 -4.81367 117 1.09113
  6 -3.81367 139 1.41656
  7 -2.81367 135 1.31481
  8 -1.81367 121 1.20907
  9 -0.813671 127 1.25898
  10 0.186329 111 1.00554
  11 1.18633 99 0.970591
  12 2.18633 116 1.07628
  13 3.18633 133 1.2937
  14 4.18633 127 1.32974
  15 5.18633 143 1.31364
  16 6.18633 122 1.09611
  17 7.18633 117 1.11598
  18 8.18633 118 1.07383
  19 9.18633 140 1.50485
  20 10.1863 133 1.22041
  21 11.1863 117 1.27245
  22 12.1863 119 1.14699
  23 13.1863 133 1.31617
  24 14.1863 121 1.22411
  25 15.1863 125 1.27994
  26 16.1863 111 1.10966
  27 17.1863 125 1.31239
  28 18.1863 116 1.09364
  29 19.1863 116 1.06752
  30 20.1863 84 0.733252
17360000 30 3640
  1 -8.81367 96 0.918447
  2 -7.81367 140 1.32227
  3 -6.81367 116 1.17257
  4 -5.81367 134 1.29093
  5 -4.81367 113 1.17625
  6 -3.81367 128 1.24862
  7 -2.81367 140 1.33963
  8 -1.81367 119 1.14141
  9 -0.813671 127 1.26984
  10 0.186329 103 0.943491
  11 1.18633 98 1.01806
  12 2.18633 125 1.16154
  13 3.18633 139 1.42185
  14 4.18633 118 1.15142
  15 5.18633 137 1.28615
  16 6.18633 121 1.18877
  17 7.18633 134 1.18523
  18 8.18633 107 1.01317
  19 9.18633 143 1.43798
  20 10.1863 135 1.3608
  21 11.1863 123 1.31464
  22 12.1863 116 1.07051
  23 13.1863 134 1.2748
  24 14.1863 125 1.24748
  25 15.1863 110 1.15642
  26 16.1863 124 1.2822
  27 17.1863 112 1.19996
  28 18.1863 118 1.16883
  29 19.1863 117 1.05191
  30 20.1863 88 0.787621
17370000 30 3640
  1 -8.81367 77 0.78207
  2 -7.81367 149 1.38948
  3 -6.81367 116 1.13004
  4 -5.81367 132 1.26399
  5 -4.81367 113 1.09926
  6 -3.81367 136 1.36598
  7 -2.81367 126 1.20383
  8 -1.81367 136 1.29225
  9 -0.813671 117 1.16811
  10 0.186329 109 0.972782
  11 1.18633 106 1.06126
  12 2.18633 126 1.22601
  13 3.18633 125 1.25669
  14 4.18633 132 1.28113
  15 5.18633 124 1.13882
  16 6.18633 138 1.22598
  17 7.18633 119 1.16945
  18 8.18633 124 1.14108
  19 9.18633 148 1.47557
  20 10.1863 135 1.35005
  21 11.1863 114 1.23314
  22 12.1863 115 0.988774
  23 13.1863 124 1.09569
  24 14.1863 117 1.27387
  25 15.1863 116 1.14719
  26 16.1863 127 1.28243
  27 17.1863 120 1.2641
  28 18.1863 117 1.09187
  29 19.1863 124 1.04412
  30 20.1863 78 0.715644
17380000 30 3640
  1 -8.81367 107 1.09835
  2 -7.81367 145 1.37261
  3 -6.81367 119 1.20478
  4 -5.81367 116 1.1508
  5 -4.81367 121 1.13215
  6 -3.81367 136 1.39502
  7 -2.81367 131 1.32873
  8 -1.81367 125 1.20094
  9 -0.813671 111 1.08469
  10 0.186329 107 0.995675
  11 1.18633 99 1.06822
  12 2.18633 126 1.19112
  13 3.18633 124 1.25986
  14 4.18633 136 1.32866
  15 5.18633 128 1.28749
  16 6.18633 115 1.03702
  17 7.18633 134 1.25237
  18 8.18633 105 0.952003
  19 9.18633 149 1.49654
  20 10.1863 130 1.22608
  21 11.1863 116 1.35609
  22 12.1863 123 1.11085
  23 13.1863 123 1.2411
  24 14.1863 130 1.35145
  25 15.1863 119 1.15587
  26 16.1863 113 1.17333
  27 17.1863 118 1.22602
  28 18.1863 118 1.24232
  29 19.1863 120 1.07335
  30 20.1863 96 0.786579
17390000 30 3640
  1 -8.81367 95 0.961545
  2 -7.81367 130 1.26798
  3 -6.81367 128 1.238
  4 -5.81367 123 1.22548
  5 -4.81367 123 1.12847
  6 -3.81367 134 1.33509
  7 -2.81367 130 1.36127
  8 -1.81367 123 1.10477
  9 -0.813671 125 1.2505
  10 0.186329 112 1.03017
  11 1.18633 104 1.07241
  12 2.18633 124 1.17585
  13 3.18633 131 1.25793
  14 4.18633 121 1.22684
  15 5.18633 151 1.45977
  16 6.18633 113 1.06494
  17 7.18633 126 1.18207
  18 8.18633 115 1.00021
  19 9.18633 155 1.64396
  20 10.1863 118 1.19317
  21 11.1863 117 1.26652
  22 12.1863 128 1.10736
  23 13.1863 111 1.08252
  24 14.1863 126 1.3389
  25 15.1863 116 1.12833
  26 16.1863 127 1.23178
  27 17.1863 118 1.3238
  28 18.1863 115 1.19203
  29 19.1863 120 0.994078
  30 20.1863 81 0.738566
17400000 30 3640
  1 -8.81367 113 1.15959
  2 -7.81367 133 1.38092
  3 -6.81367 122 1.09547
  4 -5.81367 121 1.23493
  5 -4.81367 121 1.25255
  6 -3.81367 127 1.24387
  7 -2.81367 127 1.24753
  8 -1.81367 140 1.35073
  9 -0.813671 107 1.09169
  10 0.186329 104 0.983632
  11 1.18633 118 1.23759
  12 2.18633 126 1.1722
  13 3.18633 121 1.26777
  14 4.18633 133 1.23249
  15 5.18633 123 1.15588
  16 6.18633 116 1.18597
  17 7.18633 125 1.07923
  18 8.18633 121 1.1923
  19 9.18633 141 1.46267
  20 10.1863 125 1.21494
  21 11.1863 125 1.33674
  22 12.1863 120 1.14948
  23 13.1863 112 1.00257
  24 14.1863 125 1.41476
  25 15.1863 124 1.26276
  26 16.1863 124 1.26507
  27 17.1863 128 1.33693
  28 18.1863 101 1.0577
  29 19.1863 118 1.00756
  30 20.1863 99 0.856518
17410000 30 3640
  1 -8.81367 124 1.22425
  2 -7.81367 139 1.38989
  3 -6.81367 112 1.16596
  4 -5.81367 127 1.23171
  5 -4.81367 117 1.14705
  6 -3.81367 141 1.42387
  7 -2.81367 113 1.20516
  8 -1.81367 138 1.31651
  9 -0.813671 119 1.22932
  10 0.186329 98 0.949837
  11 1.18633 105 1.01056
  12 2.18633 135 1.23186
  13 3.18633 125 1.32785
  14 4.18633 121 1.21656
  15 5.18633 125 1.23187
  16 6.18633 128 1.16861
  17 7.18633 113 1.1066
  18 8.18633 110 1.07121
  19 9.18633 147 1.45698
  20 10.1863 130 1.3316
  21 11.1863 106 1.1406
  22 12.1863 128 1.18126
  23 13.1863 119 1.25072
  24 14.1863 120 1.15726
  25 15.1863 115 1.2204
  26 16.1863 123 1.26961
  27 17.1863 109 1.09774
  28 18.1863 123 1.36075
  29 19.1863 116 1.01061
  30 20.1863 114 1.00546
17420000 30 3640
  1 -8.81367 95 0.853937
  2 -7.81367 156 1.56236
  3 -6.81367 122 1.07314
  4 -5.81367 128 1.3417
  5 -4.81367 134 1.26098
  6 -3.81367 122 1.22354
  7 -2.81367 135 1.37549
  8 -1.81367 124 1.1738
  9 -0.813671 128 1.21004
  10 0.186329 101 1.03449
  11 1.18633 106 1.04938
  12 2.18633 121 1.20623
  13 3.18633 139 1.27239
  14 4.18633 122 1.21353
  15 5.18633 127 1.24735
  16 6.18633 131 1.2473
  17 7.18633 113 1.01706
  18 8.18633 121 1.11303
  19 9.18633 145 1.47258
  20 10.1863 131 1.33553
  21 11.1863 113 1.14018
  22 12.1863 119 1.13775
  23 13.1863 129 1.25857
  24 14.1863 116 1.23991
  25 15.1863 119 1.12154
  26 16.1863 118 1.25962
  27 17.1863 123 1.24852
  28 18.1863 113 1.08055
  29 19.1863 97 0.888853
  30 20.1863 92 0.904898
17430000 30 3640
  1 -8.81367 76 0.804376
  2 -7.81367 143 1.32984
  3 -6.81367 118 1.13865
  4 -5.81367 128 1.28159
  5 -4.81367 120 1.10287
  6 -3.81367 130 1.2989
  7 -2.81367 131 1.30511
  8 -1.81367 124 1.22612
  9 -0.813671 107 1.03013
  10 0.186329 124 1.14369
  11 1.18633 104 1.04488
  12 2.18633 132 1.28174
  13 3.18633 128 1.25339
  14 4.18633 142 1.33851
  15 5.18633 133 1.32606
  16 6.18633 118 1.05725
  17 7.18633 123 1.10049
  18 8.18633 114 1.02522
  19 9.18633 136 1.42596
  20 10.1863 130 1.25709
  21 11.1863 124 1.27289
  22 12.1863 127 1.1819
  23 13.1863 113 1.11642
  24 14.1863 135 1.32505
  25 15.1863 119 1.215
  26 16.1863 123 1.24826
  27 17.1863 127 1.30278
  28 18.1863 114 1.12872
  29 19.1863 116 1.00919
  30 20.1863 81 0.67237
17440000 30 3640
  1 -8.81367 84 0.888853
  2 -7.81367 141 1.36653
  3 -6.81367 124 1.2122
  4 -5.81367 121 1.21849
  5 -4.81367 113 1.08939
  6 -3.81367 144 1.40156
  7 -2.81367 131 1.34009
  8 -1.81367 123 1.20344
  9 -0.813671 124 1.25118
  10 0.186329 118 1.15215
  11 1.18633 106 0.944174
  12 2.18633 125 1.17976
  13 3.18633 127 1.32381
  14 4.18633 124 1.30624
  15 5.18633 142 1.35776
  16 6.18633 119 1.08318
  17 7.18633 121 1.13462
  18 8.18633 129 1.23118
  19 9.18633 140 1.36402
  20 10.1863 123 1.30118
  21 11.1863 124 1.26481
  22 12.1863 122 1.14218
  23 13.1863 106 1.10067
  24 14.1863 134 1.35525
  25 15.1863 113 1.05439
  26 16.1863 117 1.2636
  27 17.1863 124 1.37014
  28 18.1863 121 1.16967
  29 19.1863 118 1.02811
  30 20.1863 82 0.718398
17450000 30 3640
  1 -8.81367 84 0.839415
  2 -7.81367 140 1.32729
  3 -6.81367 126 1.17363
  4 -5.81367 139 1.36031
  5 -4.81367 114 1.0704
  6 -3.81367 137 1.32592
  7 -2.81367 131 1.29525
  8 -1.81367 127 1.24729
  9 -0.813671 115 1.10125
  10 0.186329 109 1.02253
  11 1.18633 99 0.973312
  12 2.18633 133 1.2118
  13 3.18633 134 1.34066
  14 4.18633 118 1.11597
  15 5.18633 130 1.30141
  16 6.18633 130 1.14422
  17 7.18633 115 1.04708
  18 8.18633 129 1.18605
  19 9.18633 138 1.3665
  20 10.1863 137 1.4574
  21 11.1863 117 1.2153
  22 12.1863 109 0.98813
  23 13.1863 122 1.16751
  24 14.1863 121 1.20317
  25 15.1863 122 1.15767
  26 16.1863 124 1.22636
  27 17.1863 121 1.34688
  28 18.1863 122 1.13433
  29 19.1863 115 1.02252
  30 20.1863 82 0.741031
17460000 30 3640
  1 -8.81367 90 0.90532
  2 -7.81367 132 1.16183
  3 -6.81367 124 1.35221
  4 -5.81367 129 1.20041
  5 -4.81367 127 1.16933
  6 -3.81367 129 1.31484
  7 -2.81367 131 1.32364
  8 -1.81367 131 1.24397
  9 -0.813671 114 1.14803
  10 0.186329 107 0.98019
  11 1.18633 117 1.29251
  12 2.18633 130 1.15569
  13 3.18633 134 1.25535
  14 4.18633 114 1.19901
  15 5.18633 139 1.31871
  16 6.18633 127 1.17181
  17 7.18633 123 1.18182
  18 8.18633 124 1.13697
  19 9.18633 141 1.37852
  20 10.1863 125 1.35088
  21 11.1863 122 1.2962
  22 12.1863 107 0.982481
  23 13.1863 126 1.20294
  24 14.1863 113 1.11827
  25 15.1863 119 1.21662
  26 16.1863 119 1.2078
  27 17.1863 133 1.40583
  28 18.1863 118 1.20164
  29 19.1863 109 0.830818
  30 20.1863 86 0.872849
17470000 30 3640
  1 -8.81367 98 1.03595
  2 -7.81367 150 1.40585
  3 -6.81367 120 1.15106
  4 -5.81367 129 1.30174
  5 -4.81367 127 1.15607
  6 -3.81367 130 1.37835
  7 -2.81367 129 1.24373
  8 -1.81367 127 1.20541
  9 -0.813671 118 1.14123
  10 0.186329 113 1.07938
  11 1.18633 108 1.15601
  12 2.18633 131 1.16105
  13 3.18633 119 1.11909
  14 4.18633 141 1.40563
  15 5.18633 129 1.28455
  16 6.18633 117 1.01514
  17 7.18633 124 1.09179
  18 8.18633 124 1.203
  19 9.18633 135 1.36861
  20 10.1863 126 1.23139
  21 11.1863 121 1.26469
  22 12.1863 122 1.19067
  23 13.1863 119 1.16581
  24 14.1863 119 1.14872
  25 15.1863 125 1.27337
  26 16.1863 99 1.04093
  27 17.1863 130 1.31429
  28 18.1863 121 1.12389
  29 19.1863 104 0.914971
  30 20.1863 85 0.750523
17480000 30 3640
  1 -8.81367 88 0.896791
  2 -7.81367 154 1.51193
  3 -6.81367 112 1.05363
  4 -5.81367 119 1.14251
  5 -4.81367 125 1.21666
  6 -3.81367 137 1.32406
  7 -2.81367 130 1.30064
  8 -1.81367 129 1.27466
  9 -0.813671 118 1.16492
  10 0.186329 104 0.969663
  11 1.18633 97 1.04132
  12 2.18633 131 1.14892
  13 3.18633 136 1.33403
  14 4.18633 125 1.21051
  15 5.18633 137 1.28466
  16 6.18633 117 1.1228
  17 7.18633 131 1.09949
  18 8.18633 113 1.06731
  19 9.18633 143 1.4833
  20 10.1863 133 1.32054
  21 11.1863 115 1.24126
  22 12.1863 114 1.00059
  23 13.1863 127 1.17847
  24 14.1863 122 1.35006
  25 15.1863 127 1.20803
  26 16.1863 108 1.10054
  27 17.1863 115 1.17466
  28 18.1863 123 1.23518
  29 19.1863 114 0.957448
  30 20.1863 96 0.875755
17490000 30 3640
  1 -8.81367 115 1.12224
  2 -7.81367 140 1.34038
  3 -6.81367 107 1.07204
  4 -5.81367 132 1.31016
  5 -4.81367 122 1.14734
  6 -3.81367 126 1.3639
  7 -2.81367 136 1.33163
  8 -1.81367 132 1.2789
  9 -0.813671 126 1.25141
  10 0.186329 98 0.936667
  11 1.18633 106 1.14478
  12 2.18633 131 1.15875
  13 3.18633 123 1.22875
  14 4.18633 122 1.17486
  15 5.18633 145 1.41564
  16 6.18633 123 1.12724
  17 7.18633 113 1.10963
  18 8.18633 120 1.13614
  19 9.18633 144 1.44068
  20 10.1863 127 1.3302
  21 11.1863 121 1.29512
  22 12.1863 109 0.983058
  23 13.1863 119 1.17113
  24 14.1863 116 1.24142
  25 15.1863 129 1.18365
  26 16.1863 119 1.29759
  27 17.1863 108 1.10221
  28 18.1863 118 1.17355
  29 19.1863 113 1.04073
  30 20.1863 100 0.912879
17500000 30 3640
  1 -8.81367 95 0.968139
  2 -7.81367 147 1.48148
  3 -6.81367 111 1.06202
  4 -5.81367 138 1.3325
  5 -4.81367 120 1.16222
  6 -3.81367 132 1.4125
  7 -2.81367 132 1.28737
  8 -1.81367 127 1.19729
  9 -0.813671 116 1.12098
  10 0.186329 101 0.995659
  11 1.18633 120 1.19489
  12 2.18633 133 1.27871
  13 3.18633 113 1.06593
  14 4.18633 131 1.36112
  15 5.18633 133 1.25617
  16 6.18633 117 1.16348
  17 7.18633 120 1.06838
  18 8.18633 123 1.12847
  19 9.18633 133 1.28877
  20 10.1863 133 1.40258
  21 11.1863 113 1.1546
  22 12.1863 120 1.25609
  23 13.1863 123 1.14851
  24 14.1863 126 1.26998
  25 15.1863 116 1.21848
  26 16.1863 118 1.15592
  27 17.1863 122 1.27621
  28 18.1863 114 1.18718
  29 19.1863 118 1.03833
  30 20.1863 95 0.846663
17510000 30 3640
  1 -8.81367 96 0.840807
  2 -7.81367 137 1.41996
  3 -6.81367 117 1.0871
  4 -5.81367 130 1.29119
  5 -4.81367 120 1.06357
  6 -3.81367 134 1.43849
  7 -2.81367 127 1.21823
  8 -1.81367 119 1.18972
  9 -0.813671 129 1.16881
  10 0.186329 98 0.957082
  11 1.18633 104 1.1625
  12 2.18633 129 1.10826
  13 3.18633 136 1.37561
  14 4.18633 123 1.18727
  15 5.18633 125 1.14036
  16 6.18633 127 1.22444
  17 7.18633 135 1.17505
  18 8.18633 111 1.04254
  19 9.18633 148 1.48064
  20 10.1863 123 1.33461
  21 11.1863 126 1.31835
  22 12.1863 116 1.09325
  23 13.1863 129 1.11699
  24 14.1863 124 1.32847
  25 15.1863 108 1.06095
  26 16.1863 127 1.30366
  27 17.1863 126 1.31607
  28 18.1863 111 1.0845
  29 19.1863 122 1.05127
  30 20.1863 83 0.792359
17520000 30 3640
  1 -8.81367 100 0.977638
  2 -7.81367 157 1.54112
  3 -6.81367 101 0.975263
  4 -5.81367 123 1.16217
  5 -4.81367 126 1.22692
  6 -3.81367 140 1.42642
  7 -2.81367 124 1.33289
  8 -1.81367 129 1.1996
  9 -0.813671 106 1.00766
  10 0.186329 110 1.07748
  11 1.18633 111 1.07749
  12 2.18633 121 1.17342
  13 3.18633 135 1.37168
  14 4.18633 130 1.23944
  15 5.18633 131 1.25578
  16 6.18633 119 1.09985
  17 7.18633 126 1.08997
  18 8.18633 103 1.0313
  19 9.18633 146 1.39284
  20 10.1863 132 1.40033
  21 11.1863 117 1.27789
  22 12.1863 111 1.08494
  23 13.1863 126 1.15725
  24 14.1863 120 1.252
  25 15.1863 115 1.16588
  26 16.1863 135 1.30803
  27 17.1863 114 1.2383
  28 18.1863 117 1.11225
  29 19.1863 114 1.04878
  30 20.1863 101 0.921595
17530000 30 3640
  1 -8.81367 85 0.902712
  2 -7.81367 139 1.27058
  3 -6.81367 121 1.20774
  4 -5.81367 123 1.13768
  5 -4.81367 131 1.24592
  6 -3.81367 122 1.19541
  7 -2.81367 138 1.44624
  8 -1.81367 123 1.15619
  9 -0.813671 118 1.07022
  10 0.186329 113 1.0061
  11 1.18633 102 1.1918
  12 2.18633 130 1.13038
  13 3.18633 134 1.26942
  14 4.18633 122 1.24096
  15 5.18633 145 1.35539
  16 6.18633 113 1.01108
  17 7.18633 127 1.1439
  18 8.18633 108 0.969295
  19 9.18633 156 1.61848
  20 10.1863 122 1.2483
  21 11.1863 111 1.16719
  22 12.1863 126 1.08361
  23 13.1863 125 1.25574
  24 14.1863 100 1.03695
  25 15.1863 131 1.22012
  26 16.1863 116 1.18063
  27 17.1863 129 1.3222
  28 18.1863 120 1.16849
  29 19.1863 112 1.00613
  30 20.1863 98 0.880707
17540000 30 3640
  1 -8.81367 90 0.988572
  2 -7.81367 151 1.3854
  3 -6.81367 126 1.27697
  4 -5.81367 125 1.24166
  5 -4.81367 128 1.23041
  6 -3.81367 141 1.46574
  7 -2.81367 129 1.33614
  8 -1.81367 138 1.29966
  9 -0.813671 101 1.02272
  10 0.186329 110 1.05796
  11 1.18633 113 1.13347
  12 2.18633 118 1.06298
  13 3.18633 133 1.37396
  14 4.18633 125 1.2065
  15 5.18633 124 1.26316
  16 6.18633 121 1.09948
  17 7.18633 126 1.13731
  18 8.18633 128 1.20408
  19 9.18633 138 1.47829
  20 10.1863 121 1.22288
  21 11.1863 113 1.22784
  22 12.1863 115 1.05658
  23 13.1863 126 1.2167
  24 14.1863 114 1.21271
  25 15.1863 113 1.15484
  26 16.1863 119 1.24548
  27 17.1863 116 1.19002
  28 18.1863 116 1.21655
  29 19.1863 121 1.08565
  30 20.1863 101 0.886674
17550000 30 3640
  1 -8.81367 82 0.83524
  2 -7.81367 145 1.3844
  3 -6.81367 120 1.1549
  4 -5.81367 122 1.22677
  5 -4.81367 140 1.28514
  6 -3.81367 118 1.18585
  7 -2.81367 139 1.40771
  8 -1.81367 125 1.2008
  9 -0.813671 113 0.998955
  10 0.186329 112 1.17112
  11 1.18633 119 1.1563
  12 2.18633 128 1.24792
  13 3.18633 138 1.31862
  14 4.18633 114 1.14143
  15 5.18633 156 1.45488
  16 6.18633 111 1.01871
  17 7.18633 112 1.01502
  18 8.18633 120 1.12899
  19 9.18633 142 1.40774
  20 10.1863 127 1.27153
  21 11.1863 117 1.25769
  22 12.1863 128 1.17608
  23 13.1863 116 1.11664
  24 14.1863 113 1.24914
  25 15.1863 121 1.12278
  26 16.1863 116 1.16979
  27 17.1863 118 1.27635
  28 18.1863 124 1.17986
  29 19.1863 112 0.974171
  30 20.1863 92 0.871156
17560000 30 3640
  1 -8.81367 109 1.07437
  2 -7.81367 131 1.36776
  3 -6.81367 118 1.14548
  4 -5.81367 134 1.28529
  5 -4.81367 119 1.05313
  6 -3.81367 132 1.43134
  7 -2.81367 119 1.17788
  8 -1.81367 136 1.27665
  9 -0.813671 115 1.18911
  10 0.186329 122 1.16688
  11 1.18633 104 1.04566
  12 2.18633 121 1.02192
  13 3.18633 131 1.4452
  14 4.18633 127 1.22037
  15 5.18633 131 1.22928
  16 6.18633 127 1.14804
  17 7.18633 119 1.14296
  18 8.18633 118 1.14553
  19 9.18633 142 1.32294
  20 10.1863 126 1.31406
  21 11.1863 121 1.28395
  22 12.1863 114 1.05938
  23 13.1863 120 1.2828
  24 14.1863 127 1.23931
  25 15.1863 118 1.21283
  26 16.1863 129 1.31277
  27 17.1863 111 1.21412
  28 18.1863 115 1.07809
  29 19.1863 112 0.932015
  30 20.1863 92 0.869362
17570000 30 3640
  1 -8.81367 117 1.1739
  2 -7.81367 141 1.37802
  3 -6.81367 112 1.11167
  4 -5.81367 122 1.15271
  5 -4.81367 131 1.26599
  6 -3.81367 131 1.33063
  7 -2.81367 128 1.33565
  8 -1.81367 114 1.05683
  9 -0.813671 126 1.23623
  10 0.186329 108 1.07563
  11 1.18633 97 0.969792
  12 2.18633 131 1.26981
  13 3.18633 134 1.28106
  14 4.18633 123 1.17508
  15 5.18633 123 1.11678
  16 6.18633 131 1.32568
  17 7.18633 118 1.06441
  18 8.18633 122 1.0894
  19 9.18633 139 1.4104
  20 10.1863 123 1.22122
  21 11.1863 123 1.3393
  22 12.1863 116 1.09046
  23 13.1863 119 1.15529
  24 14.1863 124 1.22009
  25 15.1863 119 1.26092
  26 16.1863 111 1.08796
  27 17.1863 121 1.33188
  28 18.1863 114 1.06946
  29 19.1863 120 1.08309
  30 20.1863 102 0.886433
17580000 30 3640
  1 -8.81367 84 0.853681
  2 -7.81367 164 1.59874
  3 -6.81367 112 1.02823
  4 -5.81367 135 1.34235
  5 -4.81367 108 0.992395
  6 -3.81367 131 1.29045
  7 -2.81367 132 1.39679
  8 -1.81367 124 1.14329
  9 -0.813671 122 1.12977
  10 0.186329 104 1.04556
  11 1.18633 112 1.12105
  12 2.18633 125 1.18292
  13 3.18633 138 1.30055
  14 4.18633 118 1.14326
  15 5.18633 126 1.21255
  16 6.18633 127 1.24354
  17 7.18633 122 1.08148
  18 8.18633 126 1.15336
  19 9.18633 147 1.44637
  20 10.1863 124 1.27439
  21 11.1863 108 1.13696
  22 12.1863 118 1.12099
  23 13.1863 121 1.2003
  24 14.1863 120 1.21753
  25 15.1863 118 1.19646
  26 16.1863 132 1.26697
  27 17.1863 132 1.3759
  28 18.1863 113 1.17787
  29 19.1863 116 0.950435
  30 20.1863 81 0.726322
17590000 30 3640
  1 -8.81367 74 0.784121
  2 -7.81367 151 1.52237
  3 -6.81367 123 1.18553
  4 -5.81367 123 1.12714
  5 -4.81367 121 1.25131
  6 -3.81367 130 1.20794
  7 -2.81367 138 1.40664
  8 -1.81367 117 1.17555
  9 -0.813671 123 1.13971
  10 0.186329 109 1.07751
  11 1.18633 108 1.1346
  12 2.18633 125 1.14216
  13 3.18633 122 1.10366
  14 4.18633 129 1.40662
  15 5.18633 135 1.2577
  16 6.18633 131 1.16575
  17 7.18633 118 1.0713
  18 8.18633 117 1.08871
  19 9.18633 148 1.52227
  20 10.1863 123 1.26257
  21 11.1863 124 1.24641
  22 12.1863 113 1.07618
  23 13.1863 121 1.20416
  24 14.1863 111 1.14953
  25 15.1863 139 1.36706
  26 16.1863 104 1.12336
  27 17.1863 127 1.24892
  28 18.1863 110 1.09241
  29 19.1863 126 1.07132
  30 20.1863 100 0.892315
17600000 30 3640
  1 -8.81367 99 0.933387
  2 -7.81367 135 1.34757
  3 -6.81367 126 1.25271
  4 -5.81367 123 1.20406
  5 -4.81367 126 1.14801
  6 -3.81367 123 1.31496
  7 -2.81367 141 1.41493
  8 -1.81367 120 1.12924
  9 -0.813671 122 1.17548
  10 0.186329 99 1.04191
  11 1.18633 109 1.02957
  12 2.18633 129 1.11561
  13 3.18633 118 1.29144
  14 4.18633 125 1.25011
  15 5.18633 146 1.4151
  16 6.18633 119 1.08308
  17 7.18633 114 1.01578
  18 8.18633 131 1.20919
  19 9.18633 144 1.45859
  20 10.1863 112 1.24018
  21 11.1863 130 1.23274
  22 12.1863 120 1.13432
  23 13.1863 121 1.21785
  24 14.1863 120 1.31894
  25 15.1863 124 1.18912
  26 16.1863 111 1.15287
  27 17.1863 129 1.28781
  28 18.1863 110 1.08677
  29 19.1863 120 1.09685
  30 20.1863 94 0.861032
17610000 30 3640
  1 -8.81367 94 0.939959
  2 -7.81367 138 1.35663
  3 -6.81367 115 1.13333
  4 -5.81367 136 1.2538
  5 -4.81367 119 1.14087
  6 -3.81367 127 1.33041
  7 -2.81367 133 1.26615
  8 -1.81367 121 1.16194
  9 -0.813671 122 1.22393
  10 0.186329 114 1.1062
  11 1.18633 106 1.04673
  12 2.18633 123 1.14217
  13 3.18633 134 1.34305
  14 4.18633 120 1.22266
  15 5.18633 134 1.16459
  16 6.18633 125 1.17188
  17 7.18633 119 1.06158
  18 8.18633 122 1.09638
  19 9.18633 137 1.48046
  20 10.1863 134 1.40126
  21 11.1863 116 1.1482
  22 12.1863 119 1.12854
  23 13.1863 117 1.11611
  24 14.1863 123 1.27727
  25 15.1863 120 1.16449
  26 16.1863 122 1.29577
  27 17.1863 127 1.30956
  28 18.1863 117 1.11232
  29 19.1863 122 1.0827
  30 20.1863 84 0.750306
17620000 30 3640
  1 -8.81367 99 0.954677
  2 -7.81367 148 1.4793
  3 -6.81367 113 1.13069
  4 -5.81367 132 1.28684
  5 -4.81367 118 1.07081
  6 -3.81367 133 1.38421
  7 -2.81367 123 1.23317
  8 -1.81367 136 1.23823
  9 -0.813671 102 1.01208
  10 0.186329 110 1.07712
  11 1.18633 108 1.12943
  12 2.18633 133 1.25207
  13 3.18633 119 1.15202
  14 4.18633 140 1.38557
  15 5.18633 127 1.28567
  16 6.18633 121 1.10702
  17 7.18633 126 1.13709
  18 8.18633 112 1.04218
  19 9.18633 142 1.46553
  20 10.1863 135 1.36802
  21 11.1863 114 1.22927
  22 12.1863 105 0.942226
  23 13.1863 127 1.22696
  24 14.1863 122 1.24575
  25 15.1863 112 1.18312
  26 16.1863 131 1.26189
  27 17.1863 116 1.25073
  28 18.1863 128 1.28687
  29 19.1863 109 0.944669
  30 20.1863 99 0.933287
17630000 30 3640
  1 -8.81367 107 0.940342
  2 -7.81367 144 1.4123
  3 -6.81367 110 1.09304
  4 -5.81367 131 1.3321
  5 -4.81367 121 1.09937
  6 -3.81367 137 1.38218
  7 -2.81367 126 1.35581
  8 -1.81367 121 1.1569
  9 -0.813671 127 1.24339
  10 0.186329 108 0.987919
  11 1.18633 116 1.17079
  12 2.18633 115 1.1131
  13 3.18633 128 1.27336
  14 4.18633 119 1.21686
  15 5.18633 136 1.28465
  16 6.18633 127 1.14698
  17 7.18633 117 1.07309
  18 8.18633 123 1.13196
  19 9.18633 139 1.51237
  20 10.1863 132 1.3346
  21 11.1863 116 1.12683
  22 12.1863 128 1.23583
  23 13.1863 96 0.97159
  24 14.1863 127 1.34604
  25 15.1863 118 1.1956
  26 16.1863 124 1.19319
  27 17.1863 124 1.30222
  28 18.1863 108 1.15798
  29 19.1863 124 1.06437
  30 20.1863 91 0.916529
17640000 30 3640
  1 -8.81367 120 1.19809
  2 -7.81367 133 1.27215
  3 -6.81367 113 1.17536
  4 -5.81367 125 1.19801
  5 -4.81367 121 1.16668
  6 -3.81367 120 1.21177
  7 -2.81367 131 1.30973
  8 -1.81367 135 1.35101
  9 -0.813671 122 1.19816
  10 0.186329 102 1.0212
  11 1.18633 113 1.1304
  12 2.18633 136 1.24832
  13 3.18633 117 1.20438
  14 4.18633 128 1.17043
  15 5.18633 130 1.34359
  16 6.18633 110 0.986135
  17 7.18633 133 1.24827
  18 8.18633 113 1.0777
  19 9.18633 142 1.39256
  20 10.1863 119 1.24442
  21 11.1863 126 1.40479
  22 12.1863 124 1.09029
  23 13.1863 110 1.05397
  24 14.1863 122 1.35987
  25 15.1863 113 1.05377
  26 16.1863 125 1.27573
  27 17.1863 111 1.19675
  28 18.1863 117 1.22567
  29 19.1863 126 1.01763
  30 20.1863 103 1.01487
17650000 30 3640
  1 -8.81367 73 0.694551
  2 -7.81367 153 1.50716
  3 -6.81367 117 1.06428
  4 -5.81367 135 1.39129
  5 -4.81367 122 1.104
  6 -3.81367 133 1.34655
  7 -2.81367 135 1.38142
  8 -1.81367 132 1.27323
  9 -0.813671 109 1.0331
  10 0.186329 108 1.02065
  11 1.18633 115 1.16258
  12 2.18633 132 1.30436
  13 3.18633 130 1.2111
  14 4.18633 133 1.25448
  15 5.18633 134 1.37407
  16 6.18633 120 1.0667
  17 7.18633 114 1.04551
  18 8.18633 124 1.17375
  19 9.18633 145 1.47111
  20 10.1863 128 1.3602
  21 11.1863 108 1.11634
  22 12.1863 117 1.12887
  23 13.1863 118 1.08907
  24 14.1863 119 1.17993
  25 15.1863 121 1.29434
  26 16.1863 118 1.20356
  27 17.1863 120 1.19228
  28 18.1863 119 1.26691
  29 19.1863 112 0.928623
  30 20.1863 96 0.918535
17660000 30 3640
  1 -8.81367 84 0.790141
  2 -7.81367 151 1.43708
  3 -6.81367 120 1.22999
  4 -5.81367 128 1.21154
  5 -4.81367 119 1.07237
  6 -3.81367 136 1.40119
  7 -2.81367 123 1.20539
  8 -1.81367 138 1.33104
  9 -0.813671 119 1.16111
  10 0.186329 114 1.01818
  11 1.18633 112 1.19802
  12 2.18633 123 1.11298
  13 3.18633 137 1.23271
  14 4.18633 121 1.30141
  15 5.18633 142 1.29051
  16 6.18633 120 1.12898
  17 7.18633 119 1.09574
  18 8.18633 121 1.10078
  19 9.18633 148 1.43835
  20 10.1863 131 1.3914
  21 11.1863 119 1.22133
  22 12.1863 113 1.09198
  23 13.1863 131 1.20795
  24 14.1863 117 1.17718
  25 15.1863 125 1.22509
  26 16.1863 113 1.19657
  27 17.1863 120 1.27076
  28 18.1863 121 1.1044
  29 19.1863 113 0.966386
  30 20.1863 62 0.602656
17670000 30 3640
  1 -8.81367 104 1.01118
  2 -7.81367 150 1.52591
  3 -6.81367 110 1.07477
  4 -5.81367 124 1.17101
  5 -4.81367 116 1.17846
  6 -3.81367 139 1.29976
  7 -2.81367 127 1.3721
  8 -1.81367 126 1.24091
  9 -0.813671 109 1.05744
  10 0.186329 102 0.964831
  11 1.18633 107 1.12488
  12 2.18633 131 1.27473
  13 3.18633 133 1.18119
  14 4.18633 109 1.16215
  15 5.18633 125 1.16734
  16 6.18633 124 1.16111
  17 7.18633 125 1.18729
  18 8.18633 118 1.10245
  19 9.18633 159 1.5722
  20 10.1863 132 1.27722
  21 11.1863 119 1.34078
  22 12.1863 117 1.05238
  23 13.1863 126 1.26231
  24 14.1863 124 1.30104
  25 15.1863 127 1.21733
  26 16.1863 118 1.25837
  27 17.1863 108 1.15222
  28 18.1863 132 1.26732
  29 19.1863 107 0.946178
  30 20.1863 92 0.801118
17680000 30 3640
  1 -8.81367 130 1.30278
  2 -7.81367 136 1.28263
  3 -6.81367 107 1.11734
  4 -5.81367 120 1.13501
  5 -4.81367 128 1.24218
  6 -3.81367 129 1.38456
  7 -2.81367 132 1.37075
  8 -1.81367 121 1.16651
  9 -0.813671 111 1.05066
  10 0.186329 110 1.12498
  11 1.18633 103 1.01274
  12 2.18633 130 1.31161
  13 3.18633 135 1.31796
  14 4.18633 115 1.0921
  15 5.18633 127 1.18302
  16 6.18633 121 1.16284
  17 7.18633 120 1.08971
  18 8.18633 116 1.20812
  19 9.18633 148 1.50073
  20 10.1863 128 1.30279
  21 11.1863 120 1.29756
  22 12.1863 110 0.991251
  23 13.1863 126 1.23356
  24 14.1863 121 1.23967
  25 15.1863 124 1.29516
  26 16.1863 104 1.11856
  27 17.1863 124 1.23967
  28 18.1863 117 1.20817
  29 19.1863 121 1.02168
  30 20.1863 106 1.02654
17690000 30 3640
  1 -8.81367 98 0.996211
  2 -7.81367 150 1.42125
  3 -6.81367 117 1.23666
  4 -5.81367 126 1.09719
  5 -4.81367 116 1.22285
  6 -3.81367 129 1.29277
  7 -2.81367 127 1.25914
  8 -1.81367 138 1.35759
  9 -0.813671 114 1.06733
  10 0.186329 106 1.0361
  11 1.18633 119 1.22055
  12 2.18633 117 1.06728
  13 3.18633 131 1.32527
  14 4.18633 114 1.10213
  15 5.18633 138 1.2655
  16 6.18633 119 1.19673
  17 7.18633 126 1.15328
  18 8.18633 116 1.0411
  19 9.18633 143 1.53215
  20 10.1863 131 1.23551
  21 11.1863 119 1.25783
  22 12.1863 122 1.13199
  23 13.1863 119 1.13218
  24 14.1863 130 1.38001
  25 15.1863 109 1.10087
  26 16.1863 123 1.27899
  27 17.1863 117 1.18324
  28 18.1863 113 1.20667
  29 19.1863 124 1.00006
  30 20.1863 89 0.820312
17700000 30 3640
  1 -8.81367 119 1.1919
  2 -7.81367 137 1.24774
  3 -6.81367 121 1.25857
  4 -5.81367 137 1.28964
  5 -4.81367 109 0.993932
  6 -3.81367 137 1.45405
  7 -2.81367 120 1.17822
  8 -1.81367 141 1.2823
  9 -0.813671 107 1.15847
  10 0.186329 115 1.07317
  11 1.18633 112 1.13005
  12 2.18633 131 1.187
  13 3.18633 123 1.23276
  14 4.18633 114 1.03221
  15 5.18633 129 1.30825
  16 6.18633 125 1.10781
  17 7.18633 117 1.0249
  18 8.18633 125 1.24393
  19 9.18633 124 1.21538
  20 10.1863 140 1.49253
  21 11.1863 115 1.10521
  22 12.1863 114 1.11141
  23 13.1863 115 1.0645
  24 14.1863 133 1.33304
  25 15.1863 116 1.17949
  26 16.1863 125 1.32549
  27 17.1863 110 1.08296
  28 18.1863 129 1.27607
  29 19.1863 109 1.02233
  30 20.1863 91 0.757527
17710000 30 3640
  1 -8.81367 95 0.929154
  2 -7.81367 155 1.44984
  3 -6.81367 98 1.0316
  4 -5.81367 137 1.32829
  5 -4.81367 113 1.06671
  6 -3.81367 130 1.35954
  7 -2.81367 131 1.29834
  8 -1.81367 133 1.32824
  9 -0.813671 116 1.09811
  10 0.186329 103 1.02041
  11 1.18633 113 1.17694
  12 2.18633 121 1.1244
  13 3.18633 119 1.18944
  14 4.18633 133 1.34084
  15 5.18633 126 1.17818
  16 6.18633 132 1.18448
  17 7.18633 125 1.16689
  18 8.18633 123 1.23073
  19 9.18633 143 1.40978
  20 10.1863 123 1.29702
  21 11.1863 119 1.20181
  22 12.1863 116 1.20446
  23 13.1863 122 1.06679
  24 14.1863 116 1.21951
  25 15.1863 135 1.2971
  26 16.1863 106 1.2068
  27 17.1863 125 1.27074
  28 18.1863 114 1.19057
  29 19.1863 124 1.05685
  30 20.1863 94 0.846352
17720000 30 3640
  1 -8.81367 107 1.05226
  2 -7.81367 151 1.48245
  3 -6.81367 104 1.01581
  4 -5.81367 132 1.35429
  5 -4.81367 115 1.06105
  6 -3.81367 137 1.41324
  7 -2.81367 133 1.29927
  8 -1.81367 124 1.19388
  9 -0.813671 117 1.19027
  10 0.186329 106 0.987031
  11 1.18633 102 1.1237
  12 2.18633 134 1.19786
  13 3.18633 113 1.15511
  14 4.18633 130 1.31297
  15 5.18633 130 1.21408
  16 6.18633 131 1.16137
  17 7.18633 117 1.12121
  18 8.18633 122 1.17013
  19 9.18633 135 1.33445
  20 10.1863 135 1.41964
  21 11.1863 115 1.22891
  22 12.1863 131 1.24032
  23 13.1863 105 1.08609
  24 14.1863 123 1.25668
  25 15.1863 119 1.12623
  26 16.1863 116 1.27037
  27 17.1863 124 1.2917
  28 18.1863 114 1.11742
  29 19.1863 115 0.974575
  30 20.1863 103 0.978195
17730000 30 3640
  1 -8.81367 108 1.1646
  2 -7.81367 145 1.34283
  3 -6.81367 103 1.01426
  4 -5.81367 125 1.24606
  5 -4.81367 129 1.22114
  6 -3.81367 130 1.33004
  7 -2.81367 131 1.33515
  8 -1.81367 123 1.18971
  9 -0.813671 107 1.02814
  10 0.186329 120 1.18603
  11 1.18633 107 1.11081
  12 2.18633 128 1.26636
  13 3.18633 129 1.22619
  14 4.18633 120 1.21853
  15 5.18633 143 1.36278
  16 6.18633 117 1.10206
  17 7.18633 117 1.04316
  18 8.18633 117 1.09582
  19 9.18633 150 1.53695
  20 10.1863 118 1.17975
  21 11.1863 111 1.17087
  22 12.1863 113 1.10451
  23 13.1863 117 1.24359
  24 14.1863 137 1.29644
  25 15.1863 125 1.2788
  26 16.1863 111 1.13458
  27 17.1863 136 1.46551
  28 18.1863 110 1.00427
  29 19.1863 114 1.03188
  30 20.1863 99 0.887653
17740000 30 3640
  1 -8.81367 107 1.10062
  2 -7.81367 144 1.422
  3 -6.81367 111 1.07428
  4 -5.81367 129 1.16438
  5 -4.81367 117 1.17675
  6 -3.81367 123 1.24561
  7 -2.81367 127 1.3005
  8 -1.81367 135 1.3281
  9 -0.813671 112 1.10562
  10 0.186329 109 0.994381
  11 1.18633 101 1.08435
  12 2.18633 120 1.12939
  13 3.18633 127 1.23312
  14 4.18633 130 1.27435
  15 5.18633 126 1.27693
  16 6.18633 130 1.17689
  17 7.18633 134 1.19447
  18 8.18633 112 1.11433
  19 9.18633 143 1.46077
  20 10.1863 139 1.3656
  21 11.1863 121 1.35305
  22 12.1863 119 1.07186
  23 13.1863 113 1.02436
  24 14.1863 132 1.39703
  25 15.1863 119 1.20427
  26 16.1863 119 1.21802
  27 17.1863 112 1.18808
  28 18.1863 118 1.20436
  29 19.1863 101 0.864289
  30 20.1863 110 0.982995
17750000 30 3640
  1 -8.81367 92 0.988849
  2 -7.81367 161 1.53201
  3 -6.81367 117 1.16003
  4 -5.81367 119 1.1203
  5 -4.81367 122 1.18108
  6 -3.81367 138 1.31
  7 -2.81367 131 1.41641
  8 -1.81367 122 1.16993
  9 -0.813671 119 1.07848
  10 0.186329 103 0.971672
  11 1.18633 105 1.09561
  12 2.18633 120 1.12173
  13 3.18633 128 1.2307
  14 4.18633 133 1.33975
  15 5.18633 131 1.2505
  16 6.18633 116 1.06591
  17 7.18633 129 1.16385
  18 8.18633 114 1.0003
  19 9.18633 148 1.59988
  20 10.1863 118 1.14391
  21 11.1863 120 1.2307
  22 12.1863 115 1.10429
  23 13.1863 121 1.12654
  24 14.1863 136 1.46133
  25 15.1863 115 1.15251
  26 16.1863 118 1.08321
  27 17.1863 115 1.33841
  28 18.1863 112 1.08569
  29 19.1863 126 1.14274
  30 20.1863 96 0.742578
17760000 30 3640
  1 -8.81367 106 1.01053
  2 -7.81367 144 1.43924
  3 -6.81367 120 1.10404
  4 -5.81367 128 1.32436
  5 -4.81367 119 1.11519
  6 -3.81367 131 1.3692
  7 -2.81367 133 1.32828
  8 -1.81367 123 1.109
  9 -0.813671 124 1.21857
  10 0.186329 99 1.00561
  11 1.18633 105 1.06175
  12 2.18633 126 1.13772
  13 3.18633 134 1.26608
  14 4.18633 117 1.18483
  15 5.18633 137 1.40174
  16 6.18633 127 1.10537
  17 7.18633 115 1.08904
  18 8.18633 123 1.15886
  19 9.18633 139 1.33338
  20 10.1863 129 1.36926
  21 11.1863 109 1.16983
  22 12.1863 123 1.13272
  23 13.1863 127 1.20992
  24 14.1863 111 1.26224
  25 15.1863 126 1.18619
  26 16.1863 117 1.20606
  27 17.1863 123 1.30959
  28 18.1863 109 1.03546
  29 19.1863 114 1.03926
  30 20.1863 102 0.915852
17770000 30 3640
  1 -8.81367 99 0.964907
  2 -7.81367 138 1.40274
  3 -6.81367 126 1.19373
  4 -5.81367 118 1.08737
  5 -4.81367 130 1.18881
  6 -3.81367 123 1.35801
  7 -2.81367 125 1.23947
  8 -1.81367 123 1.1405
  9 -0.813671 123 1.2519
  10 0.186329 113 1.00707
  11 1.18633 111 1.14919
  12 2.18633 125 1.14805
  13 3.18633 115 1.08999
  14 4.18633 140 1.36678
  15 5.18633 133 1.35579
  16 6.18633 132 1.12706
  17 7.18633 114 1.06879
  18 8.18633 119 1.12447
  19 9.18633 146 1.43995
  20 10.1863 128 1.2964
  21 11.1863 124 1.27281
  22 12.1863 118 1.08487
  23 13.1863 125 1.33474
  24 14.1863 122 1.1753
  25 15.1863 127 1.26783
  26 16.1863 111 1.11702
  27 17.1863 125 1.34956
  28 18.1863 109 0.985927
  29 19.1863 117 1.03914
  30 20.1863 81 0.713831
17780000 30 3640
  1 -8.81367 108 0.93053
  2 -7.81367 131 1.31075
  3 -6.81367 125 1.12374
  4 -5.81367 137 1.42444
  5 -4.81367 130 1.28586
  6 -3.81367 128 1.2375
  7 -2.81367 126 1.23267
  8 -1.81367 128 1.26354
  9 -0.813671 115 1.11996
  10 0.186329 110 0.986204
  11 1.18633 107 1.11378
  12 2.18633 127 1.14977
  13 3.18633 125 1.20918
  14 4.18633 118 1.17683
  15 5.18633 127 1.27482
  16 6.18633 137 1.17453
  17 7.18633 114 1.10253
  18 8.18633 120 1.08653
  19 9.18633 143 1.5064
  20 10.1863 127 1.28592
  21 11.1863 122 1.25492
  22 12.1863 113 1.02577
  23 13.1863 124 1.27473
  24 14.1863 110 1.09892
  25 15.1863 134 1.28222
  26 16.1863 121 1.21278
  27 17.1863 111 1.23381
  28 18.1863 113 1.06665
  29 19.1863 120 1.0222
  30 20.1863 89 0.92652
17790000 30 3640
  1 -8.81367 95 0.89908
  2 -7.81367 138 1.36887
  3 -6.81367 115 1.04491
  4 -5.81367 126 1.28953
  5 -4.81367 132 1.1995
  6 -3.81367 135 1.39586
  7 -2.81367 117 1.13026
  8 -1.81367 129 1.20808
  9 -0.813671 122 1.27234
  10 0.186329 111 1.0574
  11 1.18633 101 1.07574
  12 2.18633 128 1.11052
  13 3.18633 133 1.27745
  14 4.18633 119 1.17343
  15 5.18633 133 1.26752
  16 6.18633 131 1.21923
  17 7.18633 119 1.05987
  18 8.18633 118 1.16853
  19 9.18633 147 1.43438
  20 10.1863 123 1.25132
  21 11.1863 119 1.24014
  22 12.1863 115 1.08322
  23 13.1863 118 1.14633
  24 14.1863 116 1.25634
  25 15.1863 125 1.16233
  26 16.1863 140 1.36392
  27 17.1863 107 1.15237
  28 18.1863 121 1.15002
  29 19.1863 116 1.01286
  30 20.1863 91 0.856881
17800000 30 3640
  1 -8.81367 97 1.00232
  2 -7.81367 135 1.34467
  3 -6.81367 123 1.1734
  4 -5.81367 132 1.23176
  5 -4.81367 125 1.27635
  6 -3.81367 126 1.24778
  7 -2.81367 135 1.32851
  8 -1.81367 115 1.01848
  9 -0.813671 128 1.30124
  10 0.186329 109 1.03593
  11 1.18633 106 1.11146
  12 2.18633 119 1.11026
  13 3.18633 116 1.13012
  14 4.18633 132 1.29
  15 5.18633 121 1.16981
  16 6.18633 139 1.20957
  17 7.18633 117 1.11888
  18 8.18633 122 1.07686
  19 9.18633 138 1.49224
  20 10.1863 128 1.27635
  21 11.1863 113 1.19193
  22 12.1863 119 1.11278
  23 13.1863 130 1.19221
  24 14.1863 106 1.15977
  25 15.1863 138 1.31121
  26 16.1863 108 1.10389
  27 17.1863 123 1.25163
  28 18.1863 116 1.17596
  29 19.1863 129 1.11035
  30 20.1863 95 0.884445
17810000 30 3640
  1 -8.81367 126 1.22756
  2 -7.81367 136 1.3602
  3 -6.81367 111 1.10713
  4 -5.81367 125 1.18652
  5 -4.81367 133 1.29938
  6 -3.81367 121 1.21746
  7 -2.81367 134 1.32419
  8 -1.81367 125 1.15186
  9 -0.813671 115 1.13581
  10 0.186329 98 0.931283
  11 1.18633 125 1.2895
  12 2.18633 128 1.12346
  13 3.18633 117 1.10612
  14 4.18633 124 1.31783
  15 5.18633 113 1.07996
  16 6.18633 134 1.20031
  17 7.18633 113 1.08612
  18 8.18633 123 1.02553
  19 9.18633 138 1.4643
  20 10.1863 131 1.32172
  21 11.1863 122 1.30052
  22 12.1863 110 0.993122
  23 13.1863 121 1.22753
  24 14.1863 112 1.21018
  25 15.1863 147 1.39734
  26 16.1863 105 1.03032
  27 17.1863 115 1.2746
  28 18.1863 116 1.06755
  29 19.1863 132 1.11112
  30 20.1863 90 0.855488
17820000 30 3640
  1 -8.81367 105 1.09756
  2 -7.81367 142 1.30785
  3 -6.81367 112 1.05658
  4 -5.81367 135 1.24682
  5 -4.81367 121 1.25543
  6 -3.81367 127 1.34729
  7 -2.81367 131 1.24929
  8 -1.81367 125 1.16105
  9 -0.813671 119 1.17601
  10 0.186329 109 1.0852
  11 1.18633 108 1.07913
  12 2.18633 128 1.20831
  13 3.18633 123 1.14246
  14 4.18633 126 1.29145
  15 5.18633 123 1.18477
  16 6.18633 132 1.14496
  17 7.18633 111 1.05413
  18 8.18633 123 1.15364
  19 9.18633 145 1.47054
  20 10.1863 133 1.41453
  21 11.1863 116 1.15479
  22 12.1863 125 1.15106
  23 13.1863 121 1.16238
  24 14.1863 117 1.24434
  25 15.1863 126 1.24432
  26 16.1863 123 1.27526
  27 17.1863 113 1.22448
  28 18.1863 122 1.13492
  29 19.1863 102 0.857846
  30 20.1863 97 0.938556
17830000 30 3640
  1 -8.81367 87 0.927378
  2 -7.81367 150 1.42913
  3 -6.81367 111 1.06151
  4 -5.81367 135 1.33807
  5 -4.81367 118 1.07625
  6 -3.81367 126 1.31962
  7 -2.81367 133 1.27907
  8 -1.81367 125 1.18317
  9 -0.813671 123 1.21889
  10 0.186329 111 1.0529
  11 1.18633 109 1.09474
  12 2.18633 132 1.2386
  13 3.18633 127 1.19558
  14 4.18633 122 1.20527
  15 5.18633 118 1.08742
  16 6.18633 135 1.18203
  17 7.18633 124 1.15993
  18 8.18633 119 1.13406
  19 9.18633 143 1.52375
  20 10.1863 123 1.17706
  21 11.1863 115 1.24214
  22 12.1863 112 1.01471
  23 13.1863 121 1.20417
  24 14.1863 123 1.14881
  25 15.1863 134 1.32468
  26 16.1863 120 1.19539
  27 17.1863 125 1.36157
  28 18.1863 119 1.06397
  29 19.1863 107 0.956947
  30 20.1863 93 0.743019
17840000 30 3640
  1 -8.81367 115 1.07813
  2 -7.81367 142 1.40958
  3 -6.81367 116 1.20763
  4 -5.81367 130 1.22386
  5 -4.81367 114 1.1341
  6 -3.81367 124 1.31226
  7 -2.81367 123 1.23254
  8 -1.81367 124 1.07936
  9 -0.813671 117 1.24506
  10 0.186329 115 1.07576
  11 1.18633 105 1.03576
  12 2.18633 127 1.14664
  13 3.18633 117 1.18287
  14 4.18633 129 1.29109
  15 5.18633 127 1.20778
  16 6.18633 121 1.09306
  17 7.18633 119 1.09809
  18 8.18633 134 1.19537
  19 9.18633 132 1.48671
  20 10.1863 128 1.31851
  21 11.1863 119 1.13044
  22 12.1863 122 1.24748
  23 13.1863 118 1.16656
  24 14.1863 116 1.23646
  25 15.1863 136 1.23019
  26 16.1863 110 1.10665
  27 17.1863 122 1.35594
  28 18.1863 122 1.16782
  29 19.1863 118 0.995987
  30 20.1863 98 0.916071
17850000 30 3640
  1 -8.81367 96 0.974902
  2 -7.81367 149 1.4276
  3 -6.81367 108 1.0172
  4 -5.81367 125 1.24333
  5 -4.81367 117 1.14022
  6 -3.81367 131 1.32797
  7 -2.81367 127 1.23231
  8 -1.81367 137 1.31678
  9 -0.813671 111 1.13033
  10 0.186329 105 0.965071
  11 1.18633 120 1.21622
  12 2.18633 119 1.08564
  13 3.18633 123 1.24344
  14 4.18633 126 1.25958
  15 5.18633 122 1.15034
  16 6.18633 132 1.21495
  17 7.18633 124 1.15394
  18 8.18633 126 1.1342
  19 9.18633 141 1.48221
  20 10.1863 131 1.30312
  21 11.1863 116 1.21478
  22 12.1863 117 1.07061
  23 13.1863 124 1.33422
  24 14.1863 130 1.25111
  25 15.1863 125 1.25956
  26 16.1863 121 1.17751
  27 17.1863 128 1.37027
  28 18.1863 108 1.02473
  29 19.1863 113 1.02222
  30 20.1863 88 0.782174
17860000 30 3640
  1 -8.81367 89 0.90257
  2 -7.81367 156 1.4401
  3 -6.81367 112 1.12908
  4 -5.81367 132 1.27146
  5 -4.81367 128 1.28756
  6 -3.81367 131 1.25916
  7 -2.81367 124 1.23313
  8 -1.81367 132 1.28634
  9 -0.813671 112 1.07603
  10 0.186329 106 1.04874
  11 1.18633 114 1.06985
  12 2.18633 140 1.35952
  13 3.18633 119 1.1454
  14 4.18633 127 1.26527
  15 5.18633 123 1.17134
  16 6.18633 131 1.19359
  17 7.18633 116 1.02649
  18 8.18633 112 1.13534
  19 9.18633 147 1.39427
  20 10.1863 130 1.37791
  21 11.1863 115 1.15876
  22 12.1863 115 1.07356
  23 13.1863 126 1.25416
  24 14.1863 121 1.24931
  25 15.1863 126 1.2159
  26 16.1863 109 1.118
  27 17.1863 130 1.32353
  28 18.1863 114 1.08962
  29 19.1863 120 1.0661
  30 20.1863 83 0.751622
17870000 30 3640
  1 -8.81367 81 0.815985
  2 -7.81367 137 1.2952
  3 -6.81367 122 1.24301
  4 -5.81367 129 1.24301
  5 -4.81367 128 1.24927
  6 -3.81367 130 1.29885
  7 -2.81367 126 1.25296
  8 -1.81367 125 1.13506
  9 -0.813671 114 1.22944
  10 0.186329 121 1.12893
  11 1.18633 106 1.07041
  12 2.18633 129 1.13887
  13 3.18633 127 1.27299
  14 4.18633 123 1.2504
  15 5.18633 135 1.24809
  16 6.18633 119 1.07672
  17 7.18633 121 1.14251
  18 8.18633 122 1.11771
  19 9.18633 141 1.44057
  20 10.1863 129 1.279
  21 11.1863 124 1.34722
  22 12.1863 118 1.05066
  23 13.1863 120 1.2591
  24 14.1863 119 1.18243
  25 15.1863 130 1.30508
  26 16.1863 121 1.1437
  27 17.1863 120 1.30143
  28 18.1863 113 1.05805
  29 19.1863 121 1.09663
  30 20.1863 89 0.805923
17880000 30 3640
  1 -8.81367 87 0.872311
  2 -7.81367 142 1.38918
  3 -6.81367 120 1.10162
  4 -5.81367 137 1.38523
  5 -4.81367 105 0.962892
  6 -3.81367 126 1.25022
  7 -2.81367 130 1.32829
  8 -1.81367 121 1.15487
  9 -0.813671 122 1.19702
  10 0.186329 111 1.03981
  11 1.18633 116 1.16615
  12 2.18633 113 0.986404
  13 3.18633 142 1.44366
  14 4.18633 121 1.17105
  15 5.18633 122 1.13514
  16 6.18633 124 1.12891
  17 7.18633 125 1.18216
  18 8.18633 132 1.22311
  19 9.18633 136 1.42123
  20 10.1863 132 1.35317
  21 11.1863 114 1.1524
  22 12.1863 120 1.16226
  23 13.1863 115 1.10164
  24 14.1863 130 1.37057
  25 15.1863 124 1.18585
  26 16.1863 127 1.26394
  27 17.1863 124 1.32953
  28 18.1863 119 1.1351
  29 19.1863 119 0.96053
  30 20.1863 84 0.848821
17890000 30 3640
  1 -8.81367 95 0.933967
  2 -7.81367 144 1.27857
  3 -6.81367 113 1.21857
  4 -5.81367 131 1.28949
  5 -4.81367 128 1.22747
  6 -3.81367 123 1.24222
  7 -2.81367 131 1.34301
  8 -1.81367 133 1.23365
  9 -0.813671 115 1.13545
  10 0.186329 113 1.02608
  11 1.18633 109 1.12927
  12 2.18633 125 1.13425
  13 3.18633 129 1.25478
  14 4.18633 129 1.29084
  15 5.18633 123 1.22499
  16 6.18633 124 1.06956
  17 7.18633 121 1.128
  18 8.18633 117 1.14171
  19 9.18633 143 1.40032
  20 10.1863 127 1.32309
  21 11.1863 126 1.30561
  22 12.1863 109 1.0596
  23 13.1863 123 1.21246
  24 14.1863 111 1.18154
  25 15.1863 134 1.25233
  26 16.1863 127 1.25224
  27 17.1863 119 1.27593
  28 18.1863 117 1.14657
  29 19.1863 117 0.972654
  30 20.1863 84 0.845626
17900000 30 3640
  1 -8.81367 96 0.950143
  2 -7.81367 146 1.45782
  3 -6.81367 117 1.13177
  4 -5.81367 128 1.21951
  5 -4.81367 122 1.24457
  6 -3.81367 135 1.30729
  7 -2.81367 126 1.30347
  8 -1.81367 131 1.22579
  9 -0.813671 114 1.20458
  10 0.186329 98 0.872459
  11 1.18633 118 1.27721
  12 2.18633 132 1.1696
  13 3.18633 123 1.16323
  14 4.18633 129 1.27842
  15 5.18633 117 1.17448
  16 6.18633 127 1.25587
  17 7.18633 115 0.95654
  18 8.18633 111 1.17814
  19 9.18633 151 1.44906
  20 10.1863 130 1.30477
  21 11.1863 112 1.19812
  22 12.1863 120 1.17818
  23 13.1863 117 1.12561
  24 14.1863 124 1.31113
  25 15.1863 122 1.17196
  26 16.1863 111 1.16552
  27 17.1863 143 1.46402
  28 18.1863 112 1.13687
  29 19.1863 113 1.01532
  30 20.1863 100 0.918753
17910000 30 3640
  1 -8.81367 102 1.00709
  2 -7.81367 133 1.37579
  3 -6.81367 114 1.10239
  4 -5.81367 133 1.35312
  5 -4.81367 124 1.18273
  6 -3.81367 137 1.38573
  7 -2.81367 124 1.23912
  8 -1.81367 134 1.27797
  9 -0.813671 110 1.12751
  10 0.186329 112 1.08508
  11 1.18633 102 0.999596
  12 2.18633 142 1.33571
  13 3.18633 126 1.29188
  14 4.18633 122 1.14626
  15 5.18633 125 1.24039
  16 6.18633 122 1.11883
  17 7.18633 112 1.06231
  18 8.18633 128 1.17031
  19 9.18633 135 1.4172
  20 10.1863 134 1.35068
  21 11.1863 113 1.29785
  22 12.1863 117 1.06238
  23 13.1863 117 1.03732
  24 14.1863 131 1.43229
  25 15.1863 127 1.25914
  26 16.1863 123 1.22402
  27 17.1863 121 1.30314
  28 18.1863 108 1.14116
  29 19.1863 119 0.923325
  30 20.1863 93 0.881758
17920000 30 3640
  1 -8.81367 120 1.09973
  2 -7.81367 136 1.41897
  3 -6.81367 108 0.968403
  4 -5.81367 123 1.24676
  5 -4.81367 123 1.12565
  6 -3.81367 137 1.41149
  7 -2.81367 128 1.24441
  8 -1.81367 118 1.08225
  9 -0.813671 107 1.10206
  10 0.186329 111 1.07988
  11 1.18633 109 1.10949
  12 2.18633 132 1.19496
  13 3.18633 127 1.21979
  14 4.18633 118 1.15153
  15 5.18633 136 1.38682
  16 6.18633 118 1.00562
  17 7.18633 114 1.04511
  18 8.18633 120 1.16032
  19 9.18633 142 1.29401
  20 10.1863 134 1.4067
  21 11.1863 111 1.2418
  22 12.1863 126 1.18246
  23 13.1863 109 1.05505
  24 14.1863 129 1.34727
  25 15.1863 127 1.23828
  26 16.1863 118 1.18984
  27 17.1863 126 1.31759
  28 18.1863 112 1.09085
  29 19.1863 114 0.936336
  30 20.1863 107 1.02397
17930000 30 3640
  1 -8.81367 102 1.01281
  2 -7.81367 141 1.40388
  3 -6.81367 116 1.1136
  4 -5.81367 129 1.27425
  5 -4.81367 124 1.20329
  6 -3.81367 129 1.27424
  7 -2.81367 127 1.28051
  8 -1.81367 123 1.16841
  9 -0.813671 113 1.22447
  10 0.186329 119 1.03656
  11 1.18633 102 1.0638
  12 2.18633 131 1.23955
  13 3.18633 129 1.29189
  14 4.18633 121 1.09985
  15 5.18633 129 1.31289
  16 6.18633 128 1.15488
  17 7.18633 124 1.10875
  18 8.18633 109 1.0701
  19 9.18633 151 1.42633
  20 10.1863 129 1.43986
  21 11.1863 115 1.17583
  22 12.1863 124 1.17969
  23 13.1863 119 1.16721
  24 14.1863 117 1.10756
  25 15.1863 122 1.25559
  26 16.1863 105 1.04752
  27 17.1863 126 1.26194
  28 18.1863 122 1.33773
  29 19.1863 111 0.868447
  30 20.1863 103 0.987778
17940000 30 3640
  1 -8.81367 91 0.922483
  2 -7.81367 140 1.31746
  3 -6.81367 113 1.19803
  4 -5.81367 129 1.22046
  5 -4.81367 114 1.11745
  6 -3.81367 134 1.26269
  7 -2.81367 132 1.36446
  8 -1.81367 128 1.21178
  9 -0.813671 119 1.21542
  10 0.186329 100 0.972346
  11 1.18633 111 1.06664
  12 2.18633 131 1.20822
  13 3.18633 133 1.31988
  14 4.18633 128 1.2812
  15 5.18633 127 1.27017
  16 6.18633 110 0.971048
  17 7.18633 130 1.19945
  18 8.18633 118 1.01961
  19 9.18633 147 1.57672
  20 10.1863 128 1.28624
  21 11.1863 127 1.28371
  22 12.1863 117 1.18074
  23 13.1863 121 1.20817
  24 14.1863 120 1.17593
  25 15.1863 128 1.22543
  26 16.1863 125 1.25392
  27 17.1863 118 1.28387
  28 18.1863 118 1.15341
  29 19.1863 103 0.8209
  30 20.1863 100 0.885342
17950000 30 3640
  1 -8.81367 62 0.634712
  2 -7.81367 151 1.4187
  3 -6.81367 118 1.17006
  4 -5.81367 127 1.24128
  5 -4.81367 126 1.17007
  6 -3.81367 137 1.40857
  7 -2.81367 123 1.18238
  8 -1.81367 139 1.27338
  9 -0.813671 121 1.23031
  10 0.186329 107 1.01143
  11 1.18633 115 1.15288
  12 2.18633 120 1.04095
  13 3.18633 129 1.30053
  14 4.18633 120 1.20557
  15 5.18633 140 1.30303
  16 6.18633 125 1.14179
  17 7.18633 125 1.15776
  18 8.18633 125 1.14806
  19 9.18633 138 1.38037
  20 10.1863 135 1.38649
  21 11.1863 118 1.18222
  22 12.1863 118 1.12955
  23 13.1863 115 1.07287
  24 14.1863 120 1.28453
  25 15.1863 129 1.18849
  26 16.1863 127 1.29908
  27 17.1863 125 1.33005
  28 18.1863 118 1.0569
  29 19.1863 122 1.01021
  30 20.1863 65 0.638565
17960000 30 3640
  1 -8.81367 107 1.08546
  2 -7.81367 147 1.52753
  3 -6.81367 106 0.967341
  4 -5.81367 127 1.22731
  5 -4.81367 116 1.18578
  6 -3.81367 140 1.42323
  7 -2.81367 114 1.12937
  8 -1.81367 128 1.19976
  9 -0.813671 113 1.15192
  10 0.186329 112 1.06042
  11 1.18633 106 1.18084
  12 2.18633 136 1.22128
  13 3.18633 117 1.14953
  14 4.18633 131 1.29265
  15 5.18633 126 1.26372
  16 6.18633 117 1.03277
  17 7.18633 121 1.1884
  18 8.18633 118 1.06535
  19 9.18633 151 1.55529
  20 10.1863 118 1.20726
  21 11.1863 126 1.29758
  22 12.1863 122 1.11059
  23 13.1863 114 1.25489
  24 14.1863 126 1.26135
  25 15.1863 120 1.17464
  26 16.1863 114 1.22977
  27 17.1863 130 1.39442
  28 18.1863 111 0.995066
  29 19.1863 112 0.992537
  30 20.1863 114 1.0653
17970000 30 3640
  1 -8.81367 88 0.908437
  2 -7.81367 139 1.33732
  3 -6.81367 120 1.1279
  4 -5.81367 126 1.24175
  5 -4.81367 119 1.20951
  6 -3.81367 137 1.32238
  7 -2.81367 127 1.31115
  8 -1.81367 133 1.2109
  9 -0.813671 128 1.26797
  10 0.186329 104 0.97786
  11 1.18633 108 1.17866
  12 2.18633 127 1.08083
  13 3.18633 122 1.24567
  14 4.18633 129 1.19841
  15 5.18633 128 1.2778
  16 6.18633 122 1.09936
  17 7.18633 120 1.11176
  18 8.18633 121 1.1292
  19 9.18633 153 1.44885
  20 10.1863 128 1.42263
  21 11.1863 117 1.17864
  22 12.1863 114 1.09423
  23 13.1863 127 1.2196
  24 14.1863 127 1.33369
  25 15.1863 121 1.13157
  26 16.1863 124 1.21941
  27 17.1863 123 1.35095
  28 18.1863 114 1.09432
  29 19.1863 118 0.947101
  30 20.1863 76 0.73116
17980000 30 3640
  1 -8.81367 93 0.985816
  2 -7.81367 153 1.40295
  3 -6.81367 111 1.12024
  4 -5.81367 129 1.22978
  5 -4.81367 118 1.15384
  6 -3.81367 137 1.40644
  7 -2.81367 120 1.20239
  8 -1.81367 128 1.20117
  9 -0.813671 114 1.13029
  10 0.186329 113 1.11413
  11 1.18633 98 1.04432
  12 2.18633 136 1.15032
  13 3.18633 120 1.2585
  14 4.18633 111 1.02939
  15 5.18633 124 1.2261
  16 6.18633 130 1.22608
  17 7.18633 130 1.1204
  18 8.18633 121 1.18253
  19 9.18633 148 1.51484
  20 10.1863 128 1.31322
  21 11.1863 117 1.26327
  22 12.1863 113 1.01698
  23 13.1863 127 1.18509
  24 14.1863 114 1.24716
  25 15.1863 131 1.25359
  26 16.1863 119 1.30439
  27 17.1863 120 1.15515
  28 18.1863 117 1.1688
  29 19.1863 116 0.999663
  30 20.1863 104 0.95598
17990000 30 3640
  1 -8.81367 107 0.982293
  2 -7.81367 151 1.45768
  3 -6.81367 116 1.20917
  4 -5.81367 135 1.26664
  5 -4.81367 113 1.15431
  6 -3.81367 129 1.23047
  7 -2.81367 126 1.30527
  8 -1.81367 126 1.25164
  9 -0.813671 122 1.22808
  10 0.186329 102 0.889896
  11 1.18633 109 1.1881
  12 2.18633 127 1.07461
  13 3.18633 129 1.34034
  14 4.18633 123 1.18676
  15 5.18633 126 1.19932
  16 6.18633 138 1.31666
  17 7.18633 112 1.04085
  18 8.18633 128 1.24298
  19 9.18633 145 1.38408
  20 10.1863 127 1.27421
  21 11.1863 107 1.2252
  22 12.1863 116 1.05592
  23 13.1863 122 1.24418
  24 14.1863 124 1.28545
  25 15.1863 117 1.12441
  26 16.1863 109 1.10819
  27 17.1863 119 1.22178
  28 18.1863 120 1.24162
  29 19.1863 121 0.99481
  30 20.1863 94 0.929681
18000000 30 3640
  1 -8.81367 82 0.884705
  2 -7.81367 148 1.35704
  3 -6.81367 109 1.12807
  4 -5.81367 138 1.36918
  5 -4.81367 117 1.00033
  6 -3.81367 134 1.41265
  7 -2.81367 127 1.25118
  8 -1.81367 132 1.27232
  9 -0.813671 119 1.20534
  10 0.186329 111 1.08604
  11 1.18633 101 0.955533
  12 2.18633 138 1.24889
  13 3.18633 126 1.27247
  14 4.18633 121 1.16169
  15 5.18633 140 1.37178
  16 6.18633 116 1.07111
  17 7.18633 115 1.12449
  18 8.18633 112 1.00036
  19 9.18633 145 1.46748
  20 10.1863 131 1.24751
  21 11.1863 116 1.28209
  22 12.1863 112 1.06988
  23 13.1863 125 1.28112
  24 14.1863 117 1.18913
  25 15.1863 126 1.22385
  26 16.1863 107 1.0648
  27 17.1863 134 1.4041
  28 18.1863 121 1.17296
  29 19.1863 121 0.958228
  30 20.1863 99 0.965355
18010000 30 3640
  1 -8.81367 108 1.16799
  2 -7.81367 147 1.39646
  3 -6.81367 133 1.24766
  4 -5.81367 106 1.05502
  5 -4.81367 129 1.22274
  6 -3.81367 130 1.33551
  7 -2.81367 126 1.24377
  8 -1.81367 125 1.12472
  9 -0.813671 113 1.21901
  10 0.186329 117 1.0267
  11 1.18633 111 1.12344
  12 2.18633 121 1.08627
  13 3.18633 121 1.22274
  14 4.18633 136 1.30214
  15 5.18633 125 1.30712
  16 6.18633 123 1.10611
  17 7.18633 120 1.06885
  18 8.18633 124 1.21412
  19 9.18633 140 1.37544
  20 10.1863 131 1.34921
  21 11.1863 123 1.31198
  22 12.1863 117 1.11107
  23 13.1863 122 1.15197
  24 14.1863 111 1.16437
  25 15.1863 131 1.286
  26 16.1863 131 1.30967
  27 17.1863 108 1.08736
  28 18.1863 113 1.11967
  29 19.1863 104 0.87526
  30 20.1863 94 0.852925
18020000 30 3640
  1 -8.81367 96 0.962693
  2 -7.81367 135 1.31822
  3 -6.81367 115 1.16051
  4 -5.81367 125 1.17048
  5 -4.81367 130 1.38693
  6 -3.81367 129 1.15179
  7 -2.81367 127 1.36317
  8 -1.81367 135 1.2744
  9 -0.813671 122 1.2132
  10 0.186329 113 1.08541
  11 1.18633 105 1.07045
  12 2.18633 131 1.29822
  13 3.18633 125 1.20059
  14 4.18633 135 1.31688
  15 5.18633 124 1.24697
  16 6.18633 126 1.09555
  17 7.18633 112 1.04532
  18 8.18633 128 1.25201
  19 9.18633 136 1.27945
  20 10.1863 125 1.3757
  21 11.1863 128 1.36692
  22 12.1863 103 0.962691
  23 13.1863 123 1.09308
  24 14.1863 122 1.3758
  25 15.1863 135 1.29818
  26 16.1863 115 1.2117
  27 17.1863 117 1.14184
  28 18.1863 120 1.2393
  29 19.1863 113 0.969158
  30 20.1863 90 0.84003
18030000 30 3640
  1 -8.81367 109 1.05636
  2 -7.81367 140 1.37473
  3 -6.81367 109 1.00884
  4 -5.81367 129 1.34828
  5 -4.81367 119 1.13495
  6 -3.81367 132 1.38944
  7 -2.81367 119 1.14246
  8 -1.81367 125 1.13623
  9 -0.813671 117 1.25972
  10 0.186329 112 1.06018
  11 1.18633 103 0.955209
  12 2.18633 120 1.14372
  13 3.18633 137 1.33606
  14 4.18633 137 1.37709
  15 5.18633 127 1.2174
  16 6.18633 111 1.02259
  17 7.18633 123 1.14247
  18 8.18633 108 1.01523
  19 9.18633 149 1.45078
  20 10.1863 125 1.33713
  21 11.1863 126 1.37449
  22 12.1863 110 0.957696
  23 13.1863 129 1.32477
  24 14.1863 109 1.1462
  25 15.1863 133 1.23359
  26 16.1863 116 1.16111
  27 17.1863 120 1.34711
  28 18.1863 120 1.17614
  29 19.1863 122 1.07887
  30 20.1863 104 0.962589
18040000 30 3640
  1 -8.81367 92 0.790575
  2 -7.81367 142 1.48178
  3 -6.81367 119 1.14539
  4 -5.81367 133 1.26415
  5 -4.81367 120 1.10338
  6 -3.81367 127 1.30853
  7 -2.81367 131 1.30991
  8 -1.81367 137 1.35684
  9 -0.813671 112 0.989699
  10 0.186329 108 1.05515
  11 1.18633 113 1.23322
  12 2.18633 132 1.2222
  13 3.18633 122 1.1307
  14 4.18633 114 1.14528
  15 5.18633 139 1.22477
  16 6.18633 118 1.13921
  17 7.18633 117 1.10704
  18 8.18633 122 1.08741
  19 9.18633 154 1.53753
  20 10.1863 119 1.27763
  21 11.1863 123 1.26656
  22 12.1863 115 1.03777
  23 13.1863 125 1.22594
  24 14.1863 118 1.14676
  25 15.1863 121 1.23807
  26 16.1863 116 1.20967
  27 17.1863 121 1.28392
  28 18.1863 122 1.12321
  29 19.1863 108 0.956245
  30 20.1863 100 0.941266
18050000 30 3640
  1 -8.81367 109 1.06632
  2 -7.81367 137 1.33942
  3 -6.81367 122 1.21766
  4 -5.81367 133 1.24752
  5 -4.81367 113 1.03409
  6 -3.81367 131 1.34546
  7 -2.81367 124 1.22643
  8 -1.81367 129 1.24994
  9 -0.813671 122 1.21276
  10 0.186329 111 1.00941
  11 1.18633 107 1.14572
  12 2.18633 127 1.14338
  13 3.18633 126 1.22779
  14 4.18633 128 1.24746
  15 5.18633 127 1.29222
  16 6.18633 122 1.07757
  17 7.18633 119 0.995719
  18 8.18633 114 1.15067
  19 9.18633 141 1.36057
  20 10.1863 129 1.37038
  21 11.1863 129 1.35532
  22 12.1863 120 1.10735
  23 13.1863 127 1.26988
  24 14.1863 108 1.07382
  25 15.1863 132 1.34314
  26 16.1863 117 1.1817
  27 17.1863 118 1.2686
  28 18.1863 109 1.01417
  29 19.1863 111 0.953496
  30 20.1863 98 0.937212
18060000 30 3640
  1 -8.81367 105 0.962375
  2 -7.81367 142 1.42279
  3 -6.81367 111 1.09082
  4 -5.81367 135 1.30789
  5 -4.81367 121 1.11456
  6 -3.81367 129 1.35025
  7 -2.81367 134 1.4015
  8 -1.81367 128 1.24552
  9 -0.813671 119 1.13581
  10 0.186329 105 1.00481
  11 1.18633 114 1.03729
  12 2.18633 121 1.17445
  13 3.18633 125 1.25809
  14 4.18633 124 1.2742
  15 5.18633 136 1.31183
  16 6.18633 131 1.19442
  17 7.18633 112 1.04968
  18 8.18633 126 1.16702
  19 9.18633 143 1.43035
  20 10.1863 135 1.44385
  21 11.1863 113 1.1394
  22 12.1863 120 1.17573
  23 13.1863 105 0.973551
  24 14.1863 112 1.18327
  25 15.1863 122 1.21055
  26 16.1863 119 1.22924
  27 17.1863 129 1.33677
  28 18.1863 116 1.11823
  29 19.1863 121 1.08216
  30 20.1863 87 0.831213
18070000 30 3640
  1 -8.81367 85 0.841915
  2 -7.81367 138 1.31807
  3 -6.81367 127 1.25605
  4 -5.81367 124 1.20269
  5 -4.81367 126 1.13586
  6 -3.81367 134 1.35757
  7 -2.81367 127 1.27462
  8 -1.81367 120 1.16797
  9 -0.813671 126 1.27347
  10 0.186329 108 0.993267
  11 1.18633 109 1.04907
  12 2.18633 122 1.17052
  13 3.18633 140 1.36658
  14 4.18633 121 1.21001
  15 5.18633 145 1.36033
  16 6.18633 109 1.01797
  17 7.18633 130 1.13098
  18 8.18633 109 1.05149
  19 9.18633 146 1.52999
  20 10.1863 122 1.24368
  21 11.1863 120 1.16669
  22 12.1863 110 1.05151
  23 13.1863 117 1.16921
  24 14.1863 130 1.25871
  25 15.1863 125 1.23499
  26 16.1863 113 1.20757
  27 17.1863 126 1.28452
  28 18.1863 124 1.27215
  29 19.1863 117 0.974732
  30 20.1863 90 0.853099
18080000 30 3640
  1 -8.81367 85 0.70618
  2 -7.81367 144 1.45417
  3 -6.81367 128 1.21654
  4 -5.81367 119 1.215
  5 -4.81367 128 1.20155
  6 -3.81367 131 1.37477
  7 -2.81367 126 1.20532
  8 -1.81367 128 1.21261
  9 -0.813671 106 1.04305
  10 0.186329 110 1.04806
  11 1.18633 115 1.16694
  12 2.18633 132 1.17571
  13 3.18633 130 1.24992
  14 4.18633 119 1.25096
  15 5.18633 136 1.25489
  16 6.18633 128 1.11247
  17 7.18633 119 1.19033
  18 8.18633 117 1.04563
  19 9.18633 143 1.43679
  20 10.1863 124 1.2845
  21 11.1863 137 1.37737
  22 12.1863 102 0.97371
  23 13.1863 131 1.29694
  24 14.1863 102 0.92048
  25 15.1863 131 1.41946
  26 16.1863 118 1.1916
  27 17.1863 123 1.313
  28 18.1863 124 1.15079
  29 19.1863 125 1.1112
  30 20.1863 79 0.790294
18090000 30 3640
  1 -8.81367 93 0.828153
  2 -7.81367 147 1.36297
  3 -6.81367 113 1.17967
  4 -5.81367 120 1.17835
  5 -4.81367 129 1.20079
  6 -3.81367 136 1.40353
  7 -2.81367 124 1.25889
  8 -1.81367 130 1.21555
  9 -0.813671 120 1.19712
  10 0.186329 103 0.975429
  11 1.18633 121 1.24904
  12 2.18633 131 1.12412
  13 3.18633 120 1.18972
  14 4.18633 132 1.25758
  15 5.18633 120 1.21181
  16 6.18633 123 1.14388
  17 7.18633 112 0.950801
  18 8.18633 132 1.22184
  19 9.18633 142 1.44205
  20 10.1863 111 1.18206
  21 11.1863 130 1.25262
  22 12.1863 119 1.17355
  23 13.1863 122 1.15875
  24 14.1863 121 1.24652
  25 15.1863 120 1.22428
  26 16.1863 120 1.2403
  27 17.1863 116 1.15615
  28 18.1863 131 1.27501
  29 19.1863 115 0.990421
  30 20.1863 87 0.875143
18100000 30 3640
  1 -8.81367 93 0.87905
  2 -7.81367 154 1.55386
  3 -6.81367 111 1.09075
  4 -5.81367 124 1.23449
  5 -4.81367 124 1.17584
  6 -3.81367 130 1.3497
  7 -2.81367 123 1.26205
  8 -1.81367 133 1.28343
  9 -0.813671 116 1.10703
  10 0.186329 111 1.0394
  11 1.18633 110 1.07942
  12 2.18633 125 1.20094
  13 3.18633 117 1.24839
  14 4.18633 126 1.19074
  15 5.18633 138 1.2823
  16 6.18633 126 1.24214
  17 7.18633 116 1.10443
  18 8.18633 121 1.05939
  19 9.18633 138 1.41626
  20 10.1863 133 1.36983
  21 11.1863 119 1.21826
  22 12.1863 125 1.22583
  23 13.1863 113 1.11068
  24 14.1863 116 1.12463
  25 15.1863 126 1.3272
  26 16.1863 116 1.21448
  27 17.1863 124 1.25596
  28 18.1863 119 1.26583
  29 19.1863 115 0.965561
  30 20.1863 98 0.89657
18110000 30 3640
  1 -8.81367 94 0.898051
  2 -7.81367 146 1.44376
  3 -6.81367 118 1.15779
  4 -5.81367 129 1.1666
  5 -4.81367 126 1.27881
  6 -3.81367 124 1.25262
  7 -2.81367 132 1.29893
  8 -1.81367 127 1.2551
  9 -0.813671 118 1.17152
  10 0.186329 101 1.03054
  11 1.18633 122 1.20903
  12 2.18633 113 1.03916
  13 3.18633 132 1.32151
  14 4.18633 125 1.17406
  15 5.18633 134 1.3201
  16 6.18633 121 1.20274
  17 7.18633 121 1.00684
  18 8.18633 126 1.20655
  19 9.18633 143 1.44505
  20 10.1863 118 1.22393
  21 11.1863 115 1.2513
  22 12.1863 112 1.03169
  23 13.1863 123 1.15911
  24 14.1863 130 1.33143
  25 15.1863 118 1.20772
  26 16.1863 120 1.23028
  27 17.1863 119 1.23017
  28 18.1863 111 1.13273
  29 19.1863 130 1.17163
  30 20.1863 92 0.834371
18120000 30 3640
  1 -8.81367 91 0.895094
  2 -7.81367 137 1.37964
  3 -6.81367 125 1.19141
  4 -5.81367 123 1.23522
  5 -4.81367 125 1.16756
  6 -3.81367 133 1.33184
  7 -2.81367 128 1.33317
  8 -1.81367 126 1.23531
  9 -0.813671 114 1.11237
  10 0.186329 115 1.12748
  11 1.18633 112 1.16123
  12 2.18633 118 1.07098
  13 3.18633 129 1.32563
  14 4.18633 127 1.26797
  15 5.18633 125 1.2228
  16 6.18633 118 1.05834
  17 7.18633 117 1.06216
  18 8.18633 122 1.12493
  19 9.18633 146 1.54152
  20 10.1863 127 1.27556
  21 11.1863 113 1.15989
  22 12.1863 110 1.13606
  23 13.1863 130 1.19528
  24 14.1863 123 1.22287
  25 15.1863 128 1.33817
  26 16.1863 114 1.17495
  27 17.1863 121 1.29812
  28 18.1863 127 1.22277
  29 19.1863 124 1.11491
  30 20.1863 92 0.883854
18130000 30 3640
  1 -8.81367 115 1.10412
  2 -7.81367 130 1.30808
  3 -6.81367 123 1.21294
  4 -5.81367 118 1.16153
  5 -4.81367 130 1.18422
  6 -3.81367 120 1.22905
  7 -2.81367 133 1.36689
  8 -1.81367 124 1.20044
  9 -0.813671 116 1.15287
  10 0.186329 108 1.01525
  11 1.18633 112 1.09664
  12 2.18633 126 1.25056
  13 3.18633 134 1.24683
  14 4.18633 119 1.20666
  15 5.18633 131 1.23927
  16 6.18633 125 1.25797
  17 7.18633 111 1.0565
  18 8.18633 115 1.02282
  19 9.18633 141 1.44825
  20 10.1863 134 1.29687
  21 11.1863 124 1.30671
  22 12.1863 106 1.03022
  23 13.1863 120 1.18663
  24 14.1863 125 1.23937
  25 15.1863 121 1.23793
  26 16.1863 118 1.21905
  27 17.1863 114 1.30307
  28 18.1863 129 1.14169
  29 19.1863 110 1.03899
  30 20.1863 108 1.00139
18140000 30 3640
  1 -8.81367 86 0.794225
  2 -7.81367 142 1.27142
  3 -6.81367 114 1.20784
  4 -5.81367 134 1.27512
  5 -4.81367 114 1.1185
  6 -3.81367 135 1.42152
  7 -2.81367 123 1.21791
  8 -1.81367 126 1.21914
  9 -0.813671 123 1.16213
  10 0.186329 108 1.08998
  11 1.18633 117 1.1235
  12 2.18633 123 1.18945
  13 3.18633 128 1.17705
  14 4.18633 112 1.18302
  15 5.18633 135 1.30745
  16 6.18633 123 1.01922
  17 7.18633 126 1.16826
  18 8.18633 105 1.02535
  19 9.18633 151 1.47637
  20 10.1863 131 1.34099
  21 11.1863 121 1.30606
  22 12.1863 112 1.05257
  23 13.1863 136 1.38694
  24 14.1863 119 1.05029
  25 15.1863 122 1.30246
  26 16.1863 125 1.27637
  27 17.1863 118 1.25015
  28 18.1863 116 1.09489
  29 19.1863 118 1.07136
  30 20.1863 97 0.927153
18150000 30 3640
  1 -8.81367 84 0.856067
  2 -7.81367 149 1.41128
  3 -6.81367 114 1.19153
  4 -5.81367 128 1.18292
  5 -4.81367 123 1.19155
  6 -3.81367 137 1.41363
  7 -2.81367 123 1.23274
  8 -1.81367 138 1.3351
  9 -0.813671 104 0.975942
  10 0.186329 112 1.08557
  11 1.18633 114 1.13558
  12 2.18633 125 1.20543
  13 3.18633 124 1.25153
  14 4.18633 121 1.24891
  15 5.18633 142 1.24796
  16 6.18633 119 1.17907
  17 7.18633 113 1.04195
  18 8.18633 136 1.26541
  19 9.18633 124 1.18416
  20 10.1863 129 1.34253
  21 11.1863 120 1.24392
  22 12.1863 118 1.12307
  23 13.1863 129 1.24405
  24 14.1863 116 1.18543
  25 15.1863 121 1.32756
  26 16.1863 118 1.10051
  27 17.1863 131 1.45111
  28 18.1863 116 1.16293
  29 19.1863 110 0.923507
  30 20.1863 102 0.908397
18160000 30 3640
  1 -8.81367 101 1.04034
  2 -7.81367 143 1.37982
  3 -6.81367 108 1.0826
  4 -5.81367 126 1.16839
  5 -4.81367 125 1.20078
  6 -3.81367 131 1.32867
  7 -2.81367 125 1.28023
  8 -1.81367 138 1.28031
  9 -0.813671 112 1.12245
  10 0.186329 103 0.953498
  11 1.18633 116 1.20581
  12 2.18633 135 1.24186
  13 3.18633 118 1.17718
  14 4.18633 120 1.16464
  15 5.18633 145 1.38232
  16 6.18633 112 1.03296
  17 7.18633 123 1.06415
  18 8.18633 125 1.2629
  19 9.18633 132 1.37714
  20 10.1863 126 1.19342
  21 11.1863 124 1.30002
  22 12.1863 123 1.17097
  23 13.1863 111 1.08145
  24 14.1863 116 1.23318
  25 15.1863 125 1.23672
  26 16.1863 124 1.26908
  27 17.1863 130 1.299
  28 18.1863 110 1.16083
  29 19.1863 128 1.05674
  30 20.1863 85 0.765803
18170000 30 3640
  1 -8.81367 112 1.10157
  2 -7.81367 140 1.39901
  3 -6.81367 112 1.08897
  4 -5.81367 129 1.25904
  5 -4.81367 113 1.14931
  6 -3.81367 130 1.38626
  7 -2.81367 132 1.29562
  8 -1.81367 116 1.06759
  9 -0.813671 121 1.20492
  10 0.186329 108 1.04741
  11 1.18633 107 1.11424
  12 2.18633 129 1.18978
  13 3.18633 119 1.15841
  14 4.18633 131 1.35102
  15 5.18633 136 1.36493
  16 6.18633 125 1.12428
  17 7.18633 116 1.0978
  18 8.18633 115 1.05252
  19 9.18633 140 1.44307
  20 10.1863 131 1.35356
  21 11.1863 114 1.2791
  22 12.1863 118 1.03732
  23 13.1863 115 1.15074
  24 14.1863 127 1.30578
  25 15.1863 115 1.19601
  26 16.1863 110 1.12793
  27 17.1863 129 1.39012
  28 18.1863 117 1.27036
  29 19.1863 120 0.970689
  30 20.1863 113 1.03097
18180000 30 3640
  1 -8.81367 85 0.866644
  2 -7.81367 140 1.3265
  3 -6.81367 120 1.20737
  4 -5.81367 121 1.19602
  5 -4.81367 121 1.1223
  6 -3.81367 133 1.36385
  7 -2.81367 122 1.29368
  8 -1.81367 140 1.28132
  9 -0.813671 107 1.1034
  10 0.186329 119 1.0936
  11 1.18633 102 1.13351
  12 2.18633 140 1.26141
  13 3.18633 125 1.23128
  14 4.18633 125 1.26615
  15 5.18633 146 1.38529
  16 6.18633 115 1.0509
  17 7.18633 122 1.14481
  18 8.18633 113 1.05087
  19 9.18633 148 1.51932
  20 10.1863 130 1.40391
  21 11.1863 124 1.20614
  22 12.1863 115 1.12097
  23 13.1863 121 1.16739
  24 14.1863 125 1.28639
  25 15.1863 116 1.15599
  26 16.1863 119 1.29119
  27 17.1863 115 1.09219
  28 18.1863 122 1.24875
  29 19.1863 121 1.12978
  30 20.1863 88 0.782906
18190000 30 3640
  1 -8.81367 97 0.990775
  2 -7.81367 142 1.31116
  3 -6.81367 105 0.985833
  4 -5.81367 130 1.37547
  5 -4.81367 126 1.1597
  6 -3.81367 124 1.31957
  7 -2.81367 131 1.31234
  8 -1.81367 135 1.2118
  9 -0.813671 110 1.10876
  10 0.186329 97 0.845711
  11 1.18633 122 1.35697
  12 2.18633 127 1.16219
  13 3.18633 126 1.24534
  14 4.18633 126 1.15847
  15 5.18633 144 1.44141
  16 6.18633 118 1.02562
  17 7.18633 119 1.13978
  18 8.18633 112 1.04794
  19 9.18633 149 1.53086
  20 10.1863 128 1.21303
  21 11.1863 119 1.18685
  22 12.1863 116 1.1348
  23 13.1863 127 1.32722
  24 14.1863 117 1.17836
  25 15.1863 122 1.15342
  26 16.1863 119 1.18685
  27 17.1863 129 1.34588
  28 18.1863 110 1.11741
  29 19.1863 133 1.18952
  30 20.1863 80 0.708978
18200000 30 3640
  1 -8.81367 119 1.12226
  2 -7.81367 138 1.38356
  3 -6.81367 108 1.05714
  4 -5.81367 126 1.26717
  5 -4.81367 119 1.07344
  6 -3.81367 128 1.42725
  7 -2.81367 121 1.11591
  8 -1.81367 128 1.27974
  9 -0.813671 116 1.05223
  10 0.186329 113 1.19725
  11 1.18633 97 0.930808
  12 2.18633 136 1.27861
  13 3.18633 124 1.25613
  14 4.18633 131 1.30102
  15 5.18633 111 1.07965
  16 6.18633 132 1.15228
  17 7.18633 118 1.20717
  18 8.18633 121 1.05234
  19 9.18633 135 1.41484
  20 10.1863 138 1.40602
  21 11.1863 120 1.29473
  22 12.1863 108 0.995874
  23 13.1863 119 1.14094
  24 14.1863 118 1.1586
  25 15.1863 125 1.29724
  26 16.1863 111 1.19079
  27 17.1863 134 1.32994
  28 18.1863 116 1.16217
  29 19.1863 123 1.0985
  30 20.1863 107 1.01837
18210000 32 3640
  1 -9.81367 0 0
  2 -8.81367 119 1.17165
  3 -7.81367 127 1.20161
  4 -6.81367 115 1.10879
  5 -5.81367 137 1.37855
  6 -4.81367 123 1.16646
  7 -3.81367 128 1.31957
  8 -2.81367 126 1.27949
  9 -1.81367 129 1.28314
  10 -0.813671 110 0.98212
  11 0.186329 106 1.09617
  12 1.18633 102 1.08616
  13 2.18633 127 1.12641
  14 3.18633 129 1.24328
  15 4.18633 130 1.35961
  16 5.18633 111 1.09498
  17 6.18633 135 1.22562
  18 7.18633 126 1.18784
  19 8.18633 101 0.98199
  20 9.18633 147 1.40764
  21 10.1863 136 1.43762
  22 11.1863 117 1.27182
  23 12.1863 110 1.01337
  24 13.1863 112 1.0247
  25 14.1863 115 1.27448
  26 15.1863 128 1.20922
  27 16.1863 120 1.23037
  28 17.1863 109 1.1954
  29 18.1863 126 1.27694
  30 19.1863 120 1.10376
  31 20.1863 119 1.1351
  32 21.1863 0 0
18220000 30 3640
  1 -8.81367 102 1.00207
  2 -7.81367 141 1.32983
  3 -6.81367 115 1.15039
  4 -5.81367 130 1.21513
  5 -4.81367 119 1.20886
  6 -3.81367 136 1.40816
  7 -2.81367 123 1.21145
  8 -1.81367 132 1.24383
  9 -0.813671 118 1.18146
  10 0.186329 107 0.999716
  11 1.18633 110 1.1604
  12 2.18633 132 1.18408
  13 3.18633 131 1.24893
  14 4.18633 119 1.21264
  15 5.18633 126 1.23756
  16 6.18633 125 1.15792
  17 7.18633 117 1.13787
  18 8.18633 109 1.00346
  19 9.18633 142 1.37092
  20 10.1863 138 1.42203
  21 11.1863 118 1.28225
  22 12.1863 117 1.09931
  23 13.1863 117 1.11554
  24 14.1863 124 1.27881
  25 15.1863 119 1.18648
  26 16.1863 119 1.21631
  27 17.1863 114 1.18651
  28 18.1863 128 1.29742
  29 19.1863 125 1.00974
  30 20.1863 87 0.848763
18230000 30 3640
  1 -8.81367 89 0.842025
  2 -7.81367 141 1.48992
  3 -6.81367 111 1.07267
  4 -5.81367 137 1.28621
  5 -4.81367 127 1.15617
  6 -3.81367 126 1.30086
  7 -2.81367 133 1.28385
  8 -1.81367 119 1.19169
  9 -0.813671 128 1.23594
  10 0.186329 111 0.975901
  11 1.18633 107 1.07398
  12 2.18633 127 1.06307
  13 3.18633 122 1.27764
  14 4.18633 141 1.36969
  15 5.18633 135 1.23115
  16 6.18633 121 1.14269
  17 7.18633 113 1.04327
  18 8.18633 118 1.11079
  19 9.18633 133 1.27657
  20 10.1863 141 1.45057
  21 11.1863 110 1.14626
  22 12.1863 120 1.0617
  23 13.1863 120 1.29247
  24 14.1863 124 1.10471
  25 15.1863 121 1.2052
  26 16.1863 118 1.18063
  27 17.1863 118 1.20657
  28 18.1863 115 1.11808
  29 19.1863 121 1.04338
  30 20.1863 93 0.832167
18240000 30 3640
  1 -8.81367 101 1.01394
  2 -7.81367 143 1.36018
  3 -6.81367 107 1.01016
  4 -5.81367 143 1.42357
  5 -4.81367 122 1.1223
  6 -3.81367 132 1.40605
  7 -2.81367 130 1.29785
  8 -1.81367 124 1.21935
  9 -0.813671 128 1.24565
  10 0.186329 96 0.980293
  11 1.18633 112 1.05258
  12 2.18633 126 1.19701
  13 3.18633 130 1.24696
  14 4.18633 128 1.31265
  15 5.18633 129 1.11502
  16 6.18633 121 1.238
  17 7.18633 121 1.11977
  18 8.18633 125 1.16724
  19 9.18633 147 1.4735
  20 10.1863 128 1.26543
  21 11.1863 111 1.2765
  22 12.1863 108 0.957853
  23 13.1863 118 1.13737
  24 14.1863 126 1.27924
  25 15.1863 117 1.17447
  26 16.1863 126 1.31525
  27 17.1863 117 1.18205
  28 18.1863 117 1.12353
  29 19.1863 116 1.06747
  30 20.1863 91 0.804698
18250000 30 3640
  1 -8.81367 110 1.06855
  2 -7.81367 143 1.47552
  3 -6.81367 114 1.07983
  4 -5.81367 129 1.18998
  5 -4.81367 113 1.11233
  6 -3.81367 136 1.47034
  7 -2.81367 132 1.30144
  8 -1.81367 119 1.12489
  9 -0.813671 113 1.05602
  10 0.186329 112 1.11741
  11 1.18633 122 1.31028
  12 2.18633 128 1.15125
  13 3.18633 114 1.10621
  14 4.18633 124 1.24493
  15 5.18633 134 1.26401
  16 6.18633 119 1.14115
  17 7.18633 126 1.18628
  18 8.18633 116 1.06858
  19 9.18633 137 1.38281
  20 10.1863 126 1.25522
  21 11.1863 118 1.29007
  22 12.1863 123 1.20122
  23 13.1863 115 1.11361
  24 14.1863 124 1.28033
  25 15.1863 129 1.18878
  26 16.1863 101 1.10838
  27 17.1863 136 1.42175
  28 18.1863 114 1.13739
  29 19.1863 121 1.09988
  30 20.1863 92 0.83926
18260000 30 3640
  1 -8.81367 105 1.11405
  2 -7.81367 141 1.36234
  3 -6.81367 107 1.10395
  4 -5.81367 131 1.13658
  5 -4.81367 113 1.11774
  6 -3.81367 126 1.25866
  7 -2.81367 133 1.34727
  8 -1.81367 136 1.35228
  9 -0.813671 113 1.05426
  10 0.186329 106 1.0255
  11 1.18633 111 1.14529
  12 2.18633 124 1.12907
  13 3.18633 116 1.16274
  14 4.18633 135 1.28372
  15 5.18633 125 1.25751
  16 6.18633 136 1.24011
  17 7.18633 123 1.13656
  18 8.18633 117 1.09291
  19 9.18633 141 1.43844
  20 10.1863 132 1.38581
  21 11.1863 114 1.17141
  22 12.1863 122 1.12284
  23 13.1863 113 1.19499
  24 14.1863 115 1.16531
  25 15.1863 130 1.25379
  26 16.1863 125 1.24121
  27 17.1863 123 1.38349
  28 18.1863 113 1.03797
  29 19.1863 128 1.04438
  30 20.1863 86 0.881861
18270000 30 3640
  1 -8.81367 98 1.01055
  2 -7.81367 153 1.42216
  3 -6.81367 119 1.16569
  4 -5.81367 124 1.17692
  5 -4.81367 125 1.22697
  6 -3.81367 130 1.3269
  7 -2.81367 133 1.39448
  8 -1.81367 117 1.1419
  9 -0.813671 129 1.17828
  10 0.186329 98 0.996907
  11 1.18633 109 1.11076
  12 2.18633 118 1.11323
  13 3.18633 139 1.39212
  14 4.18633 115 1.10433
  15 5.18633 142 1.31841
  16 6.18633 112 1.07066
  17 7.18633 130 1.19452
  18 8.18633 116 1.11071
  19 9.18633 136 1.41712
  20 10.1863 141 1.38328
  21 11.1863 112 1.21684
  22 12.1863 123 1.17326
  23 13.1863 119 1.18072
  24 14.1863 119 1.1995
  25 15.1863 116 1.18064
  26 16.1863 110 1.10679
  27 17.1863 128 1.36088
  28 18.1863 117 1.05444
  29 19.1863 114 1.05565
  30 20.1863 98 0.949385
18280000 30 3640
  1 -8.81367 95 1.00534
  2 -7.81367 138 1.27042
  3 -6.81367 113 1.13595
  4 -5.81367 128 1.23297
  5 -4.81367 122 1.14845
  6 -3.81367 125 1.27271
  7 -2.81367 136 1.38602
  8 -1.81367 131 1.22305
  9 -0.813671 113 1.08887
  10 0.186329 108 1.01405
  11 1.18633 105 1.12231
  12 2.18633 130 1.19336
  13 3.18633 124 1.25917
  14 4.18633 134 1.27527
  15 5.18633 140 1.36126
  16 6.18633 113 1.06009
  17 7.18633 128 1.11871
  18 8.18633 120 1.14224
  19 9.18633 133 1.33133
  20 10.1863 132 1.35494
  21 11.1863 117 1.16449
  22 12.1863 127 1.2069
  23 13.1863 118 1.18214
  24 14.1863 113 1.28022
  25 15.1863 126 1.17953
  26 16.1863 109 1.1347
  27 17.1863 130 1.35249
  28 18.1863 109 1.05508
  29 19.1863 119 1.07137
  30 20.1863 104 0.924471
18290000 30 3640
  1 -8.81367 125 1.30214
  2 -7.81367 132 1.19844
  3 -6.81367 114 1.09208
  4 -5.81367 122 1.23949
  5 -4.81367 120 1.1471
  6 -3.81367 133 1.38583
  7 -2.81367 131 1.33087
  8 -1.81367 129 1.25587
  9 -0.813671 104 1.04333
  10 0.186329 113 1.04331
  11 1.18633 106 1.13959
  12 2.18633 128 1.1259
  13 3.18633 126 1.24357
  14 4.18633 127 1.27204
  15 5.18633 127 1.27213
  16 6.18633 135 1.19598
  17 7.18633 119 1.08458
  18 8.18633 116 1.16832
  19 9.18633 145 1.4498
  20 10.1863 136 1.41217
  21 11.1863 110 1.0345
  22 12.1863 110 1.12954
  23 13.1863 124 1.16216
  24 14.1863 116 1.25967
  25 15.1863 110 1.05328
  26 16.1863 120 1.29579
  27 17.1863 114 1.18965
  28 18.1863 123 1.18327
  29 19.1863 114 1.02708
  30 20.1863 111 1.00079
18300000 30 3640
  1 -8.81367 80 0.782656
  2 -7.81367 144 1.45116
  3 -6.81367 119 1.12742
  4 -5.81367 125 1.23765
  5 -4.81367 120 1.16087
  6 -3.81367 134 1.26014
  7 -2.81367 126 1.39383
  8 -1.81367 137 1.27129
  9 -0.813671 116 1.03947
  10 0.186329 109 1.09771
  11 1.18633 112 1.16714
  12 2.18633 130 1.1622
  13 3.18633 132 1.27878
  14 4.18633 116 1.17574
  15 5.18633 139 1.33084
  16 6.18633 124 1.19313
  17 7.18633 121 1.0593
  18 8.18633 124 1.1635
  19 9.18633 144 1.43871
  20 10.1863 125 1.24762
  21 11.1863 118 1.27108
  22 12.1863 111 0.984978
  23 13.1863 127 1.20433
  24 14.1863 121 1.29483
  25 15.1863 120 1.15717
  26 16.1863 121 1.23773
  27 17.1863 120 1.28118
  28 18.1863 115 1.14969
  29 19.1863 115 1.0047
  30 20.1863 95 0.809938
18310000 30 3640
  1 -8.81367 72 0.734953
  2 -7.81367 155 1.43093
  3 -6.81367 113 1.13684
  4 -5.81367 128 1.22988
  5 -4.81367 121 1.09528
  6 -3.81367 140 1.37443
  7 -2.81367 124 1.27636
  8 -1.81367 127 1.17854
  9 -0.813671 119 1.23975
  10 0.186329 114 1.00344
  11 1.18633 112 1.1455
  12 2.18633 138 1.19455
  13 3.18633 121 1.19694
  14 4.18633 131 1.28748
  15 5.18633 137 1.34386
  16 6.18633 127 1.11976
  17 7.18633 123 1.12468
  18 8.18633 120 1.12952
  19 9.18633 133 1.32672
  20 10.1863 139 1.399
  21 11.1863 114 1.16125
  22 12.1863 114 1.02051
  23 13.1863 132 1.26071
  24 14.1863 112 1.14306
  25 15.1863 134 1.34011
  26 16.1863 123 1.21395
  27 17.1863 114 1.11123
  28 18.1863 114 1.15763
  29 19.1863 119 0.978964
  30 20.1863 70 0.644436
18320000 30 3640
  1 -8.81367 83 0.872085
  2 -7.81367 154 1.49118
  3 -6.81367 119 1.14496
  4 -5.81367 127 1.26649
  5 -4.81367 126 1.16862
  6 -3.81367 121 1.24417
  7 -2.81367 135 1.36574
  8 -1.81367 120 1.12142
  9 -0.813671 129 1.21578
  10 0.186329 98 0.961507
  11 1.18633 105 1.14501
  12 2.18633 135 1.10053
  13 3.18633 125 1.2915
  14 4.18633 132 1.28761
  15 5.18633 111 1.10035
  16 6.18633 135 1.26166
  17 7.18633 117 1.06441
  18 8.18633 138 1.30147
  19 9.18633 140 1.33854
  20 10.1863 127 1.34834
  21 11.1863 117 1.23054
  22 12.1863 121 1.06946
  23 13.1863 117 1.2132
  24 14.1863 118 1.21706
  25 15.1863 128 1.28009
  26 16.1863 115 1.07555
  27 17.1863 119 1.26662
  28 18.1863 125 1.20086
  29 19.1863 123 1.12645
  30 20.1863 80 0.671238
18330000 30 3640
  1 -8.81367 96 0.927293
  2 -7.81367 139 1.35926
  3 -6.81367 119 1.21096
  4 -5.81367 128 1.24954
  5 -4.81367 121 1.11903
  6 -3.81367 124 1.32284
  7 -2.81367 130 1.29194
  8 -1.81367 121 1.10151
  9 -0.813671 123 1.28951
  10 0.186329 113 1.06665
  11 1.18633 115 1.13279
  12 2.18633 120 1.04434
  13 3.18633 119 1.25586
  14 4.18633 129 1.23216
  15 5.18633 124 1.22232
  16 6.18633 133 1.28316
  17 7.18633 117 0.998353
  18 8.18633 129 1.22725
  19 9.18633 143 1.46627
  20 10.1863 129 1.29807
  21 11.1863 115 1.20589
  22 12.1863 126 1.16635
  23 13.1863 107 1.13129
  24 14.1863 127 1.2685
  25 15.1863 123 1.20848
  26 16.1863 125 1.21971
  27 17.1863 120 1.28079
  28 18.1863 120 1.14257
  29 19.1863 102 0.911165
  30 20.1863 103 0.92601
18340000 30 3640
  1 -8.81367 96 0.950493
  2 -7.81367 144 1.37405
  3 -6.81367 113 1.14678
  4 -5.81367 130 1.22247
  5 -4.81367 124 1.19022
  6 -3.81367 136 1.36651
  7 -2.81367 129 1.36276
  8 -1.81367 123 1.16038
  9 -0.813671 116 1.15058
  10 0.186329 104 0.980246
  11 1.18633 111 1.17906
  12 2.18633 130 1.11581
  13 3.18633 124 1.2152
  14 4.18633 124 1.18885
  15 5.18633 125 1.26104
  16 6.18633 114 1.04988
  17 7.18633 122 1.16784
  18 8.18633 128 1.16797
  19 9.18633 135 1.34557
  20 10.1863 136 1.30081
  21 11.1863 106 1.15772
  22 12.1863 126 1.18151
  23 13.1863 118 1.19519
  24 14.1863 116 1.2052
  25 15.1863 127 1.19897
  26 16.1863 120 1.2348
  27 17.1863 126 1.35049
  28 18.1863 124 1.20635
  29 19.1863 119 0.963034
  30 20.1863 94 0.90565
18350000 30 3640
  1 -8.81367 100 1.03952
  2 -7.81367 142 1.3433
  3 -6.81367 115 1.11046
  4 -5.81367 125 1.17764
  5 -4.81367 129 1.1989
  6 -3.81367 122 1.25596
  7 -2.81367 137 1.40291
  8 -1.81367 126 1.2337
  9 -0.813671 122 1.21254
  10 0.186329 106 1.06325
  11 1.18633 113 1.08814
  12 2.18633 129 1.18393
  13 3.18633 143 1.39312
  14 4.18633 110 1.09672
  15 5.18633 132 1.2674
  16 6.18633 124 1.15903
  17 7.18633 117 1.00352
  18 8.18633 128 1.28975
  19 9.18633 138 1.40673
  20 10.1863 141 1.45763
  21 11.1863 109 1.1378
  22 12.1863 125 1.11547
  23 13.1863 104 1.01221
  24 14.1863 120 1.19273
  25 15.1863 113 1.14401
  26 16.1863 121 1.302
  27 17.1863 125 1.27727
  28 18.1863 117 1.17647
  29 19.1863 117 1.00104
  30 20.1863 90 0.824144
18360000 30 3640
  1 -8.81367 106 1.05034
  2 -7.81367 122 1.27063
  3 -6.81367 116 1.1139
  4 -5.81367 130 1.22952
  5 -4.81367 124 1.19721
  6 -3.81367 131 1.2942
  7 -2.81367 132 1.395
  8 -1.81367 139 1.2508
  9 -0.813671 114 1.13746
  10 0.186329 99 0.938488
  11 1.18633 120 1.2533
  12 2.18633 119 0.99699
  13 3.18633 122 1.28812
  14 4.18633 124 1.22072
  15 5.18633 133 1.29561
  16 6.18633 129 1.18732
  17 7.18633 115 1.09644
  18 8.18633 119 1.00824
  19 9.18633 144 1.50464
  20 10.1863 126 1.22331
  21 11.1863 121 1.29535
  22 12.1863 108 1.10512
  23 13.1863 135 1.24093
  24 14.1863 121 1.27319
  25 15.1863 113 1.15975
  26 16.1863 130 1.34904
  27 17.1863 128 1.34529
  28 18.1863 110 1.02546
  29 19.1863 114 0.969614
  30 20.1863 96 0.840122
18370000 30 3640
  1 -8.81367 85 0.839957
  2 -7.81367 138 1.33464
  3 -6.81367 126 1.23329
  4 -5.81367 127 1.20848
  5 -4.81367 124 1.227
  6 -3.81367 135 1.32719
  7 -2.81367 135 1.32232
  8 -1.81367 121 1.19854
  9 -0.813671 117 1.14056
  10 0.186329 124 1.18637
  11 1.18633 110 1.04284
  12 2.18633 111 1.04281
  13 3.18633 134 1.31506
  14 4.18633 130 1.22946
  15 5.18633 134 1.40141
  16 6.18633 122 0.998427
  17 7.18633 125 1.18382
  18 8.18633 123 1.15916
  19 9.18633 141 1.40638
  20 10.1863 132 1.34331
  21 11.1863 121 1.31967
  22 12.1863 115 1.05394
  23 13.1863 127 1.16907
  24 14.1863 113 1.16035
  25 15.1863 121 1.24431
  26 16.1863 121 1.211
  27 17.1863 116 1.18995
  28 18.1863 135 1.24444
  29 19.1863 103 0.896943
  30 20.1863 74 0.710011
18380000 30 3640
  1 -8.81367 118 1.10783
  2 -7.81367 133 1.36098
  3 -6.81367 115 1.14257
  4 -5.81367 125 1.18006
  5 -4.81367 122 1.18383
  6 -3.81367 133 1.34468
  7 -2.81367 118 1.15393
  8 -1.81367 133 1.33217
  9 -0.813671 114 1.02442
  10 0.186329 105 0.996683
  11 1.18633 104 1.14519
  12 2.18633 128 1.17528
  13 3.18633 136 1.33236
  14 4.18633 124 1.18377
  15 5.18633 138 1.35732
  16 6.18633 121 1.17384
  17 7.18633 118 1.07042
  18 8.18633 111 1.07793
  19 9.18633 144 1.33356
  20 10.1863 130 1.39958
  21 11.1863 121 1.22867
  22 12.1863 107 1.14256
  23 13.1863 123 1.10417
  24 14.1863 118 1.18393
  25 15.1863 122 1.22124
  26 16.1863 117 1.2174
  27 17.1863 120 1.22498
  28 18.1863 130 1.41085
  29 19.1863 123 0.958283
  30 20.1863 89 0.87202
18390000 30 3640
  1 -8.81367 93 0.868322
  2 -7.81367 131 1.25728
  3 -6.81367 123 1.21861
  4 -5.81367 115 1.15214
  5 -4.81367 133 1.27862
  6 -3.81367 140 1.4373
  7 -2.81367 127 1.28985
  8 -1.81367 124 1.1835
  9 -0.813671 120 1.15854
  10 0.186329 101 1.06721
  11 1.18633 116 1.11733
  12 2.18633 112 1.08345
  13 3.18633 140 1.29381
  14 4.18633 121 1.24594
  15 5.18633 129 1.21485
  16 6.18633 125 1.18605
  17 7.18633 116 1.03095
  18 8.18633 120 1.21478
  19 9.18633 138 1.30614
  20 10.1863 128 1.40364
  21 11.1863 113 1.16337
  22 12.1863 113 1.08591
  23 13.1863 127 1.19494
  24 14.1863 127 1.28367
  25 15.1863 120 1.26848
  26 16.1863 128 1.25862
  27 17.1863 106 1.15091
  28 18.1863 138 1.29245
  29 19.1863 114 1.01597
  30 20.1863 102 1.02084
18400000 30 3640
  1 -8.81367 109 1.18509
  2 -7.81367 139 1.29206
  3 -6.81367 110 1.09187
  4 -5.81367 123 1.23714
  5 -4.81367 124 1.16279
  6 -3.81367 129 1.27945
  7 -2.81367 128 1.34652
  8 -1.81367 131 1.24348
  9 -0.813671 112 1.1417
  10 0.186329 118 1.07219
  11 1.18633 101 0.986378
  12 2.18633 124 1.13311
  13 3.18633 137 1.34412
  14 4.18633 131 1.30803
  15 5.18633 127 1.20385
  16 6.18633 120 1.09695
  17 7.18633 118 1.09326
  18 8.18633 119 1.07587
  19 9.18633 137 1.44097
  20 10.1863 124 1.23976
  21 11.1863 112 1.20236
  22 12.1863 120 1.15399
  23 13.1863 132 1.26237
  24 14.1863 120 1.19376
  25 15.1863 120 1.18391
  26 16.1863 124 1.26697
  27 17.1863 114 1.25223
  28 18.1863 124 1.22978
  29 19.1863 105 0.848663
  30 20.1863 108 0.923063
18410000 30 3640
  1 -8.81367 100 0.989361
  2 -7.81367 136 1.37466
  3 -6.81367 130 1.26105
  4 -5.81367 106 1.06332
  5 -4.81367 129 1.14994
  6 -3.81367 125 1.28936
  7 -2.81367 129 1.29439
  8 -1.81367 130 1.17706
  9 -0.813671 125 1.26969
  10 0.186329 105 0.962369
  11 1.18633 115 1.11163
  12 2.18633 113 1.07713
  13 3.18633 143 1.32045
  14 4.18633 124 1.30785
  15 5.18633 135 1.20934
  16 6.18633 124 1.21406
  17 7.18633 114 1.00056
  18 8.18633 118 1.07592
  19 9.18633 143 1.51545
  20 10.1863 133 1.30304
  21 11.1863 123 1.35471
  22 12.1863 115 0.999304
  23 13.1863 127 1.20066
  24 14.1863 122 1.28086
  25 15.1863 123 1.1659
  26 16.1863 111 1.13621
  27 17.1863 121 1.23884
  28 18.1863 125 1.30299
  29 19.1863 119 0.974709
  30 20.1863 77 0.667037
18420000 30 3640
  1 -8.81367 94 0.929243
  2 -7.81367 139 1.42505
  3 -6.81367 120 1.09701
  4 -5.81367 118 1.17956
  5 -4.81367 132 1.22852
  6 -3.81367 125 1.25719
  7 -2.81367 136 1.40495
  8 -1.81367 129 1.28348
  9 -0.813671 119 1.11211
  10 0.186329 105 1.02195
  11 1.18633 106 1.12459
  12 2.18633 123 1.17594
  13 3.18633 137 1.24984
  14 4.18633 120 1.29099
  15 5.18633 115 1.05076
  16 6.18633 134 1.26106
  17 7.18633 121 1.11582
  18 8.18633 131 1.26366
  19 9.18633 140 1.41378
  20 10.1863 125 1.28352
  21 11.1863 121 1.33848
  22 12.1863 109 0.92682
  23 13.1863 125 1.25609
  24 14.1863 129 1.2198
  25 15.1863 118 1.24718
  26 16.1863 112 1.18959
  27 17.1863 119 1.2422
  28 18.1863 124 1.22597
  29 19.1863 121 1.08082
  30 20.1863 93 0.88162
18430000 30 3640
  1 -8.81367 112 1.07939
  2 -7.81367 137 1.39225
  3 -6.81367 121 1.12526
  4 -5.81367 124 1.22328
  5 -4.81367 112 0.978793
  6 -3.81367 132 1.40697
  7 -2.81367 129 1.29783
  8 -1.81367 130 1.35729
  9 -0.813671 123 1.06465
  10 0.186329 100 0.945206
  11 1.18633 117 1.25933
  12 2.18633 117 1.03232
  13 3.18633 135 1.31403
  14 4.18633 114 1.12645
  15 5.18633 132 1.25079
  16 6.18633 120 1.09176
  17 7.18633 116 1.11901
  18 8.18633 119 1.04586
  19 9.18633 152 1.54378
  20 10.1863 124 1.3512
  21 11.1863 118 1.17863
  22 12.1863 117 1.11527
  23 13.1863 120 1.16506
  24 14.1863 122 1.2681
  25 15.1863 107 1.04446
  26 16.1863 120 1.19968
  27 17.1863 134 1.31653
  28 18.1863 121 1.26314
  29 19.1863 113 0.950276
  30 20.1863 102 0.977377
18440000 30 3640
  1 -8.81367 69 0.678031
  2 -7.81367 144 1.4097
  3 -6.81367 131 1.29033
  4 -5.81367 122 1.2058
  5 -4.81367 128 1.14889
  6 -3.81367 130 1.34981
  7 -2.81367 133 1.273
  8 -1.81367 116 1.17603
  9 -0.813671 128 1.19984
  10 0.186329 109 1.03337
  11 1.18633 112 1.15254
  12 2.18633 119 1.16618
  13 3.18633 140 1.32408
  14 4.18633 121 1.1947
  15 5.18633 137 1.31025
  16 6.18633 112 1.03582
  17 7.18633 129 1.15262
  18 8.18633 117 1.04213
  19 9.18633 148 1.63545
  20 10.1863 129 1.23081
  21 11.1863 118 1.28402
  22 12.1863 113 0.99732
  23 13.1863 124 1.11542
  24 14.1863 114 1.2345
  25 15.1863 136 1.34252
  26 16.1863 122 1.26667
  27 17.1863 123 1.2779
  28 18.1863 123 1.25189
  29 19.1863 123 0.997457
  30 20.1863 70 0.705435
18450000 30 3640
  1 -8.81367 94 0.896752
  2 -7.81367 140 1.39169
  3 -6.81367 114 1.11557
  4 -5.81367 125 1.24108
  5 -4.81367 119 1.07092
  6 -3.81367 130 1.31073
  7 -2.81367 133 1.38664
  8 -1.81367 119 1.08331
  9 -0.813671 125 1.21641
  10 0.186329 105 1.01121
  11 1.18633 111 1.17536
  12 2.18633 120 1.12186
  13 3.18633 126 1.11083
  14 4.18633 127 1.36041
  15 5.18633 138 1.27745
  16 6.18633 120 1.09447
  17 7.18633 122 1.10449
  18 8.18633 117 1.09828
  19 9.18633 145 1.49491
  20 10.1863 130 1.32201
  21 11.1863 123 1.26839
  22 12.1863 117 1.09833
  23 13.1863 128 1.24121
  24 14.1863 113 1.19406
  25 15.1863 121 1.15911
  26 16.1863 123 1.25353
  27 17.1863 119 1.25995
  28 18.1863 126 1.25857
  29 19.1863 118 1.01747
  30 20.1863 92 0.898007
18460000 30 3640
  1 -8.81367 115 1.19149
  2 -7.81367 131 1.30975
  3 -6.81367 120 1.14417
  4 -5.81367 125 1.26609
  5 -4.81367 131 1.21024
  6 -3.81367 132 1.33956
  7 -2.81367 132 1.35696
  8 -1.81367 127 1.15418
  9 -0.813671 106 1.07074
  10 0.186329 99 0.998567
  11 1.18633 120 1.19776
  12 2.18633 127 1.16423
  13 3.18633 121 1.19524
  14 4.18633 130 1.23627
  15 5.18633 116 1.16037
  16 6.18633 144 1.36213
  17 7.18633 105 0.942571
  18 8.18633 132 1.30233
  19 9.18633 140 1.3236
  20 10.1863 132 1.3756
  21 11.1863 109 1.16895
  22 12.1863 111 1.04717
  23 13.1863 119 1.11436
  24 14.1863 120 1.23747
  25 15.1863 118 1.19653
  26 16.1863 131 1.27857
  27 17.1863 121 1.27748
  28 18.1863 110 1.04333
  29 19.1863 117 1.05835
  30 20.1863 99 0.846712
18470000 30 3640
  1 -8.81367 115 1.18418
  2 -7.81367 151 1.42686
  3 -6.81367 107 1.09106
  4 -5.81367 125 1.19293
  5 -4.81367 126 1.203
  6 -3.81367 136 1.36137
  7 -2.81367 122 1.36743
  8 -1.81367 135 1.25955
  9 -0.813671 108 1.06615
  10 0.186329 103 0.991853
  11 1.18633 114 1.17796
  12 2.18633 130 1.18049
  13 3.18633 128 1.29483
  14 4.18633 120 1.179
  15 5.18633 137 1.35518
  16 6.18633 123 1.16027
  17 7.18633 122 1.08371
  18 8.18633 120 1.14651
  19 9.18633 143 1.50593
  20 10.1863 124 1.27585
  21 11.1863 125 1.28333
  22 12.1863 119 1.16532
  23 13.1863 124 1.14527
  24 14.1863 112 1.21191
  25 15.1863 115 1.15895
  26 16.1863 119 1.22684
  27 17.1863 128 1.38273
  28 18.1863 108 1.03957
  29 19.1863 114 1.00702
  30 20.1863 87 0.789451
18480000 30 3640
  1 -8.81367 81 0.841565
  2 -7.81367 148 1.48325
  3 -6.81367 112 0.950345
  4 -5.81367 130 1.31534
  5 -4.81367 119 1.14385
  6 -3.81367 135 1.29688
  7 -2.81367 126 1.28949
  8 -1.81367 126 1.14763
  9 -0.813671 122 1.25744
  10 0.186329 115 1.06507
  11 1.18633 110 1.07361
  12 2.18633 132 1.21935
  13 3.18633 129 1.26368
  14 4.18633 136 1.31287
  15 5.18633 123 1.20198
  16 6.18633 127 1.19083
  17 7.18633 111 1.00084
  18 8.18633 110 1.07729
  19 9.18633 150 1.40681
  20 10.1863 139 1.41664
  21 11.1863 115 1.25607
  22 12.1863 113 1.09208
  23 13.1863 127 1.15014
  24 14.1863 121 1.29826
  25 15.1863 126 1.18094
  26 16.1863 120 1.20312
  27 17.1863 120 1.29073
  28 18.1863 110 1.03656
  29 19.1863 127 1.04784
  30 20.1863 80 0.745343
18490000 30 3640
  1 -8.81367 82 0.785963
  2 -7.81367 143 1.42768
  3 -6.81367 127 1.22302
  4 -5.81367 126 1.27992
  5 -4.81367 123 1.12488
  6 -3.81367 132 1.33335
  7 -2.81367 133 1.347
  8 -1.81367 120 1.09257
  9 -0.813671 117 1.1869
  10 0.186329 114 1.05669
  11 1.18633 112 1.14347
  12 2.18633 127 1.19321
  13 3.18633 130 1.23904
  14 4.18633 125 1.2627
  15 5.18633 128 1.19323
  16 6.18633 122 1.13105
  17 7.18633 119 1.08518
  18 8.18633 112 1.07025
  19 9.18633 150 1.44769
  20 10.1863 132 1.43884
  21 11.1863 114 1.19555
  22 12.1863 126 1.12988
  23 13.1863 122 1.16334
  24 14.1863 120 1.25773
  25 15.1863 126 1.29114
  26 16.1863 112 1.14589
  27 17.1863 122 1.27511
  28 18.1863 122 1.13353
  29 19.1863 113 0.990867
  30 20.1863 89 0.825616
18500000 30 3640
  1 -8.81367 98 0.91812
  2 -7.81367 145 1.48287
  3 -6.81367 116 1.10504
  4 -5.81367 134 1.31554
  5 -4.81367 120 1.12364
  6 -3.81367 135 1.38367
  7 -2.81367 136 1.3528
  8 -1.81367 123 1.15708
  9 -0.813671 121 1.1498
  10 0.186329 96 0.875919
  11 1.18633 108 1.18311
  12 2.18633 129 1.16589
  13 3.18633 135 1.36275
  14 4.18633 113 1.09134
  15 5.18633 131 1.1709
  16 6.18633 127 1.19423
  17 7.18633 118 1.08158
  18 8.18633 124 1.30079
  19 9.18633 142 1.33054
  20 10.1863 129 1.31318
  21 11.1863 115 1.23624
  22 12.1863 103 0.941526
  23 13.1863 120 1.08664
  24 14.1863 128 1.34786
  25 15.1863 129 1.26613
  26 16.1863 117 1.21151
  27 17.1863 118 1.17693
  28 18.1863 116 1.17069
  29 19.1863 121 1.05069
  30 20.1863 93 0.847364
18510000 30 3640
  1 -8.81367 79 0.7763
  2 -7.81367 161 1.66652
  3 -6.81367 116 1.03051
  4 -5.81367 125 1.22376
  5 -4.81367 118 1.15812
  6 -3.81367 133 1.323
  7 -2.81367 135 1.32674
  8 -1.81367 133 1.26603
  9 -0.813671 116 1.14837
  10 0.186329 110 0.999482
  11 1.18633 102 1.11233
  12 2.18633 125 1.14835
  13 3.18633 131 1.28214
  14 4.18633 122 1.15073
  15 5.18633 127 1.22891
  16 6.18633 124 1.13708
  17 7.18633 118 1.07764
  18 8.18633 118 1.16317
  19 9.18633 155 1.53143
  20 10.1863 121 1.30802
  21 11.1863 115 1.11972
  22 12.1863 125 1.19907
  23 13.1863 120 1.11732
  24 14.1863 127 1.30085
  25 15.1863 115 1.11849
  26 16.1863 104 1.10101
  27 17.1863 135 1.38386
  28 18.1863 117 1.19776
  29 19.1863 118 0.952525
  30 20.1863 95 0.877901
18520000 30 3640
  1 -8.81367 99 0.981474
  2 -7.81367 142 1.37289
  3 -6.81367 113 1.07582
  4 -5.81367 133 1.28575
  5 -4.81367 117 1.0623
  6 -3.81367 133 1.43846
  7 -2.81367 123 1.19013
  8 -1.81367 135 1.27341
  9 -0.813671 106 0.997651
  10 0.186329 118 1.19392
  11 1.18633 110 1.16046
  12 2.18633 130 1.1604
  13 3.18633 128 1.29467
  14 4.18633 131 1.28069
  15 5.18633 129 1.20149
  16 6.18633 124 1.14675
  17 7.18633 127 1.17405
  18 8.18633 120 1.12815
  19 9.18633 147 1.46971
  20 10.1863 125 1.30814
  21 11.1863 104 1.13535
  22 12.1863 117 1.00518
  23 13.1863 131 1.31569
  24 14.1863 120 1.16292
  25 15.1863 119 1.20753
  26 16.1863 122 1.23726
  27 17.1863 117 1.26345
  28 18.1863 123 1.15178
  29 19.1863 109 0.990181
  30 20.1863 88 0.828706
18530000 30 3640
  1 -8.81367 103 1.05209
  2 -7.81367 154 1.45298
  3 -6.81367 106 1.08303
  4 -5.81367 140 1.23892
  5 -4.81367 116 1.19262
  6 -3.81367 136 1.41793
  7 -2.81367 122 1.20758
  8 -1.81367 136 1.2513
  9 -0.813671 111 1.06331
  10 0.186329 106 1.05953
  11 1.18633 103 1.04089
  12 2.18633 137 1.24145
  13 3.18633 125 1.22641
  14 4.18633 132 1.29468
  15 5.18633 119 1.19024
  16 6.18633 133 1.27242
  17 7.18633 120 1.06705
  18 8.18633 127 1.26005
  19 9.18633 130 1.22633
  20 10.1863 136 1.50131
  21 11.1863 116 1.08812
  22 12.1863 116 1.12679
  23 13.1863 128 1.23889
  24 14.1863 115 1.16658
  25 15.1863 122 1.20019
  26 16.1863 114 1.25481
  27 17.1863 117 1.18648
  28 18.1863 118 1.21015
  29 19.1863 103 0.838029
  30 20.1863 99 0.920066
18540000 30 3640
  1 -8.81367 105 0.980207
  2 -7.81367 125 1.18054
  3 -6.81367 127 1.26592
  4 -5.81367 126 1.19904
  5 -4.81367 115 1.11989
  6 -3.81367 135 1.3289
  7 -2.81367 126 1.33143
  8 -1.81367 130 1.20283
  9 -0.813671 114 1.09515
  10 0.186329 103 1.05814
  11 1.18633 121 1.24365
  12 2.18633 131 1.11874
  13 3.18633 126 1.22036
  14 4.18633 129 1.29542
  15 5.18633 131 1.24498
  16 6.18633 121 1.10883
  17 7.18633 120 1.1719
  18 8.18633 116 1.04698
  19 9.18633 155 1.51469
  20 10.1863 127 1.36722
  21 11.1863 125 1.23864
  22 12.1863 115 1.02474
  23 13.1863 121 1.16452
  24 14.1863 108 1.11492
  25 15.1863 120 1.21269
  26 16.1863 124 1.24355
  27 17.1863 126 1.34394
  28 18.1863 125 1.15088
  29 19.1863 111 0.971515
  30 20.1863 82 0.794376
18550000 30 3640
  1 -8.81367 81 0.742272
  2 -7.81367 140 1.35684
  3 -6.81367 128 1.25153
  4 -5.81367 128 1.18907
  5 -4.81367 125 1.11572
  6 -3.81367 134 1.46681
  7 -2.81367 126 1.17084
  8 -1.81367 129 1.29553
  9 -0.813671 127 1.19656
  10 0.186329 118 1.14874
  11 1.18633 104 0.938137
  12 2.18633 139 1.31292
  13 3.18633 127 1.24054
  14 4.18633 121 1.23193
  15 5.18633 130 1.2222
  16 6.18633 123 1.03124
  17 7.18633 129 1.16835
  18 8.18633 105 0.96146
  19 9.18633 157 1.61638
  20 10.1863 117 1.17076
  21 11.1863 127 1.32247
  22 12.1863 103 0.941782
  23 13.1863 136 1.39228
  24 14.1863 117 1.01424
  25 15.1863 125 1.26256
  26 16.1863 98 0.971064
  27 17.1863 131 1.37284
  28 18.1863 121 1.1658
  29 19.1863 121 1.01658
  30 20.1863 73 0.700429
18560000 30 3640
  1 -8.81367 86 0.941766
  2 -7.81367 135 1.30907
  3 -6.81367 129 1.283
  4 -5.81367 124 1.09329
  5 -4.81367 133 1.35118
  6 -3.81367 131 1.24078
  7 -2.81367 125 1.29044
  8 -1.81367 131 1.27803
  9 -0.813671 110 1.02629
  10 0.186329 104 1.05734
  11 1.18633 113 1.09195
  12 2.18633 119 1.18868
  13 3.18633 132 1.21622
  14 4.18633 134 1.31766
  15 5.18633 128 1.24711
  16 6.18633 123 1.12178
  17 7.18633 117 1.11429
  18 8.18633 122 1.02023
  19 9.18633 145 1.47285
  20 10.1863 127 1.35485
  21 11.1863 114 1.1638
  22 12.1863 121 1.12552
  23 13.1863 115 1.09326
  24 14.1863 115 1.26694
  25 15.1863 121 1.15644
  26 16.1863 121 1.27542
  27 17.1863 137 1.42954
  28 18.1863 116 1.08329
  29 19.1863 119 1.01638
  30 20.1863 93 0.823928
18570000 30 3640
  1 -8.81367 117 1.14455
  2 -7.81367 136 1.45208
  3 -6.81367 117 1.14062
  4 -5.81367 129 1.28497
  5 -4.81367 123 1.09262
  6 -3.81367 127 1.39998
  7 -2.81367 122 1.22427
  8 -1.81367 131 1.20151
  9 -0.813671 105 1.08247
  10 0.186329 105 0.992646
  11 1.18633 108 1.21152
  12 2.18633 136 1.21046
  13 3.18633 127 1.30918
  14 4.18633 108 1.04184
  15 5.18633 145 1.46355
  16 6.18633 114 1.05462
  17 7.18633 127 1.17242
  18 8.18633 118 1.14073
  19 9.18633 141 1.48124
  20 10.1863 126 1.29001
  21 11.1863 122 1.30514
  22 12.1863 104 0.949529
  23 13.1863 119 1.21924
  24 14.1863 117 1.20656
  25 15.1863 130 1.33812
  26 16.1863 120 1.23306
  27 17.1863 129 1.37999
  28 18.1863 109 1.06599
  29 19.1863 118 1.07112
  30 20.1863 110 1.01031
18580000 30 3640
  1 -8.81367 117 1.09313
  2 -7.81367 117 1.19711
  3 -6.81367 117 1.13445
  4 -5.81367 127 1.24478
  5 -4.81367 127 1.25736
  6 -3.81367 120 1.25607
  7 -2.81367 141 1.39538
  8 -1.81367 121 1.19717
  9 -0.813671 114 1.06665
  10 0.186329 117 1.15958
  11 1.18633 113 1.17717
  12 2.18633 123 1.15337
  13 3.18633 116 1.15582
  14 4.18633 128 1.21596
  15 5.18633 139 1.39425
  16 6.18633 125 1.12572
  17 7.18633 116 1.07047
  18 8.18633 122 1.12827
  19 9.18633 137 1.4292
  20 10.1863 130 1.34645
  21 11.1863 121 1.28992
  22 12.1863 110 1.09313
  23 13.1863 124 1.02791
  24 14.1863 118 1.36652
  25 15.1863 120 1.21464
  26 16.1863 124 1.24108
  27 17.1863 109 1.16711
  28 18.1863 128 1.21226
  29 19.1863 104 0.951275
  30 20.1863 115 1.09051
18590000 30 3640
  1 -8.81367 102 1.05279
  2 -7.81367 142 1.31668
  3 -6.81367 109 1.08129
  4 -5.81367 135 1.29909
  5 -4.81367 125 1.21202
  6 -3.81367 130 1.30526
  7 -2.81367 113 1.0963
  8 -1.81367 137 1.38245
  9 -0.813671 110 1.04786
  10 0.186329 114 1.03672
  11 1.18633 116 1.26304
  12 2.18633 133 1.20213
  13 3.18633 121 1.15751
  14 4.18633 126 1.22806
  15 5.18633 134 1.3676
  16 6.18633 121 1.11504
  17 7.18633 129 1.11883
  18 8.18633 116 1.11875
  19 9.18633 139 1.40988
  20 10.1863 135 1.38128
  21 11.1863 118 1.23305
  22 12.1863 106 0.971889
  23 13.1863 123 1.18475
  24 14.1863 122 1.21466
  25 15.1863 115 1.25168
  26 16.1863 121 1.23065
  27 17.1863 114 1.18347
  28 18.1863 122 1.19579
  29 19.1863 121 1.08522
  30 20.1863 91 0.808905
18600000 30 3640
  1 -8.81367 101 1.00101
  2 -7.81367 156 1.48426
  3 -6.81367 122 1.18112
  4 -5.81367 129 1.28533
  5 -4.81367 120 1.12905
  6 -3.81367 136 1.36233
  7 -2.81367 130 1.28919
  8 -1.81367 134 1.28416
  9 -0.813671 104 0.985022
  10 0.186329 104 1.07934
  11 1.18633 108 1.05575
  12 2.18633 129 1.13404
  13 3.18633 136 1.39971
  14 4.18633 111 1.08551
  15 5.18633 134 1.26447
  16 6.18633 124 1.13644
  17 7.18633 117 1.06942
  18 8.18633 124 1.06947
  19 9.18633 134 1.52386
  20 10.1863 131 1.28544
  21 11.1863 122 1.30273
  22 12.1863 117 1.08184
  23 13.1863 110 1.06058
  24 14.1863 121 1.25954
  25 15.1863 122 1.16252
  26 16.1863 120 1.20711
  27 17.1863 120 1.28677
  28 18.1863 107 1.08294
  29 19.1863 125 1.10673
  30 20.1863 92 0.828527
18610000 30 3640
  1 -8.81367 77 0.765207
  2 -7.81367 137 1.35226
  3 -6.81367 116 1.09144
  4 -5.81367 134 1.29782
  5 -4.81367 123 1.18293
  6 -3.81367 127 1.23477
  7 -2.81367 135 1.35591
  8 -1.81367 136 1.2818
  9 -0.813671 111 1.12985
  10 0.186329 116 1.0371
  11 1.18633 105 1.11619
  12 2.18633 128 1.20776
  13 3.18633 133 1.25227
  14 4.18633 109 1.05428
  15 5.18633 144 1.40546
  16 6.18633 117 1.06925
  17 7.18633 124 1.14096
  18 8.18633 119 1.02857
  19 9.18633 151 1.57467
  20 10.1863 117 1.09401
  21 11.1863 123 1.35456
  22 12.1863 118 1.12853
  23 13.1863 133 1.30041
  24 14.1863 114 1.17922
  25 15.1863 132 1.27687
  26 16.1863 127 1.28424
  27 17.1863 115 1.20024
  28 18.1863 129 1.21629
  29 19.1863 116 1.06062
  30 20.1863 74 0.641574
18620000 30 3640
  1 -8.81367 104 0.957959
  2 -7.81367 142 1.49548
  3 -6.81367 116 1.06677
  4 -5.81367 128 1.28291
  5 -4.81367 118 1.06057
  6 -3.81367 133 1.45154
  7 -2.81367 125 1.23675
  8 -1.81367 121 1.10549
  9 -0.813671 113 1.12793
  10 0.186329 125 1.24183
  11 1.18633 103 1.09174
  12 2.18633 117 1.0518
  13 3.18633 120 1.15427
  14 4.18633 134 1.36421
  15 5.18633 136 1.29935
  16 6.18633 116 1.06922
  17 7.18633 123 1.08928
  18 8.18633 113 1.12424
  19 9.18633 139 1.41302
  20 10.1863 133 1.3718
  21 11.1863 121 1.19791
  22 12.1863 111 1.12169
  23 13.1863 128 1.2218
  24 14.1863 122 1.23058
  25 15.1863 126 1.30544
  26 16.1863 122 1.23924
  27 17.1863 124 1.35425
  28 18.1863 113 1.02421
  29 19.1863 127 1.13056
  30 20.1863 87 0.845342
18630000 30 3640
  1 -8.81367 105 0.936072
  2 -7.81367 137 1.41118
  3 -6.81367 121 1.15366
  4 -5.81367 132 1.26613
  5 -4.81367 114 1.11729
  6 -3.81367 138 1.36993
  7 -2.81367 124 1.33241
  8 -1.81367 131 1.21992
  9 -0.813671 111 1.0636
  10 0.186329 115 1.18622
  11 1.18633 110 1.08974
  12 2.18633 130 1.20247
  13 3.18633 128 1.31504
  14 4.18633 117 1.11102
  15 5.18633 142 1.38513
  16 6.18633 115 1.03356
  17 7.18633 121 1.12616
  18 8.18633 118 1.13614
  19 9.18633 143 1.51507
  20 10.1863 132 1.33866
  21 11.1863 121 1.26367
  22 12.1863 111 0.968498
  23 13.1863 125 1.22865
  24 14.1863 106 1.12859
  25 15.1863 125 1.25865
  26 16.1863 119 1.17859
  27 17.1863 118 1.27124
  28 18.1863 116 1.1523
  29 19.1863 122 1.08113
  30 20.1863 93 0.905816
18640000 30 3640
  1 -8.81367 86 0.908301
  2 -7.81367 147 1.41506
  3 -6.81367 111 1.09235
  4 -5.81367 137 1.26543
  5 -4.81367 124 1.18763
  6 -3.81367 131 1.29743
  7 -2.81367 132 1.36052
  8 -1.81367 122 1.16655
  9 -0.813671 119 1.10987
  10 0.186329 116 1.17154
  11 1.18633 110 1.10979
  12 2.18633 118 1.03689
  13 3.18633 133 1.278
  14 4.18633 134 1.33325
  15 5.18633 129 1.20872
  16 6.18633 115 1.03561
  17 7.18633 122 1.12954
  18 8.18633 124 1.15678
  19 9.18633 139 1.44087
  20 10.1863 132 1.32839
  21 11.1863 125 1.22333
  22 12.1863 109 1.04069
  23 13.1863 116 1.21716
  24 14.1863 129 1.17171
  25 15.1863 123 1.33082
  26 16.1863 111 1.06409
  27 17.1863 118 1.22702
  28 18.1863 119 1.16661
  29 19.1863 123 1.174
  30 20.1863 86 0.658816
18650000 30 3640
  1 -8.81367 88 0.94549
  2 -7.81367 135 1.31947
  3 -6.81367 120 1.10836
  4 -5.81367 134 1.31442
  5 -4.81367 124 1.15427
  6 -3.81367 135 1.32932
  7 -2.81367 116 1.22249
  8 -1.81367 127 1.19156
  9 -0.813671 122 1.1915
  10 0.186329 112 1.0239
  11 1.18633 111 1.20396
  12 2.18633 123 1.19161
  13 3.18633 120 1.07857
  14 4.18633 135 1.38399
  15 5.18633 140 1.33944
  16 6.18633 116 1.06857
  17 7.18633 120 1.07852
  18 8.18633 119 1.13441
  19 9.18633 152 1.52828
  20 10.1863 136 1.35421
  21 11.1863 122 1.31311
  22 12.1863 105 0.912085
  23 13.1863 130 1.29957
  24 14.1863 118 1.15315
  25 15.1863 118 1.23864
  26 16.1863 117 1.19643
  27 17.1863 121 1.23002
  28 18.1863 125 1.28837
  29 19.1863 119 1.02888
  30 20.1863 80 0.674754
18660000 30 3640
  1 -8.81367 68 0.622652
  2 -7.81367 140 1.42287
  3 -6.81367 128 1.19069
  4 -5.81367 120 1.15946
  5 -4.81367 124 1.17812
  6 -3.81367 123 1.24021
  7 -2.81367 140 1.31983
  8 -1.81367 131 1.34702
  9 -0.813671 125 1.20317
  10 0.186329 109 1.00422
  11 1.18633 106 1.16694
  12 2.18633 125 1.10861
  13 3.18633 139 1.38211
  14 4.18633 120 1.13962
  15 5.18633 131 1.24028
  16 6.18633 126 1.24525
  17 7.18633 122 1.1198
  18 8.18633 121 1.07267
  19 9.18633 144 1.36952
  20 10.1863 124 1.37567
  21 11.1863 117 1.16936
  22 12.1863 113 1.07871
  23 13.1863 125 1.21678
  24 14.1863 117 1.23908
  25 15.1863 125 1.21169
  26 16.1863 125 1.24276
  27 17.1863 124 1.32218
  28 18.1863 129 1.26271
  29 19.1863 119 1.04033
  30 20.1863 80 0.814025
18670000 30 3640
  1 -8.81367 105 1.02753
  2 -7.81367 135 1.35375
  3 -6.81367 120 1.20359
  4 -5.81367 130 1.2536
  5 -4.81367 125 1.14875
  6 -3.81367 125 1.28866
  7 -2.81367 127 1.28983
  8 -1.81367 142 1.35868
  9 -0.813671 116 1.12633
  10 0.186329 104 1.03622
  11 1.18633 113 1.17745
  12 2.18633 132 1.22629
  13 3.18633 136 1.25636
  14 4.18633 116 1.13734
  15 5.18633 133 1.42112
  16 6.18633 113 1.06496
  17 7.18633 121 1.07632
  18 8.18633 128 1.23007
  19 9.18633 138 1.25251
  20 10.1863 132 1.36366
  21 11.1863 117 1.25725
  22 12.1863 113 1.15496
  23 13.1863 120 1.1326
  24 14.1863 124 1.21997
  25 15.1863 128 1.28496
  26 16.1863 113 1.23106
  27 17.1863 112 1.15244
  28 18.1863 115 1.12746
  29 19.1863 122 1.09879
  30 20.1863 85 0.758775
18680000 30 3640
  1 -8.81367 95 0.924335
  2 -7.81367 132 1.33619
  3 -6.81367 130 1.25329
  4 -5.81367 120 1.13087
  5 -4.81367 130 1.28541
  6 -3.81367 128 1.2236
  7 -2.81367 123 1.15811
  8 -1.81367 133 1.29042
  9 -0.813671 115 1.15819
  10 0.186329 118 1.12227
  11 1.18633 107 1.03807
  12 2.18633 123 1.21136
  13 3.18633 132 1.27075
  14 4.18633 123 1.24083
  15 5.18633 140 1.32891
  16 6.18633 114 1.07639
  17 7.18633 124 1.03701
  18 8.18633 120 1.12845
  19 9.18633 135 1.4018
  20 10.1863 126 1.30397
  21 11.1863 127 1.27921
  22 12.1863 119 1.15569
  23 13.1863 112 0.956541
  24 14.1863 125 1.26938
  25 15.1863 118 1.25702
  26 16.1863 133 1.33633
  27 17.1863 109 1.09002
  28 18.1863 117 1.25069
  29 19.1863 121 1.01594
  30 20.1863 91 0.817868
18690000 30 3640
  1 -8.81367 111 1.11842
  2 -7.81367 141 1.35749
  3 -6.81367 109 1.0342
  4 -5.81367 119 1.14561
  5 -4.81367 128 1.22863
  6 -3.81367 140 1.40812
  7 -2.81367 121 1.21128
  8 -1.81367 131 1.19894
  9 -0.813671 117 1.09374
  10 0.186329 106 1.09991
  11 1.18633 105 1.12459
  12 2.18633 126 1.15073
  13 3.18633 128 1.30912
  14 4.18633 121 1.09498
  15 5.18633 132 1.28191
  16 6.18633 122 1.05534
  17 7.18633 124 1.18409
  18 8.18633 122 1.06654
  19 9.18633 135 1.51705
  20 10.1863 129 1.27692
  21 11.1863 119 1.17046
  22 12.1863 113 1.11474
  23 13.1863 124 1.08999
  24 14.1863 120 1.24356
  25 15.1863 127 1.31778
  26 16.1863 112 1.08371
  27 17.1863 116 1.25219
  28 18.1863 122 1.20754
  29 19.1863 122 1.06895
  30 20.1863 98 0.879485
18700000 30 3640
  1 -8.81367 111 1.0774
  2 -7.81367 128 1.26843
  3 -6.81367 114 1.09484
  4 -5.81367 122 1.2096
  5 -4.81367 129 1.20605
  6 -3.81367 132 1.29573
  7 -2.81367 128 1.37685
  8 -1.81367 128 1.2035
  9 -0.813671 119 1.16356
  10 0.186329 110 1.05507
  11 1.18633 108 1.11728
  12 2.18633 133 1.25851
  13 3.18633 118 1.16111
  14 4.18633 117 1.1185
  15 5.18633 140 1.33591
  16 6.18633 121 1.19093
  17 7.18633 133 1.13124
  18 8.18633 105 0.975109
  19 9.18633 133 1.42061
  20 10.1863 143 1.43433
  21 11.1863 109 1.05122
  22 12.1863 121 1.23339
  23 13.1863 127 1.22845
  24 14.1863 125 1.29846
  25 15.1863 110 1.07987
  26 16.1863 123 1.2545
  27 17.1863 120 1.34695
  28 18.1863 123 1.19478
  29 19.1863 119 1.00638
  30 20.1863 91 0.878881
18710000 30 3640
  1 -8.81367 85 0.91103
  2 -7.81367 137 1.25469
  3 -6.81367 117 1.0903
  4 -5.81367 130 1.31631
  5 -4.81367 126 1.20028
  6 -3.81367 140 1.44609
  7 -2.81367 129 1.26205
  8 -1.81367 124 1.16315
  9 -0.813671 117 1.12125
  10 0.186329 105 0.988982
  11 1.18633 100 1.03583
  12 2.18633 128 1.2325
  13 3.18633 129 1.20292
  14 4.18633 130 1.25203
  15 5.18633 136 1.32762
  16 6.18633 118 1.11501
  17 7.18633 131 1.22747
  18 8.18633 115 0.937191
  19 9.18633 150 1.58946
  20 10.1863 122 1.25088
  21 11.1863 128 1.23496
  22 12.1863 114 1.10134
  23 13.1863 130 1.23986
  24 14.1863 111 1.16325
  25 15.1863 133 1.36212
  26 16.1863 112 1.0952
  27 17.1863 133 1.31644
  28 18.1863 109 1.07788
  29 19.1863 126 1.10272
  30 20.1863 75 0.697178
18720000 30 3640
  1 -8.81367 100 0.938709
  2 -7.81367 147 1.43444
  3 -6.81367 112 1.16303
  4 -5.81367 137 1.29501
  5 -4.81367 120 1.08176
  6 -3.81367 138 1.48602
  7 -2.81367 127 1.19521
  8 -1.81367 131 1.22478
  9 -0.813671 110 1.07063
  10 0.186329 109 1.06452
  11 1.18633 115 1.13479
  12 2.18633 116 1.09413
  13 3.18633 118 1.10516
  14 4.18633 138 1.38259
  15 5.18633 126 1.26048
  16 6.18633 131 1.13981
  17 7.18633 114 1.00899
  18 8.18633 120 1.17674
  19 9.18633 143 1.40485
  20 10.1863 134 1.30365
  21 11.1863 116 1.20489
  22 12.1863 123 1.1928
  23 13.1863 114 1.06812
  24 14.1863 114 1.13113
  25 15.1863 121 1.19268
  26 16.1863 126 1.26415
  27 17.1863 121 1.2827
  28 18.1863 116 1.2013
  29 19.1863 110 0.8944
  30 20.1863 93 0.841181
18730000 30 3640
  1 -8.81367 81 0.813013
  2 -7.81367 134 1.29909
  3 -6.81367 122 1.22504
  4 -5.81367 136 1.25831
  5 -4.81367 116 1.12754
  6 -3.81367 129 1.26198
  7 -2.81367 139 1.40021
  8 -1.81367 123 1.17937
  9 -0.813671 127 1.18689
  10 0.186329 98 0.901866
  11 1.18633 117 1.23872
  12 2.18633 114 1.05727
  13 3.18633 136 1.31159
  14 4.18633 119 1.25812
  15 5.18633 141 1.29546
  16 6.18633 119 1.00933
  17 7.18633 124 1.12146
  18 8.18633 107 1.00304
  19 9.18633 142 1.42368
  20 10.1863 140 1.41987
  21 11.1863 128 1.33728
  22 12.1863 112 1.04624
  23 13.1863 122 1.13132
  24 14.1863 122 1.32623
  25 15.1863 139 1.32245
  26 16.1863 113 1.13251
  27 17.1863 126 1.24111
  28 18.1863 111 1.13495
  29 19.1863 120 1.06108
  30 20.1863 83 0.72176
18740000 30 3640
  1 -8.81367 86 0.86449
  2 -7.81367 152 1.55245
  3 -6.81367 113 1.07431
  4 -5.81367 122 1.17488
  5 -4.81367 134 1.28048
  6 -3.81367 132 1.32755
  7 -2.81367 123 1.26925
  8 -1.81367 125 1.17616
  9 -0.813671 130 1.28301
  10 0.186329 104 1.00861
  11 1.18633 105 1.07064
  12 2.18633 126 1.09551
  13 3.18633 122 1.27067
  14 4.18633 125 1.17113
  15 5.18633 137 1.36871
  16 6.18633 130 1.14146
  17 7.18633 114 1.08802
  18 8.18633 121 1.06077
  19 9.18633 136 1.43818
  20 10.1863 132 1.35251
  21 11.1863 120 1.24187
  22 12.1863 115 1.01727
  23 13.1863 121 1.19975
  24 14.1863 127 1.32534
  25 15.1863 125 1.21463
  26 16.1863 125 1.304
  27 17.1863 114 1.23698
  28 18.1863 126 1.17247
  29 19.1863 110 0.941576
  30 20.1863 88 0.761363
18750000 30 3640
  1 -8.81367 86 0.838604
  2 -7.81367 155 1.59261
  3 -6.81367 109 0.977772
  4 -5.81367 126 1.22481
  5 -4.81367 123 1.17396
  6 -3.81367 128 1.28201
  7 -2.81367 123 1.30431
  8 -1.81367 141 1.32925
  9 -0.813671 116 1.10955
  10 0.186329 106 0.964084
  11 1.18633 104 1.14045
  12 2.18633 137 1.22506
  13 3.18633 118 1.15911
  14 4.18633 125 1.22484
  15 5.18633 129 1.26349
  16 6.18633 129 1.14674
  17 7.18633 117 1.09077
  18 8.18633 127 1.25599
  19 9.18633 133 1.26724
  20 10.1863 138 1.41122
  21 11.1863 115 1.21614
  22 12.1863 114 1.0473
  23 13.1863 112 1.11435
  24 14.1863 133 1.36416
  25 15.1863 114 1.0796
  26 16.1863 132 1.36642
  27 17.1863 118 1.25838
  28 18.1863 119 1.11563
  29 19.1863 122 1.10083
  30 20.1863 91 0.848512
18760000 30 3640
  1 -8.81367 95 0.973916
  2 -7.81367 154 1.46211
  3 -6.81367 101 1.01357
  4 -5.81367 131 1.28308
  5 -4.81367 117 1.00756
  6 -3.81367 137 1.47299
  7 -2.81367 123 1.22602
  8 -1.81367 130 1.16894
  9 -0.813671 117 1.22347
  10 0.186329 103 0.936735
  11 1.18633 111 1.19504
  12 2.18633 127 1.17395
  13 3.18633 118 1.13177
  14 4.18633 136 1.2744
  15 5.18633 127 1.29063
  16 6.18633 119 1.154
  17 7.18633 128 1.10194
  18 8.18633 121 1.08334
  19 9.18633 135 1.41113
  20 10.1863 135 1.34891
  21 11.1863 125 1.23342
  22 12.1863 114 1.08815
  23 13.1863 119 1.18882
  24 14.1863 125 1.28699
  25 15.1863 120 1.21852
  26 16.1863 123 1.22227
  27 17.1863 122 1.29684
  28 18.1863 115 1.16512
  29 19.1863 122 1.05596
  30 20.1863 90 0.799989
18770000 30 3640
  1 -8.81367 105 1.02567
  2 -7.81367 138 1.34725
  3 -6.81367 114 1.07903
  4 -5.81367 129 1.25769
  5 -4.81367 115 1.01828
  6 -3.81367 132 1.3793
  7 -2.81367 135 1.44144
  8 -1.81367 135 1.21564
  9 -0.813671 111 1.07652
  10 0.186329 108 1.04311
  11 1.18633 116 1.13132
  12 2.18633 119 1.1646
  13 3.18633 124 1.31743
  14 4.18633 127 1.09158
  15 5.18633 146 1.46134
  16 6.18633 118 1.0865
  17 7.18633 120 1.10018
  18 8.18633 125 1.1276
  19 9.18633 137 1.44275
  20 10.1863 131 1.2578
  21 11.1863 119 1.26506
  22 12.1863 116 1.14116
  23 13.1863 123 1.13988
  24 14.1863 120 1.22942
  25 15.1863 107 1.08137
  26 16.1863 126 1.22926
  27 17.1863 112 1.27134
  28 18.1863 118 1.21179
  29 19.1863 124 0.993541
  30 20.1863 90 0.846815
18780000 30 3640
  1 -8.81367 106 1.06936
  2 -7.81367 142 1.39104
  3 -6.81367 118 1.15683
  4 -5.81367 125 1.2532
  5 -4.81367 124 1.19071
  6 -3.81367 118 1.18813
  7 -2.81367 136 1.35466
  8 -1.81367 120 1.17939
  9 -0.813671 120 1.07947
  10 0.186329 104 1.15559
  11 1.18633 109 1.03804
  12 2.18633 127 1.25711
  13 3.18633 133 1.27589
  14 4.18633 118 1.13185
  15 5.18633 128 1.20962
  16 6.18633 118 1.15434
  17 7.18633 123 1.08943
  18 8.18633 120 1.16568
  19 9.18633 142 1.47988
  20 10.1863 129 1.35969
  21 11.1863 108 1.12433
  22 12.1863 115 1.10559
  23 13.1863 125 1.08438
  24 14.1863 131 1.42234
  25 15.1863 125 1.2333
  26 16.1863 108 1.08674
  27 17.1863 115 1.21557
  28 18.1863 123 1.27968
  29 19.1863 119 1.06306
  30 20.1863 111 0.976694
18790000 30 3640
  1 -8.81367 96 0.913745
  2 -7.81367 132 1.31212
  3 -6.81367 122 1.20778
  4 -5.81367 130 1.24548
  5 -4.81367 123 1.2128
  6 -3.81367 129 1.3409
  7 -2.81367 129 1.26058
  8 -1.81367 122 1.23916
  9 -0.813671 125 1.12254
  10 0.186329 103 1.10097
  11 1.18633 121 1.23679
  12 2.18633 135 1.26567
  13 3.18633 108 1.03693
  14 4.18633 129 1.31968
  15 5.18633 121 1.19771
  16 6.18633 137 1.25943
  17 7.18633 113 1.05952
  18 8.18633 131 1.26075
  19 9.18633 130 1.29193
  20 10.1863 134 1.31974
  21 11.1863 126 1.39741
  22 12.1863 107 1.00804
  23 13.1863 128 1.23554
  24 14.1863 119 1.15003
  25 15.1863 119 1.28061
  26 16.1863 111 1.16503
  27 17.1863 124 1.29704
  28 18.1863 121 1.20026
  29 19.1863 118 1.06084
  30 20.1863 97 0.908797
18800000 30 3640
  1 -8.81367 95 1.0237
  2 -7.81367 149 1.41504
  3 -6.81367 126 1.24028
  4 -5.81367 129 1.22795
  5 -4.81367 120 1.10917
  6 -3.81367 125 1.31947
  7 -2.81367 122 1.19827
  8 -1.81367 130 1.21559
  9 -0.813671 111 1.08578
  10 0.186329 101 1.01017
  11 1.18633 115 1.13025
  12 2.18633 131 1.19963
  13 3.18633 118 1.15626
  14 4.18633 132 1.25141
  15 5.18633 130 1.2838
  16 6.18633 119 1.06465
  17 7.18633 111 1.09549
  18 8.18633 118 0.991774
  19 9.18633 143 1.45819
  20 10.1863 134 1.33315
  21 11.1863 113 1.14619
  22 12.1863 113 1.10434
  23 13.1863 127 1.28865
  24 14.1863 128 1.30103
  25 15.1863 125 1.22055
  26 16.1863 122 1.24402
  27 17.1863 121 1.27258
  28 18.1863 126 1.24776
  29 19.1863 115 0.947173
  30 20.1863 91 0.784871
18810000 30 3640
  1 -8.81367 107 1.10887
  2 -7.81367 144 1.35126
  3 -6.81367 118 1.26442
  4 -5.81367 119 1.11519
  5 -4.81367 121 1.17924
  6 -3.81367 133 1.28452
  7 -2.81367 126 1.36853
  8 -1.81367 120 1.14782
  9 -0.813671 125 1.1806
  10 0.186329 103 1.05381
  11 1.18633 113 1.163
  12 2.18633 134 1.20191
  13 3.18633 122 1.24319
  14 4.18633 132 1.26573
  15 5.18633 126 1.29966
  16 6.18633 131 1.19187
  17 7.18633 111 1.01745
  18 8.18633 126 1.25575
  19 9.18633 141 1.34991
  20 10.1863 131 1.39363
  21 11.1863 115 1.1867
  22 12.1863 116 1.06888
  23 13.1863 119 1.17547
  24 14.1863 127 1.35996
  25 15.1863 118 1.15158
  26 16.1863 116 1.20675
  27 17.1863 119 1.24061
  28 18.1863 116 1.1379
  29 19.1863 117 1.04882
  30 20.1863 94 0.828044
18820000 30 3640
  1 -8.81367 97 0.995257
  2 -7.81367 147 1.3516
  3 -6.81367 117 1.16467
  4 -5.81367 127 1.24057
  5 -4.81367 122 1.095
  6 -3.81367 138 1.49204
  7 -2.81367 126 1.28419
  8 -1.81367 132 1.22947
  9 -0.813671 112 1.08633
  10 0.186329 108 1.06511
  11 1.18633 118 1.22074
  12 2.18633 117 1.08254
  13 3.18633 133 1.29431
  14 4.18633 123 1.21313
  15 5.18633 135 1.29434
  16 6.18633 128 1.19707
  17 7.18633 120 1.07881
  18 8.18633 118 1.06266
  19 9.18633 150 1.58808
  20 10.1863 114 1.16959
  21 11.1863 122 1.2332
  22 12.1863 110 1.04013
  23 13.1863 117 1.17345
  24 14.1863 119 1.16718
  25 15.1863 139 1.45361
  26 16.1863 99 0.984075
  27 17.1863 123 1.27056
  28 18.1863 126 1.22323
  29 19.1863 116 1.024
  30 20.1863 87 0.81348
18830000 30 3640
  1 -8.81367 98 0.926849
  2 -7.81367 139 1.39199
  3 -6.81367 113 1.13365
  4 -5.81367 129 1.20014
  5 -4.81367 126 1.21772
  6 -3.81367 125 1.35668
  7 -2.81367 138 1.41579
  8 -1.81367 116 1.11362
  9 -0.813671 125 1.25032
  10 0.186329 107 0.964583
  11 1.18633 107 1.09486
  12 2.18633 129 1.20893
  13 3.18633 131 1.35072
  14 4.18633 132 1.30166
  15 5.18633 134 1.24536
  16 6.18633 123 1.14752
  17 7.18633 118 1.11244
  18 8.18633 127 1.07872
  19 9.18633 138 1.47841
  20 10.1863 124 1.36934
  21 11.1863 117 1.16247
  22 12.1863 114 1.07344
  23 13.1863 123 1.2755
  24 14.1863 113 1.18389
  25 15.1863 125 1.20638
  26 16.1863 114 1.18005
  27 17.1863 128 1.39072
  28 18.1863 115 1.09857
  29 19.1863 127 1.00226
  30 20.1863 85 0.896563
18840000 30 3640
  1 -8.81367 112 0.996215
  2 -7.81367 150 1.4383
  3 -6.81367 105 1.10879
  4 -5.81367 136 1.28243
  5 -4.81367 119 1.21007
  6 -3.81367 131 1.37231
  7 -2.81367 118 1.22539
  8 -1.81367 141 1.36984
  9 -0.813671 102 1.03039
  10 0.186329 107 1.05186
  11 1.18633 103 1.05442
  12 2.18633 129 1.19634
  13 3.18633 133 1.35347
  14 4.18633 111 1.10238
  15 5.18633 143 1.38773
  16 6.18633 114 1.07462
  17 7.18633 121 1.11906
  18 8.18633 125 1.14067
  19 9.18633 138 1.53824
  20 10.1863 130 1.32052
  21 11.1863 111 1.16061
  22 12.1863 114 1.08224
  23 13.1863 121 1.16721
  24 14.1863 129 1.34079
  25 15.1863 118 1.23806
  26 16.1863 104 1.13285
  27 17.1863 123 1.23687
  28 18.1863 117 1.26837
  29 19.1863 115 0.958216
  30 20.1863 120 1.24692
18850000 30 3640
  1 -8.81367 86 0.870203
  2 -7.81367 157 1.58437
  3 -6.81367 115 1.08618
  4 -5.81367 127 1.20989
  5 -4.81367 122 1.16616
  6 -3.81367 137 1.45941
  7 -2.81367 120 1.13114
  8 -1.81367 129 1.26475
  9 -0.813671 116 1.14366
  10 0.186329 109 1.07018
  11 1.18633 120 1.1986
  12 2.18633 113 0.98647
  13 3.18633 125 1.2973
  14 4.18633 128 1.28215
  15 5.18633 140 1.32233
  16 6.18633 110 1.03505
  17 7.18633 117 1.02018
  18 8.18633 121 1.13254
  19 9.18633 151 1.63923
  20 10.1863 122 1.12002
  21 11.1863 120 1.3494
  22 12.1863 112 1.02643
  23 13.1863 129 1.27355
  24 14.1863 120 1.28606
  25 15.1863 129 1.26347
  26 16.1863 120 1.16365
  27 17.1863 118 1.3521
  28 18.1863 126 1.14375
  29 19.1863 119 1.02269
  30 20.1863 82 0.770411
18860000 30 3640
  1 -8.81367 86 0.763441
  2 -7.81367 150 1.52704
  3 -6.81367 119 1.12679
  4 -5.81367 135 1.30903
  5 -4.81367 119 1.09015
  6 -3.81367 126 1.28819
  7 -2.81367 130 1.32864
  8 -1.81367 135 1.21617
  9 -0.813671 116 1.11832
  10 0.186329 105 0.931237
  11 1.18633 118 1.19289
  12 2.18633 117 1.14401
  13 3.18633 130 1.24309
  14 4.18633 122 1.23333
  15 5.18633 142 1.24681
  16 6.18633 121 1.12799
  17 7.18633 119 1.10242
  18 8.18633 129 1.10009
  19 9.18633 143 1.49143
  20 10.1863 128 1.29553
  21 11.1863 111 1.1145
  22 12.1863 121 1.11596
  23 13.1863 123 1.21127
  24 14.1863 122 1.26753
  25 15.1863 128 1.18065
  26 16.1863 122 1.26012
  27 17.1863 134 1.35314
  28 18.1863 115 1.13175
  29 19.1863 106 0.851696
  30 20.1863 68 0.592185
18870000 30 3640
  1 -8.81367 89 0.877574
  2 -7.81367 153 1.50415
  3 -6.81367 119 1.17702
  4 -5.81367 121 1.20697
  5 -4.81367 134 1.20958
  6 -3.81367 120 1.2556
  7 -2.81367 134 1.34184
  8 -1.81367 120 1.22808
  9 -0.813671 114 1.08986
  10 0.186329 113 1.02981
  11 1.18633 116 1.15848
  12 2.18633 117 1.15094
  13 3.18633 127 1.27951
  14 4.18633 132 1.22944
  15 5.18633 135 1.38181
  16 6.18633 117 1.01615
  17 7.18633 130 1.17343
  18 8.18633 107 1.05353
  19 9.18633 144 1.43671
  20 10.1863 128 1.32436
  21 11.1863 105 1.12821
  22 12.1863 120 1.14334
  23 13.1863 124 1.16231
  24 14.1863 126 1.28199
  25 15.1863 131 1.32932
  26 16.1863 115 1.28178
  27 17.1863 122 1.20335
  28 18.1863 122 1.28058
  29 19.1863 122 0.945183
  30 20.1863 83 0.781368
18880000 30 3640
  1 -8.81367 104 1.022
  2 -7.81367 134 1.28481
  3 -6.81367 121 1.19055
  4 -5.81367 124 1.21656
  5 -4.81367 130 1.18197
  6 -3.81367 134 1.37522
  7 -2.81367 134 1.40747
  8 -1.81367 128 1.18195
  9 -0.813671 111 1.00962
  10 0.186329 110 1.07405
  11 1.18633 113 1.22164
  12 2.18633 121 1.07657
  13 3.18633 131 1.2812
  14 4.18633 117 1.18555
  15 5.18633 146 1.31717
  16 6.18633 117 1.10501
  17 7.18633 119 1.11619
  18 8.18633 129 1.19199
  19 9.18633 136 1.42488
  20 10.1863 136 1.31707
  21 11.1863 111 1.20774
  22 12.1863 113 1.07779
  23 13.1863 115 1.07283
  24 14.1863 116 1.09645
  25 15.1863 113 1.11374
  26 16.1863 119 1.30578
  27 17.1863 103 1.038
  28 18.1863 120 1.2365
  29 19.1863 123 1.12613
  30 20.1863 112 0.976097
18890000 30 3640
  1 -8.81367 91 0.933554
  2 -7.81367 135 1.21485
  3 -6.81367 114 1.20843
  4 -5.81367 132 1.22845
  5 -4.81367 115 1.09856
  6 -3.81367 138 1.48819
  7 -2.81367 131 1.22862
  8 -1.81367 120 1.23335
  9 -0.813671 110 1.04738
  10 0.186329 111 1.09483
  11 1.18633 114 1.17354
  12 2.18633 127 1.17482
  13 3.18633 117 1.16492
  14 4.18633 124 1.22963
  15 5.18633 152 1.4648
  16 6.18633 109 0.943618
  17 7.18633 132 1.27849
  18 8.18633 113 0.995025
  19 9.18633 145 1.62822
  20 10.1863 128 1.25844
  21 11.1863 128 1.32716
  22 12.1863 113 0.977459
  23 13.1863 114 1.17469
  24 14.1863 122 1.29722
  25 15.1863 122 1.16733
  26 16.1863 122 1.27343
  27 17.1863 120 1.20109
  28 18.1863 122 1.14728
  29 19.1863 115 1.09856
  30 20.1863 104 0.953601
18900000 30 3640
  1 -8.81367 102 1.00341
  2 -7.81367 152 1.5339
  3 -6.81367 116 1.10318
  4 -5.81367 132 1.28249
  5 -4.81367 116 1.20276
  6 -3.81367 132 1.30522
  7 -2.81367 128 1.34567
  8 -1.81367 138 1.30531
  9 -0.813671 106 1.02229
  10 0.186329 109 1.09806
  11 1.18633 114 1.21184
  12 2.18633 127 1.19416
  13 3.18633 118 1.14739
  14 4.18633 126 1.24834
  15 5.18633 123 1.24849
  16 6.18633 125 1.1499
  17 7.18633 117 1.07915
  18 8.18633 133 1.23842
  19 9.18633 127 1.38863
  20 10.1863 140 1.38865
  21 11.1863 112 1.26716
  22 12.1863 117 1.00343
  23 13.1863 111 1.18769
  24 14.1863 123 1.29272
  25 15.1863 132 1.27368
  26 16.1863 102 1.07899
  27 17.1863 126 1.34956
  28 18.1863 116 1.12457
  29 19.1863 120 1.08045
  30 20.1863 100 0.945125
18910000 30 3640
  1 -8.81367 117 1.24345
  2 -7.81367 140 1.41137
  3 -6.81367 119 1.05827
  4 -5.81367 123 1.24214
  5 -4.81367 128 1.19099
  6 -3.81367 123 1.30596
  7 -2.81367 124 1.20974
  8 -1.81367 134 1.32233
  9 -0.813671 118 1.20855
  10 0.186329 99 1.02194
  11 1.18633 102 0.975565
  12 2.18633 137 1.24617
  13 3.18633 120 1.17717
  14 4.18633 119 1.11587
  15 5.18633 130 1.30741
  16 6.18633 127 1.17966
  17 7.18633 117 1.11713
  18 8.18633 115 1.07083
  19 9.18633 144 1.46757
  20 10.1863 122 1.24979
  21 11.1863 123 1.30347
  22 12.1863 124 1.08842
  23 13.1863 106 1.15707
  24 14.1863 124 1.20979
  25 15.1863 119 1.20343
  26 16.1863 120 1.19337
  27 17.1863 123 1.32496
  28 18.1863 113 1.16081
  29 19.1863 110 0.904316
  30 20.1863 120 1.1108
18920000 30 3640
  1 -8.81367 111 1.03749
  2 -7.81367 144 1.47488
  3 -6.81367 117 1.12327
  4 -5.81367 129 1.25291
  5 -4.81367 126 1.26165
  6 -3.81367 134 1.21192
  7 -2.81367 127 1.35133
  8 -1.81367 127 1.22428
  9 -0.813671 121 1.08724
  10 0.186329 94 1.0374
  11 1.18633 101 1.00365
  12 2.18633 125 1.18077
  13 3.18633 133 1.23812
  14 4.18633 117 1.19068
  15 5.18633 140 1.3191
  16 6.18633 120 1.17936
  17 7.18633 128 1.14461
  18 8.18633 112 0.973868
  19 9.18633 149 1.56957
  20 10.1863 122 1.27167
  21 11.1863 117 1.25155
  22 12.1863 126 1.16704
  23 13.1863 126 1.22322
  24 14.1863 118 1.25419
  25 15.1863 115 1.11208
  26 16.1863 119 1.1644
  27 17.1863 123 1.39634
  28 18.1863 122 1.12835
  29 19.1863 114 1.01743
  30 20.1863 83 0.771707
18930000 30 3640
  1 -8.81367 108 1.19878
  2 -7.81367 126 1.16526
  3 -6.81367 112 1.08401
  4 -5.81367 135 1.33367
  5 -4.81367 136 1.30756
  6 -3.81367 130 1.31117
  7 -2.81367 119 1.21007
  8 -1.81367 128 1.23137
  9 -0.813671 116 1.18521
  10 0.186329 113 1.07657
  11 1.18633 108 1.05033
  12 2.18633 125 1.14779
  13 3.18633 133 1.30638
  14 4.18633 123 1.23634
  15 5.18633 129 1.25387
  16 6.18633 127 1.17641
  17 7.18633 117 1.07532
  18 8.18633 126 1.20151
  19 9.18633 140 1.45104
  20 10.1863 124 1.22142
  21 11.1863 114 1.25371
  22 12.1863 112 0.984109
  23 13.1863 126 1.26387
  24 14.1863 122 1.25392
  25 15.1863 115 1.1377
  26 16.1863 126 1.28744
  27 17.1863 115 1.29121
  28 18.1863 121 1.13281
  29 19.1863 133 1.1204
  30 20.1863 81 0.7306
18940000 30 3640
  1 -8.81367 119 1.19759
  2 -7.81367 147 1.50073
  3 -6.81367 107 0.99505
  4 -5.81367 119 1.22384
  5 -4.81367 129 1.18881
  6 -3.81367 133 1.41382
  7 -2.81367 119 1.22885
  8 -1.81367 131 1.21018
  9 -0.813671 110 1.12593
  10 0.186329 113 1.1435
  11 1.18633 94 0.934715
  12 2.18633 142 1.39256
  13 3.18633 124 1.1386
  14 4.18633 123 1.26407
  15 5.18633 133 1.27312
  16 6.18633 114 1.05801
  17 7.18633 124 1.21263
  18 8.18633 112 1.04175
  19 9.18633 153 1.51078
  20 10.1863 120 1.26036
  21 11.1863 124 1.32699
  22 12.1863 106 0.938538
  23 13.1863 121 1.26038
  24 14.1863 117 1.25426
  25 15.1863 123 1.2264
  26 16.1863 122 1.13596
  27 17.1863 119 1.3233
  28 18.1863 123 1.21392
  29 19.1863 111 1.00392
  30 20.1863 108 0.941022
18950000 30 3640
  1 -8.81367 111 1.10748
  2 -7.81367 137 1.23219
  3 -6.81367 127 1.44229
  4 -5.81367 130 1.13497
  5 -4.81367 120 1.18086
  6 -3.81367 124 1.23072
  7 -2.81367 131 1.34779
  8 -1.81367 134 1.25319
  9 -0.813671 112 1.1312
  10 0.186329 113 1.09133
  11 1.18633 104 1.02772
  12 2.18633 136 1.27205
  13 3.18633 116 1.21454
  14 4.18633 127 1.15983
  15 5.18633 130 1.27932
  16 6.18633 109 1.02029
  17 7.18633 126 1.17975
  18 8.18633 118 1.09755
  19 9.18633 147 1.54468
  20 10.1863 118 1.19085
  21 11.1863 125 1.18962
  22 12.1863 106 1.00284
  23 13.1863 119 1.18844
  24 14.1863 130 1.38403
  25 15.1863 124 1.18474
  26 16.1863 124 1.26802
  27 17.1863 127 1.34659
  28 18.1863 115 1.13367
  29 19.1863 118 1.02409
  30 20.1863 82 0.730028
18960000 30 3640
  1 -8.81367 93 1.03527
  2 -7.81367 142 1.16111
  3 -6.81367 109 1.2205
  4 -5.81367 121 1.19566
  5 -4.81367 121 1.08763
  6 -3.81367 138 1.45319
  7 -2.81367 125 1.24431
  8 -1.81367 132 1.23807
  9 -0.813671 120 1.16724
  10 0.186329 104 0.992962
  11 1.18633 114 1.18351
  12 2.18633 130 1.19587
  13 3.18633 127 1.29656
  14 4.18633 127 1.20451
  15 5.18633 130 1.24934
  16 6.18633 113 1.01419
  17 7.18633 121 1.11746
  18 8.18633 129 1.19214
  19 9.18633 140 1.53913
  20 10.1863 128 1.21075
  21 11.1863 110 1.15338
  22 12.1863 115 1.08498
  23 13.1863 124 1.17354
  24 14.1863 116 1.26049
  25 15.1863 127 1.22818
  26 16.1863 124 1.27536
  27 17.1863 121 1.27408
  28 18.1863 129 1.20086
  29 19.1863 120 1.0516
  30 20.1863 90 0.848626
18970000 30 3640
  1 -8.81367 83 0.856855
  2 -7.81367 146 1.38402
  3 -6.81367 124 1.23032
  4 -5.81367 124 1.22529
  5 -4.81367 122 1.12548
  6 -3.81367 134 1.40379
  7 -2.81367 121 1.25529
  8 -1.81367 136 1.25411
  9 -0.813671 109 1.08298
  10 0.186329 114 1.09553
  11 1.18633 116 1.20792
  12 2.18633 127 1.15794
  13 3.18633 121 1.17809
  14 4.18633 133 1.27024
  15 5.18633 130 1.31908
  16 6.18633 130 1.15296
  17 7.18633 112 1.06924
  18 8.18633 126 1.08938
  19 9.18633 146 1.68736
  20 10.1863 125 1.18536
  21 11.1863 125 1.32389
  22 12.1863 102 0.9755
  23 13.1863 129 1.14811
  24 14.1863 112 1.23661
  25 15.1863 123 1.21782
  26 16.1863 121 1.25772
  27 17.1863 125 1.21913
  28 18.1863 127 1.27541
  29 19.1863 108 0.973094
  30 20.1863 89 0.828193
18980000 30 3640
  1 -8.81367 118 1.11565
  2 -7.81367 124 1.28011
  3 -6.81367 119 1.2712
  4 -5.81367 133 1.16589
  5 -4.81367 126 1.26248
  6 -3.81367 117 1.18586
  7 -2.81367 123 1.30395
  8 -1.81367 129 1.29394
  9 -0.813671 128 1.09933
  10 0.186329 104 1.04532
  11 1.18633 118 1.24501
  12 2.18633 119 1.0868
  13 3.18633 124 1.27136
  14 4.18633 115 1.15063
  15 5.18633 152 1.47245
  16 6.18633 108 0.932268
  17 7.18633 128 1.20728
  18 8.18633 115 1.1044
  19 9.18633 149 1.51998
  20 10.1863 120 1.25123
  21 11.1863 120 1.28
  22 12.1863 103 0.902091
  23 13.1863 129 1.36802
  24 14.1863 121 1.17361
  25 15.1863 132 1.35912
  26 16.1863 119 1.23236
  27 17.1863 124 1.27766
  28 18.1863 112 1.16453
  29 19.1863 123 0.995162
  30 20.1863 88 0.874318
18990000 30 3640
  1 -8.81367 101 0.988492
  2 -7.81367 128 1.24427
  3 -6.81367 115 1.14366
  4 -5.81367 134 1.21206
  5 -4.81367 131 1.31373
  6 -3.81367 126 1.25665
  7 -2.81367 129 1.3361
  8 -1.81367 132 1.21946
  9 -0.813671 116 1.04704
  10 0.186329 96 1.01705
  11 1.18633 116 1.17849
  12 2.18633 129 1.14632
  13 3.18633 127 1.22328
  14 4.18633 115 1.21437
  15 5.18633 144 1.37346
  16 6.18633 127 1.15614
  17 7.18633 116 0.989881
  18 8.18633 102 1.03449
  19 9.18633 152 1.52616
  20 10.1863 126 1.20206
  21 11.1863 117 1.25282
  22 12.1863 123 1.16356
  23 13.1863 122 1.14018
  24 14.1863 119 1.26289
  25 15.1863 114 1.16476
  26 16.1863 123 1.28894
  27 17.1863 125 1.28527
  28 18.1863 118 1.17099
  29 19.1863 119 0.941517
  30 20.1863 98 0.984741
19000000 30 3640
  1 -8.81367 116 1.16712
  2 -7.81367 141 1.30564
  3 -6.81367 127 1.26552
  4 -5.81367 121 1.2293
  5 -4.81367 120 1.15833
  6 -3.81367 126 1.28542
  7 -2.81367 130 1.28553
  8 -1.81367 134 1.27054
  9 -0.813671 116 1.18087
  10 0.186329 103 0.958901
  11 1.18633 117 1.20456
  12 2.18633 124 1.10606
  13 3.18633 130 1.33547
  14 4.18633 120 1.14086
  15 5.18633 131 1.26945
  16 6.18633 129 1.17956
  17 7.18633 108 0.972664
  18 8.18633 115 1.14968
  19 9.18633 137 1.38527
  20 10.1863 130 1.30791
  21 11.1863 106 1.1644
  22 12.1863 116 1.126
  23 13.1863 127 1.15347
  24 14.1863 130 1.37033
  25 15.1863 108 1.06984
  26 16.1863 119 1.20945
  27 17.1863 122 1.23451
  28 18.1863 114 1.12836
  29 19.1863 118 1.07112
  30 20.1863 105 0.937726
19010000 30 3640
  1 -8.81367 96 0.940932
  2 -7.81367 147 1.48745
  3 -6.81367 107 0.989586
  4 -5.81367 127 1.22539
  5 -4.81367 129 1.29768
  6 -3.81367 119 1.19914
  7 -2.81367 127 1.24919
  8 -1.81367 135 1.29647
  9 -0.813671 118 1.21667
  10 0.186329 107 1.03083
  11 1.18633 101 1.00212
  12 2.18633 134 1.22058
  13 3.18633 126 1.27293
  14 4.18633 130 1.27404
  15 5.18633 120 1.18922
  16 6.18633 127 1.18177
  17 7.18633 125 1.08454
  18 8.18633 107 1.07818
  19 9.18633 156 1.5387
  20 10.1863 131 1.35016
  21 11.1863 120 1.27022
  22 12.1863 110 1.01955
  23 13.1863 124 1.24036
  24 14.1863 123 1.20312
  25 15.1863 119 1.26151
  26 16.1863 111 1.12306
  27 17.1863 135 1.3702
  28 18.1863 122 1.17429
  29 19.1863 116 1.02713
  30 20.1863 91 0.837363
19020000 30 3640
  1 -8.81367 102 1.07416
  2 -7.81367 137 1.35659
  3 -6.81367 115 1.08663
  4 -5.81367 123 1.18531
  5 -4.81367 133 1.31396
  6 -3.81367 118 1.31017
  7 -2.81367 126 1.19903
  8 -1.81367 135 1.24158
  9 -0.813671 112 1.17043
  10 0.186329 105 0.956819
  11 1.18633 124 1.32399
  12 2.18633 115 1.04558
  13 3.18633 135 1.40641
  14 4.18633 125 1.16535
  15 5.18633 128 1.19547
  16 6.18633 116 1.08419
  17 7.18633 119 1.11422
  18 8.18633 120 1.10549
  19 9.18633 155 1.58882
  20 10.1863 124 1.29647
  21 11.1863 121 1.31883
  22 12.1863 104 0.859424
  23 13.1863 124 1.19671
  24 14.1863 129 1.45387
  25 15.1863 125 1.20035
  26 16.1863 113 1.19641
  27 17.1863 131 1.34532
  28 18.1863 112 1.05051
  29 19.1863 114 1.01056
  30 20.1863 100 0.833202
19030000 30 3640
  1 -8.81367 77 0.776142
  2 -7.81367 154 1.48064
  3 -6.81367 114 1.09127
  4 -5.81367 128 1.29131
  5 -4.81367 123 1.14197
  6 -3.81367 126 1.33212
  7 -2.81367 125 1.21607
  8 -1.81367 130 1.22471
  9 -0.813671 119 1.19129
  10 0.186329 112 1.06427
  11 1.18633 105 1.02333
  12 2.18633 134 1.18534
  13 3.18633 122 1.24821
  14 4.18633 130 1.27302
  15 5.18633 122 1.1777
  16 6.18633 132 1.23339
  17 7.18633 115 0.965389
  18 8.18633 124 1.14194
  19 9.18633 150 1.60163
  20 10.1863 133 1.35081
  21 11.1863 114 1.16037
  22 12.1863 119 1.07033
  23 13.1863 125 1.29137
  24 14.1863 124 1.2409
  25 15.1863 119 1.15063
  26 16.1863 120 1.19873
  27 17.1863 126 1.31864
  28 18.1863 119 1.08887
  29 19.1863 116 1.02088
  30 20.1863 83 0.757578
19040000 30 3640
  1 -8.81367 79 0.80661
  2 -7.81367 157 1.50134
  3 -6.81367 113 1.09663
  4 -5.81367 131 1.20987
  5 -4.81367 129 1.2209
  6 -3.81367 124 1.26876
  7 -2.81367 135 1.35607
  8 -1.81367 121 1.11887
  9 -0.813671 126 1.27007
  10 0.186329 106 0.966541
  11 1.18633 112 1.14352
  12 2.18633 130 1.15213
  13 3.18633 122 1.20014
  14 4.18633 123 1.15816
  15 5.18633 119 1.17054
  16 6.18633 133 1.19883
  17 7.18633 115 1.06601
  18 8.18633 130 1.1608
  19 9.18633 142 1.47537
  20 10.1863 129 1.30819
  21 11.1863 114 1.21953
  22 12.1863 118 1.02923
  23 13.1863 118 1.15819
  24 14.1863 121 1.23083
  25 15.1863 120 1.12874
  26 16.1863 122 1.19256
  27 17.1863 127 1.382
  28 18.1863 123 1.14347
  29 19.1863 110 0.862113
  30 20.1863 91 0.931829
19050000 30 3640
  1 -8.81367 116 1.22281
  2 -7.81367 133 1.21299
  3 -6.81367 118 1.22514
  4 -5.81367 127 1.24025
  5 -4.81367 126 1.1866
  6 -3.81367 131 1.34525
  7 -2.81367 123 1.24901
  8 -1.81367 126 1.17656
  9 -0.813671 114 1.18156
  10 0.186329 115 1.04292
  11 1.18633 109 1.15411
  12 2.18633 124 1.05913
  13 3.18633 138 1.41042
  14 4.18633 121 1.16284
  15 5.18633 108 1.09277
  16 6.18633 133 1.20538
  17 7.18633 113 1.07534
  18 8.18633 127 1.20286
  19 9.18633 146 1.51419
  20 10.1863 132 1.28158
  21 11.1863 109 1.14774
  22 12.1863 127 1.24648
  23 13.1863 109 1.07534
  24 14.1863 129 1.28672
  25 15.1863 119 1.18781
  26 16.1863 112 1.16889
  27 17.1863 132 1.30419
  28 18.1863 112 1.24023
  29 19.1863 113 0.885461
  30 20.1863 98 0.937735
19060000 30 3640
  1 -8.81367 79 0.77167
  2 -7.81367 153 1.50769
  3 -6.81367 108 0.973577
  4 -5.81367 132 1.36343
  5 -4.81367 127 1.12865
  6 -3.81367 130 1.33145
  7 -2.81367 128 1.23569
  8 -1.81367 136 1.30693
  9 -0.813671 128 1.30946
  10 0.186329 106 0.978554
  11 1.18633 112 1.00442
  12 2.18633 124 1.15204
  13 3.18633 128 1.2604
  14 4.18633 132 1.27497
  15 5.18633 128 1.33401
  16 6.18633 127 1.0573
  17 7.18633 117 1.09294
  18 8.18633 123 1.13223
  19 9.18633 142 1.44735
  20 10.1863 132 1.32054
  21 11.1863 122 1.16912
  22 12.1863 114 1.12
  23 13.1863 128 1.31681
  24 14.1863 122 1.15338
  25 15.1863 119 1.19
  26 16.1863 111 1.03503
  27 17.1863 128 1.42143
  28 18.1863 114 1.11255
  29 19.1863 110 0.961262
  30 20.1863 80 0.699064
19070000 30 3640
  1 -8.81367 95 0.920835
  2 -7.81367 155 1.48179
  3 -6.81367 110 1.07843
  4 -5.81367 128 1.21245
  5 -4.81367 129 1.26944
  6 -3.81367 132 1.32774
  7 -2.81367 127 1.3674
  8 -1.81367 136 1.21622
  9 -0.813671 118 1.12316
  10 0.186329 99 1.00154
  11 1.18633 113 1.1603
  12 2.18633 120 1.0922
  13 3.18633 132 1.29067
  14 4.18633 125 1.19502
  15 5.18633 139 1.31543
  16 6.18633 124 1.17647
  17 7.18633 108 0.976751
  18 8.18633 122 1.12564
  19 9.18633 133 1.32538
  20 10.1863 135 1.46425
  21 11.1863 112 1.08701
  22 12.1863 115 1.17027
  23 13.1863 122 1.14042
  24 14.1863 125 1.25598
  25 15.1863 115 1.13676
  26 16.1863 117 1.11065
  27 17.1863 120 1.29559
  28 18.1863 115 1.17387
  29 19.1863 120 1.03879
  30 20.1863 99 0.924502
19080000 30 3640
  1 -8.81367 105 1.03943
  2 -7.81367 146 1.40264
  3 -6.81367 115 1.12145
  4 -5.81367 138 1.39859
  5 -4.81367 117 1.03206
  6 -3.81367 130 1.39728
  7 -2.81367 124 1.23713
  8 -1.81367 127 1.18865
  9 -0.813671 115 1.18611
  10 0.186329 104 0.971091
  11 1.18633 118 1.17887
  12 2.18633 134 1.20732
  13 3.18633 122 1.15397
  14 4.18633 127 1.28184
  15 5.18633 131 1.29303
  16 6.18633 127 1.17379
  17 7.18633 116 1.042
  18 8.18633 115 1.10289
  19 9.18633 143 1.42984
  20 10.1863 125 1.31165
  21 11.1863 122 1.26691
  22 12.1863 117 1.04564
  23 13.1863 124 1.2359
  24 14.1863 127 1.29197
  25 15.1863 108 1.03076
  26 16.1863 126 1.38242
  27 17.1863 119 1.1874
  28 18.1863 123 1.19241
  29 19.1863 99 0.90398
  30 20.1863 96 0.835572
19090000 30 3640
  1 -8.81367 112 1.09062
  2 -7.81367 134 1.40946
  3 -6.81367 121 1.09825
  4 -5.81367 121 1.23806
  5 -4.81367 127 1.20318
  6 -3.81367 130 1.28942
  7 -2.81367 133 1.34824
  8 -1.81367 124 1.20189
  9 -0.813671 114 1.09696
  10 0.186329 103 1.0344
  11 1.18633 107 1.06066
  12 2.18633 126 1.18573
  13 3.18633 131 1.3746
  14 4.18633 123 1.15811
  15 5.18633 131 1.23211
  16 6.18633 122 1.12566
  17 7.18633 122 1.13826
  18 8.18633 110 0.974393
  19 9.18633 148 1.61957
  20 10.1863 126 1.29693
  21 11.1863 117 1.2118
  22 12.1863 108 0.968143
  23 13.1863 113 1.15567
  24 14.1863 129 1.25968
  25 15.1863 111 1.08682
  26 16.1863 120 1.34312
  27 17.1863 122 1.16197
  28 18.1863 113 1.22443
  29 19.1863 127 1.08575
  30 20.1863 115 1.05943
19100000 30 3640
  1 -8.81367 106 1.07795
  2 -7.81367 147 1.43515
  3 -6.81367 125 1.1859
  4 -5.81367 126 1.22918
  5 -4.81367 119 1.18329
  6 -3.81367 127 1.20197
  7 -2.81367 133 1.39543
  8 -1.81367 133 1.25028
  9 -0.813671 116 1.19713
  10 0.186329 99 0.846055
  11 1.18633 106 1.09159
  12 2.18633 131 1.25666
  13 3.18633 127 1.24292
  14 4.18633 121 1.19078
  15 5.18633 134 1.23433
  16 6.18633 119 1.13251
  17 7.18633 116 1.04825
  18 8.18633 121 1.15364
  19 9.18633 147 1.49476
  20 10.1863 115 1.19074
  21 11.1863 121 1.21553
  22 12.1863 117 0.997405
  23 13.1863 109 1.10777
  24 14.1863 134 1.39303
  25 15.1863 116 1.12882
  26 16.1863 127 1.35811
  27 17.1863 104 1.06177
  28 18.1863 131 1.3062
  29 19.1863 103 0.8796
  30 20.1863 110 0.952746
19110000 30 3640
  1 -8.81367 96 0.999239
  2 -7.81367 145 1.31784
  3 -6.81367 116 1.2015
  4 -5.81367 127 1.26143
  5 -4.81367 132 1.20166
  6 -3.81367 132 1.38371
  7 -2.81367 125 1.2727
  8 -1.81367 127 1.19906
  9 -0.813671 113 1.16171
  10 0.186329 106 0.960543
  11 1.18633 121 1.24787
  12 2.18633 129 1.16289
  13 3.18633 127 1.27411
  14 4.18633 124 1.22017
  15 5.18633 143 1.41772
  16 6.18633 109 0.97679
  17 7.18633 117 1.06175
  18 8.18633 113 1.04797
  19 9.18633 153 1.56756
  20 10.1863 111 1.15532
  21 11.1863 121 1.25638
  22 12.1863 115 1.04303
  23 13.1863 129 1.32024
  24 14.1863 119 1.3489
  25 15.1863 132 1.17292
  26 16.1863 121 1.25771
  27 17.1863 120 1.22154
  28 18.1863 116 1.17156
  29 19.1863 111 1.00307
  30 20.1863 90 0.798133
19120000 30 3640
  1 -8.81367 82 0.873778
  2 -7.81367 151 1.44429
  3 -6.81367 120 1.16458
  4 -5.81367 123 1.20431
  5 -4.81367 119 1.08388
  6 -3.81367 132 1.39929
  7 -2.81367 137 1.34481
  8 -1.81367 121 1.14845
  9 -0.813671 124 1.21932
  10 0.186329 109 1.00927
  11 1.18633 117 1.23056
  12 2.18633 127 1.18828
  13 3.18633 125 1.26283
  14 4.18633 134 1.31246
  15 5.18633 141 1.23312
  16 6.18633 113 1.08005
  17 7.18633 122 1.14475
  18 8.18633 127 1.15601
  19 9.18633 135 1.43912
  20 10.1863 126 1.28145
  21 11.1863 111 1.09615
  22 12.1863 115 1.0876
  23 13.1863 122 1.21182
  24 14.1863 134 1.3996
  25 15.1863 120 1.12978
  26 16.1863 119 1.27141
  27 17.1863 126 1.33357
  28 18.1863 113 1.03787
  29 19.1863 119 1.03796
  30 20.1863 76 0.683557
19130000 30 3640
  1 -8.81367 112 1.17429
  2 -7.81367 156 1.48233
  3 -6.81367 116 1.16933
  4 -5.81367 114 1.06461
  5 -4.81367 126 1.28398
  6 -3.81367 126 1.27148
  7 -2.81367 129 1.24293
  8 -1.81367 129 1.35616
  9 -0.813671 118 1.11097
  10 0.186329 111 1.0198
  11 1.18633 107 1.08972
  12 2.18633 115 1.0821
  13 3.18633 129 1.30532
  14 4.18633 128 1.14315
  15 5.18633 128 1.31151
  16 6.18633 129 1.2267
  17 7.18633 115 1.05722
  18 8.18633 121 1.10214
  19 9.18633 134 1.45108
  20 10.1863 133 1.289
  21 11.1863 118 1.26149
  22 12.1863 114 1.07473
  23 13.1863 130 1.13949
  24 14.1863 106 1.22667
  25 15.1863 125 1.15074
  26 16.1863 118 1.19542
  27 17.1863 122 1.2741
  28 18.1863 117 1.17684
  29 19.1863 105 0.943804
  30 20.1863 109 0.940086
19140000 30 3640
  1 -8.81367 86 0.947023
  2 -7.81367 146 1.32968
  3 -6.81367 116 1.10161
  4 -5.81367 129 1.28579
  5 -4.81367 120 1.20243
  6 -3.81367 124 1.241
  7 -2.81367 137 1.36195
  8 -1.81367 126 1.25472
  9 -0.813671 123 1.21246
  10 0.186329 98 0.866164
  11 1.18633 129 1.32965
  12 2.18633 134 1.15649
  13 3.18633 125 1.27103
  14 4.18633 119 1.25725
  15 5.18633 129 1.1851
  16 6.18633 131 1.23361
  17 7.18633 111 0.989499
  18 8.18633 128 1.30576
  19 9.18633 138 1.37332
  20 10.1863 134 1.27358
  21 11.1863 112 1.15996
  22 12.1863 121 1.17498
  23 13.1863 120 1.2461
  24 14.1863 128 1.26988
  25 15.1863 122 1.20123
  26 16.1863 112 1.16129
  27 17.1863 144 1.43429
  28 18.1863 104 1.06408
  29 19.1863 118 1.01446
  30 20.1863 76 0.69652
19150000 30 3640
  1 -8.81367 96 0.934454
  2 -7.81367 152 1.51068
  3 -6.81367 110 1.05594
  4 -5.81367 124 1.17602
  5 -4.81367 122 1.18969
  6 -3.81367 132 1.29495
  7 -2.81367 122 1.30117
  8 -1.81367 135 1.23928
  9 -0.813671 116 1.13651
  10 0.186329 114 1.1167
  11 1.18633 106 1.09053
  12 2.18633 122 1.07343
  13 3.18633 126 1.25662
  14 4.18633 130 1.26527
  15 5.18633 143 1.39424
  16 6.18633 108 0.95678
  17 7.18633 119 1.04984
  18 8.18633 130 1.23684
  19 9.18633 134 1.40655
  20 10.1863 130 1.31357
  21 11.1863 115 1.1216
  22 12.1863 122 1.17367
  23 13.1863 126 1.24793
  24 14.1863 120 1.23931
  25 15.1863 119 1.17732
  26 16.1863 124 1.23429
  27 17.1863 106 1.12778
  28 18.1863 129 1.19468
  29 19.1863 115 1.03489
  30 20.1863 93 0.85635
19160000 30 3640
  1 -8.81367 90 0.838762
  2 -7.81367 141 1.39553
  3 -6.81367 121 1.12958
  4 -5.81367 129 1.245
  5 -4.81367 122 1.21644
  6 -3.81367 127 1.24506
  7 -2.81367 125 1.32079
  8 -1.81367 133 1.25128
  9 -0.813671 123 1.20294
  10 0.186329 115 1.12832
  11 1.18633 118 1.13964
  12 2.18633 124 1.13211
  13 3.18633 125 1.28115
  14 4.18633 133 1.26741
  15 5.18633 131 1.25017
  16 6.18633 115 1.03638
  17 7.18633 132 1.14335
  18 8.18633 109 1.04634
  19 9.18633 140 1.563
  20 10.1863 115 1.17675
  21 11.1863 115 1.14811
  22 12.1863 119 1.05748
  23 13.1863 122 1.21287
  24 14.1863 125 1.32217
  25 15.1863 126 1.24386
  26 16.1863 134 1.29979
  27 17.1863 115 1.25251
  28 18.1863 118 1.12831
  29 19.1863 129 1.12218
  30 20.1863 69 0.704573
19170000 30 3640
  1 -8.81367 90 0.831122
  2 -7.81367 133 1.31795
  3 -6.81367 129 1.23036
  4 -5.81367 121 1.23017
  5 -4.81367 137 1.3167
  6 -3.81367 131 1.25532
  7 -2.81367 139 1.51803
  8 -1.81367 120 1.1052
  9 -0.813671 114 1.11897
  10 0.186329 112 1.07898
  11 1.18633 113 1.14407
  12 2.18633 119 1.11391
  13 3.18633 138 1.37442
  14 4.18633 119 1.20397
  15 5.18633 135 1.30168
  16 6.18633 118 1.05892
  17 7.18633 118 1.10646
  18 8.18633 114 1.06769
  19 9.18633 147 1.50567
  20 10.1863 126 1.24537
  21 11.1863 105 1.18633
  22 12.1863 131 1.23529
  23 13.1863 118 1.04905
  24 14.1863 130 1.4256
  25 15.1863 116 1.16515
  26 16.1863 127 1.32543
  27 17.1863 120 1.19904
  28 18.1863 124 1.24031
  29 19.1863 122 1.05399
  30 20.1863 74 0.753446
19180000 32 3640
  1 -9.81367 8 0.0893546
  2 -8.81367 121 1.29673
  3 -7.81367 147 1.31213
  4 -6.81367 114 1.18087
  5 -5.81367 103 1.0072
  6 -4.81367 131 1.25275
  7 -3.81367 130 1.38604
  8 -2.81367 128 1.24018
  9 -1.81367 116 1.16325
  10 -0.813671 113 1.1257
  11 0.186329 111 1.08026
  12 1.18633 106 1.07778
  13 2.18633 126 1.2063
  14 3.18633 134 1.2768
  15 4.18633 113 1.1745
  16 5.18633 124 1.09553
  17 6.18633 129 1.32446
  18 7.18633 128 1.18357
  19 8.18633 114 1.08536
  20 9.18633 141 1.49819
  21 10.1863 124 1.2716
  22 11.1863 122 1.21868
  23 12.1863 105 0.95314
  24 13.1863 124 1.22643
  25 14.1863 115 1.21372
  26 15.1863 127 1.26032
  27 16.1863 107 1.12296
  28 17.1863 129 1.32832
  29 18.1863 108 1.09791
  30 19.1863 119 1.0338
  31 20.1863 112 1.07646
  32 21.1863 11 0.1108
19190000 30 3640
  1 -8.81367 108 1.03197
  2 -7.81367 141 1.44805
  3 -6.81367 125 1.13233
  4 -5.81367 128 1.26102
  5 -4.81367 128 1.26102
  6 -3.81367 125 1.23498
  7 -2.81367 139 1.41093
  8 -1.81367 114 1.02207
  9 -0.813671 125 1.26103
  10 0.186329 89 0.895697
  11 1.18633 112 1.07665
  12 2.18633 123 1.12111
  13 3.18633 126 1.22522
  14 4.18633 124 1.25613
  15 5.18633 141 1.31196
  16 6.18633 115 1.01958
  17 7.18633 113 1.00475
  18 8.18633 126 1.19919
  19 9.18633 138 1.41964
  20 10.1863 126 1.37237
  21 11.1863 119 1.17684
  22 12.1863 122 1.20037
  23 13.1863 121 1.14722
  24 14.1863 107 1.11373
  25 15.1863 140 1.3552
  26 16.1863 105 1.0183
  27 17.1863 125 1.29328
  28 18.1863 128 1.2252
  29 19.1863 117 1.06538
  30 20.1863 90 0.831242
19200000 30 3640
  1 -8.81367 74 0.817158
  2 -7.81367 164 1.47808
  3 -6.81367 111 1.09912
  4 -5.81367 122 1.2418
  5 -4.81367 128 1.19974
  6 -3.81367 134 1.36352
  7 -2.81367 130 1.32138
  8 -1.81367 127 1.13767
  9 -0.813671 117 1.2531
  10 0.186329 117 1.10667
  11 1.18633 109 1.08677
  12 2.18633 133 1.1427
  13 3.18633 124 1.28549
  14 4.18633 128 1.20955
  15 5.18633 137 1.3823
  16 6.18633 125 1.13397
  17 7.18633 115 0.998632
  18 8.18633 125 1.23946
  19 9.18633 134 1.33013
  20 10.1863 127 1.24933
  21 11.1863 112 1.13884
  22 12.1863 126 1.26683
  23 13.1863 104 0.940177
  24 14.1863 131 1.35625
  25 15.1863 118 1.22696
  26 16.1863 132 1.31403
  27 17.1863 122 1.28897
  28 18.1863 116 1.13148
  29 19.1863 119 1.04578
  30 20.1863 79 0.696764
19210000 30 3640
  1 -8.81367 94 0.95109
  2 -7.81367 158 1.43679
  3 -6.81367 121 1.21822
  4 -5.81367 111 1.07837
  5 -4.81367 126 1.20705
  6 -3.81367 142 1.53254
  7 -2.81367 121 1.1384
  8 -1.81367 125 1.18582
  9 -0.813671 114 1.14084
  10 0.186329 113 1.1123
  11 1.18633 109 1.06233
  12 2.18633 127 1.16209
  13 3.18633 135 1.3532
  14 4.18633 120 1.20559
  15 5.18633 143 1.33697
  16 6.18633 101 0.947409
  17 7.18633 121 1.1122
  18 8.18633 118 1.1471
  19 9.18633 151 1.52784
  20 10.1863 125 1.24566
  21 11.1863 115 1.26183
  22 12.1863 109 1.02596
  23 13.1863 117 1.13471
  24 14.1863 129 1.33692
  25 15.1863 122 1.1983
  26 16.1863 111 1.19696
  27 17.1863 124 1.27686
  28 18.1863 130 1.21705
  29 19.1863 111 0.971206
  30 20.1863 97 0.939948
19220000 30 3640
  1 -8.81367 90 0.890087
  2 -7.81367 147 1.34827
  3 -6.81367 114 1.19908
  4 -5.81367 126 1.24873
  5 -4.81367 124 1.09871
  6 -3.81367 121 1.36901
  7 -2.81367 139 1.31346
  8 -1.81367 131 1.26614
  9 -0.813671 112 1.16567
  10 0.186329 120 1.04666
  11 1.18633 115 1.18687
  12 2.18633 122 1.11238
  13 3.18633 128 1.3047
  14 4.18633 130 1.15081
  15 5.18633 131 1.33327
  16 6.18633 124 1.09871
  17 7.18633 109 1.04526
  18 8.18633 120 1.16693
  19 9.18633 146 1.46738
  20 10.1863 126 1.23764
  21 11.1863 118 1.17051
  22 12.1863 120 1.16322
  23 13.1863 113 1.12722
  24 14.1863 121 1.31592
  25 15.1863 140 1.28114
  26 16.1863 106 1.08364
  27 17.1863 122 1.36675
  28 18.1863 123 1.06276
  29 19.1863 115 1.08252
  30 20.1863 87 0.763552
19230000 30 3640
  1 -8.81367 96 0.931468
  2 -7.81367 148 1.44511
  3 -6.81367 122 1.17953
  4 -5.81367 128 1.30905
  5 -4.81367 108 0.976318
  6 -3.81367 133 1.40379
  7 -2.81367 136 1.41009
  8 -1.81367 127 1.20819
  9 -0.813671 115 1.07234
  10 0.186329 113 1.02762
  11 1.18633 106 1.14828
  12 2.18633 136 1.26695
  13 3.18633 123 1.20953
  14 4.18633 116 1.12463
  15 5.18633 142 1.40392
  16 6.18633 118 1.04745
  17 7.18633 116 1.11842
  18 8.18633 120 1.10106
  19 9.18633 149 1.54362
  20 10.1863 125 1.24054
  21 11.1863 126 1.28042
  22 12.1863 108 1.01376
  23 13.1863 116 1.21687
  24 14.1863 115 1.14592
  25 15.1863 133 1.30048
  26 16.1863 115 1.20186
  27 17.1863 126 1.34163
  28 18.1863 122 1.15961
  29 19.1863 120 1.02256
  30 20.1863 82 0.771796
19240000 30 3640
  1 -8.81367 110 1.08368
  2 -7.81367 154 1.53948
  3 -6.81367 106 1.09112
  4 -5.81367 131 1.24274
  5 -4.81367 129 1.28687
  6 -3.81367 123 1.27039
  7 -2.81367 124 1.26165
  8 -1.81367 129 1.27168
  9 -0.813671 111 1.08625
  10 0.186329 103 0.941016
  11 1.18633 123 1.27185
  12 2.18633 130 1.18344
  13 3.18633 128 1.30591
  14 4.18633 120 1.20729
  15 5.18633 131 1.3223
  16 6.18633 118 1.12784
  17 7.18633 112 0.975085
  18 8.18633 125 1.23265
  19 9.18633 130 1.35391
  20 10.1863 130 1.37523
  21 11.1863 115 1.10503
  22 12.1863 115 1.18459
  23 13.1863 124 1.13804
  24 14.1863 121 1.30843
  25 15.1863 112 1.11011
  26 16.1863 110 1.18577
  27 17.1863 126 1.33369
  28 18.1863 125 1.29696
  29 19.1863 116 0.919626
  30 20.1863 109 1.06964
19250000 30 3640
  1 -8.81367 97 0.929615
  2 -7.81367 144 1.36879
  3 -6.81367 114 1.11693
  4 -5.81367 134 1.3265
  5 -4.81367 110 1.035
  6 -3.81367 137 1.36621
  7 -2.81367 128 1.30047
  8 -1.81367 124 1.09213
  9 -0.813671 114 1.2595
  10 0.186329 114 1.04257
  11 1.18633 106 1.1281
  12 2.18633 131 1.06746
  13 3.18633 131 1.38615
  14 4.18633 129 1.30172
  15 5.18633 133 1.21875
  16 6.18633 121 1.11071
  17 7.18633 112 1.08089
  18 8.18633 116 1.00163
  19 9.18633 151 1.52137
  20 10.1863 125 1.251
  21 11.1863 120 1.26068
  22 12.1863 114 1.10568
  23 13.1863 121 1.22981
  24 14.1863 118 1.14817
  25 15.1863 125 1.29292
  26 16.1863 132 1.21745
  27 17.1863 114 1.30669
  28 18.1863 122 1.18885
  29 19.1863 123 0.985526
  30 20.1863 80 0.813998
19260000 30 3640
  1 -8.81367 100 0.94397
  2 -7.81367 145 1.49793
  3 -6.81367 114 1.08469
  4 -5.81367 136 1.30125
  5 -4.81367 124 1.1668
  6 -3.81367 127 1.32606
  7 -2.81367 128 1.28135
  8 -1.81367 137 1.26273
  9 -0.813671 110 1.16055
  10 0.186329 105 0.993874
  11 1.18633 101 1.05476
  12 2.18633 132 1.20801
  13 3.18633 133 1.23664
  14 4.18633 111 1.16295
  15 5.18633 141 1.30266
  16 6.18633 119 1.12948
  17 7.18633 122 1.08346
  18 8.18633 103 1.00247
  19 9.18633 151 1.51298
  20 10.1863 137 1.37602
  21 11.1863 116 1.25758
  22 12.1863 116 1.06841
  23 13.1863 119 1.19672
  24 14.1863 117 1.1657
  25 15.1863 129 1.20545
  26 16.1863 110 1.22645
  27 17.1863 121 1.21911
  28 18.1863 124 1.27385
  29 19.1863 117 1.03366
  30 20.1863 95 0.841905
19270000 30 3640
  1 -8.81367 90 0.901037
  2 -7.81367 158 1.54642
  3 -6.81367 106 1.03135
  4 -5.81367 136 1.31956
  5 -4.81367 121 1.18301
  6 -3.81367 131 1.34454
  7 -2.81367 133 1.26706
  8 -1.81367 130 1.34198
  9 -0.813671 110 1.09792
  10 0.186329 106 1.03395
  11 1.18633 112 1.1492
  12 2.18633 132 1.1656
  13 3.18633 128 1.33216
  14 4.18633 125 1.19545
  15 5.18633 141 1.3861
  16 6.18633 117 1.11409
  17 7.18633 115 1.06276
  18 8.18633 117 0.991485
  19 9.18633 146 1.57888
  20 10.1863 131 1.3309
  21 11.1863 118 1.18662
  22 12.1863 116 1.15924
  23 13.1863 128 1.22193
  24 14.1863 117 1.21943
  25 15.1863 124 1.22308
  26 16.1863 108 1.06641
  27 17.1863 120 1.35465
  28 18.1863 124 1.20556
  29 19.1863 109 0.953794
  30 20.1863 91 0.839722
19280000 30 3640
  1 -8.81367 106 1.05731
  2 -7.81367 134 1.30657
  3 -6.81367 112 1.16934
  4 -5.81367 132 1.24295
  5 -4.81367 122 1.13209
  6 -3.81367 133 1.42729
  7 -2.81367 127 1.27166
  8 -1.81367 129 1.30024
  9 -0.813671 121 1.10096
  10 0.186329 96 0.947559
  11 1.18633 107 1.1159
  12 2.18633 137 1.24808
  13 3.18633 127 1.2742
  14 4.18633 125 1.18184
  15 5.18633 127 1.22932
  16 6.18633 117 1.12333
  17 7.18633 126 1.1956
  18 8.18633 119 1.05744
  19 9.18633 142 1.40999
  20 10.1863 130 1.31405
  21 11.1863 119 1.26525
  22 12.1863 109 0.984976
  23 13.1863 119 1.23427
  24 14.1863 121 1.2555
  25 15.1863 129 1.26544
  26 16.1863 115 1.17802
  27 17.1863 133 1.39019
  28 18.1863 116 1.07969
  29 19.1863 117 1.01372
  30 20.1863 93 0.846498
19290000 30 3640
  1 -8.81367 110 1.12273
  2 -7.81367 137 1.33221
  3 -6.81367 116 1.11642
  4 -5.81367 133 1.33715
  5 -4.81367 115 1.0713
  6 -3.81367 123 1.29819
  7 -2.81367 134 1.33341
  8 -1.81367 130 1.25189
  9 -0.813671 120 1.188
  10 0.186329 105 1.02247
  11 1.18633 107 1.09132
  12 2.18633 128 1.19061
  13 3.18633 124 1.23192
  14 4.18633 123 1.20789
  15 5.18633 134 1.27962
  16 6.18633 118 1.05881
  17 7.18633 134 1.31587
  18 8.18633 120 1.08401
  19 9.18633 136 1.45252
  20 10.1863 119 1.15157
  21 11.1863 121 1.29937
  22 12.1863 119 1.12781
  23 13.1863 114 1.24302
  24 14.1863 126 1.28969
  25 15.1863 120 1.13526
  26 16.1863 115 1.15652
  27 17.1863 124 1.2971
  28 18.1863 117 1.16533
  29 19.1863 121 1.09396
  30 20.1863 97 0.893135
19300000 30 3640
  1 -8.81367 101 1.00797
  2 -7.81367 140 1.2954
  3 -6.81367 116 1.16961
  4 -5.81367 128 1.3039
  5 -4.81367 117 1.07389
  6 -3.81367 125 1.26783
  7 -2.81367 136 1.3873
  8 -1.81367 116 1.08879
  9 -0.813671 123 1.16103
  10 0.186329 115 1.14859
  11 1.18633 109 1.06392
  12 2.18633 139 1.31283
  13 3.18633 114 1.0901
  14 4.18633 126 1.29774
  15 5.18633 129 1.28786
  16 6.18633 122 1.08511
  17 7.18633 128 1.23809
  18 8.18633 115 1.06525
  19 9.18633 146 1.44838
  20 10.1863 128 1.24305
  21 11.1863 116 1.31131
  22 12.1863 113 1.00551
  23 13.1863 119 1.2629
  24 14.1863 124 1.20207
  25 15.1863 118 1.09383
  26 16.1863 128 1.37113
  27 17.1863 116 1.22316
  28 18.1863 116 1.13725
  29 19.1863 116 0.996832
  30 20.1863 101 0.909574
19310000 30 3640
  1 -8.81367 125 1.16947
  2 -7.81367 145 1.46985
  3 -6.81367 110 1.05414
  4 -5.81367 123 1.15927
  5 -4.81367 128 1.28321
  6 -3.81367 131 1.3033
  7 -2.81367 121 1.24817
  8 -1.81367 137 1.29826
  9 -0.813671 104 1.04289
  10 0.186329 101 0.986711
  11 1.18633 115 1.18438
  12 2.18633 122 1.00675
  13 3.18633 133 1.4135
  14 4.18633 123 1.18928
  15 5.18633 124 1.25704
  16 6.18633 137 1.24202
  17 7.18633 104 0.919051
  18 8.18633 119 1.22437
  19 9.18633 142 1.37349
  20 10.1863 121 1.24821
  21 11.1863 118 1.27186
  22 12.1863 126 1.10054
  23 13.1863 118 1.17698
  24 14.1863 116 1.24571
  25 15.1863 113 1.14801
  26 16.1863 114 1.16796
  27 17.1863 125 1.36593
  28 18.1863 120 1.17183
  29 19.1863 105 0.899074
  30 20.1863 120 1.14801
19320000 30 3640
  1 -8.81367 97 0.925301
  2 -7.81367 139 1.30611
  3 -6.81367 128 1.27959
  4 -5.81367 129 1.31341
  5 -4.81367 117 1.10936
  6 -3.81367 130 1.35091
  7 -2.81367 131 1.29718
  8 -1.81367 131 1.30341
  9 -0.813671 114 1.12956
  10 0.186329 111 1.03559
  11 1.18633 119 1.22586
  12 2.18633 124 1.15453
  13 3.18633 124 1.22967
  14 4.18633 134 1.27958
  15 5.18633 124 1.2547
  16 6.18633 128 1.17079
  17 7.18633 111 1.0293
  18 8.18633 124 1.1308
  19 9.18633 131 1.28715
  20 10.1863 126 1.4361
  21 11.1863 120 1.18066
  22 12.1863 117 1.17832
  23 13.1863 113 1.05177
  24 14.1863 117 1.2685
  25 15.1863 132 1.23586
  26 16.1863 117 1.18943
  27 17.1863 124 1.28221
  28 18.1863 115 1.21578
  29 19.1863 126 1.07195
  30 20.1863 87 0.850221
19330000 30 3640
  1 -8.81367 86 0.851091
  2 -7.81367 141 1.36923
  3 -6.81367 126 1.22034
  4 -5.81367 124 1.14143
  5 -4.81367 124 1.20402
  6 -3.81367 131 1.35657
  7 -2.81367 129 1.27037
  8 -1.81367 134 1.39036
  9 -0.813671 111 0.970103
  10 0.186329 106 1.07778
  11 1.18633 112 1.11768
  12 2.18633 121 1.22157
  13 3.18633 132 1.20667
  14 4.18633 128 1.30281
  15 5.18633 124 1.25536
  16 6.18633 123 1.09023
  17 7.18633 130 1.15407
  18 8.18633 112 1.06017
  19 9.18633 144 1.49809
  20 10.1863 111 1.19018
  21 11.1863 142 1.39047
  22 12.1863 112 1.08011
  23 13.1863 135 1.3355
  24 14.1863 115 1.13277
  25 15.1863 129 1.36791
  26 16.1863 117 1.25276
  27 17.1863 122 1.21535
  28 18.1863 119 1.07771
  29 19.1863 116 1.10892
  30 20.1863 84 0.848567
19340000 30 3640
  1 -8.81367 118 1.21721
  2 -7.81367 123 1.19457
  3 -6.81367 136 1.34046
  4 -5.81367 129 1.19957
  5 -4.81367 117 1.22586
  6 -3.81367 133 1.33034
  7 -2.81367 125 1.2147
  8 -1.81367 124 1.27122
  9 -0.813671 104 0.963089
  10 0.186329 109 1.04597
  11 1.18633 102 1.14049
  12 2.18633 131 1.20215
  13 3.18633 135 1.34555
  14 4.18633 119 1.18193
  15 5.18633 136 1.35439
  16 6.18633 127 1.13799
  17 7.18633 109 0.981859
  18 8.18633 113 1.11895
  19 9.18633 144 1.48035
  20 10.1863 129 1.30902
  21 11.1863 117 1.24471
  22 12.1863 110 0.998222
  23 13.1863 121 1.21218
  24 14.1863 123 1.25126
  25 15.1863 129 1.29394
  26 16.1863 112 1.18304
  27 17.1863 119 1.31665
  28 18.1863 126 1.19827
  29 19.1863 108 0.990711
  30 20.1863 112 1.01704
19350000 30 3640
  1 -8.81367 93 0.908902
  2 -7.81367 144 1.36715
  3 -6.81367 123 1.20766
  4 -5.81367 127 1.21883
  5 -4.81367 123 1.16781
  6 -3.81367 128 1.25369
  7 -2.81367 132 1.37694
  8 -1.81367 131 1.3109
  9 -0.813671 111 1.06709
  10 0.186329 112 1.06959
  11 1.18633 117 1.12935
  12 2.18633 125 1.19029
  13 3.18633 132 1.30986
  14 4.18633 111 1.11048
  15 5.18633 149 1.44049
  16 6.18633 120 1.06707
  17 7.18633 119 1.10191
  18 8.18633 126 1.10444
  19 9.18633 141 1.54259
  20 10.1863 130 1.31965
  21 11.1863 113 1.12295
  22 12.1863 119 1.13176
  23 13.1863 119 1.16413
  24 14.1863 125 1.2999
  25 15.1863 121 1.19643
  26 16.1863 117 1.19394
  27 17.1863 117 1.25745
  28 18.1863 119 1.16904
  29 19.1863 129 1.05971
  30 20.1863 67 0.710819
19360000 30 3640
  1 -8.81367 84 0.873439
  2 -7.81367 153 1.46232
  3 -6.81367 112 1.08087
  4 -5.81367 138 1.3318
  5 -4.81367 123 1.13434
  6 -3.81367 134 1.33669
  7 -2.81367 133 1.39386
  8 -1.81367 133 1.33297
  9 -0.813671 106 1.03378
  10 0.186329 110 0.971616
  11 1.18633 111 1.09594
  12 2.18633 131 1.14802
  13 3.18633 134 1.44488
  14 4.18633 120 1.2013
  15 5.18633 128 1.20021
  16 6.18633 114 1.04483
  17 7.18633 123 1.1332
  18 8.18633 113 1.00638
  19 9.18633 146 1.48715
  20 10.1863 126 1.29699
  21 11.1863 120 1.23854
  22 12.1863 116 1.1256
  23 13.1863 131 1.29203
  24 14.1863 117 1.18541
  25 15.1863 130 1.27836
  26 16.1863 110 1.18132
  27 17.1863 127 1.27223
  28 18.1863 119 1.17036
  29 19.1863 116 0.933245
  30 20.1863 82 0.807431
19370000 30 3640
  1 -8.81367 120 1.13995
  2 -7.81367 147 1.51061
  3 -6.81367 112 1.04696
  4 -5.81367 131 1.28684
  5 -4.81367 128 1.20406
  6 -3.81367 118 1.31447
  7 -2.81367 139 1.35471
  8 -1.81367 123 1.22277
  9 -0.813671 106 1.06839
  10 0.186329 104 0.995454
  11 1.18633 112 1.16001
  12 2.18633 128 1.17649
  13 3.18633 120 1.23418
  14 4.18633 128 1.1676
  15 5.18633 125 1.20277
  16 6.18633 121 1.18386
  17 7.18633 117 1.06834
  18 8.18633 114 1.10353
  19 9.18633 138 1.4202
  20 10.1863 127 1.29819
  21 11.1863 123 1.25169
  22 12.1863 106 1.07075
  23 13.1863 123 1.14625
  24 14.1863 130 1.3121
  25 15.1863 112 1.20024
  26 16.1863 112 1.12728
  27 17.1863 124 1.37607
  28 18.1863 117 1.10862
  29 19.1863 114 1.03563
  30 20.1863 121 1.1186
19380000 30 3640
  1 -8.81367 93 0.859213
  2 -7.81367 141 1.3543
  3 -6.81367 117 1.15994
  4 -5.81367 120 1.16482
  5 -4.81367 134 1.24417
  6 -3.81367 132 1.38385
  7 -2.81367 145 1.40385
  8 -1.81367 119 1.12897
  9 -0.813671 121 1.18233
  10 0.186329 111 1.05601
  11 1.18633 117 1.20948
  12 2.18633 119 1.10693
  13 3.18633 126 1.20458
  14 4.18633 124 1.25021
  15 5.18633 139 1.31601
  16 6.18633 129 1.1439
  17 7.18633 117 1.06101
  18 8.18633 122 1.1217
  19 9.18633 144 1.54852
  20 10.1863 127 1.2775
  21 11.1863 113 1.1277
  22 12.1863 118 1.16129
  23 13.1863 113 1.05967
  24 14.1863 133 1.34083
  25 15.1863 124 1.25518
  26 16.1863 118 1.16114
  27 17.1863 108 1.17238
  28 18.1863 123 1.12656
  29 19.1863 114 1.05106
  30 20.1863 79 0.735389
19390000 30 3640
  1 -8.81367 94 0.926432
  2 -7.81367 157 1.51792
  3 -6.81367 115 1.10627
  4 -5.81367 127 1.28092
  5 -4.81367 122 1.15457
  6 -3.81367 125 1.33924
  7 -2.81367 132 1.25876
  8 -1.81367 119 1.23626
  9 -0.813671 118 1.11999
  10 0.186329 110 0.94636
  11 1.18633 104 1.1038
  12 2.18633 132 1.15589
  13 3.18633 135 1.34936
  14 4.18633 119 1.17063
  15 5.18633 115 1.1806
  16 6.18633 124 1.05425
  17 7.18633 124 1.16328
  18 8.18633 114 1.06039
  19 9.18633 147 1.45974
  20 10.1863 118 1.24004
  21 11.1863 119 1.20287
  22 12.1863 116 1.11237
  23 13.1863 130 1.27858
  24 14.1863 122 1.24029
  25 15.1863 125 1.23145
  26 16.1863 111 1.10242
  27 17.1863 118 1.18429
  28 18.1863 125 1.31583
  29 19.1863 116 0.957552
  30 20.1863 107 0.980978
19400000 30 3640
  1 -8.81367 106 1.03196
  2 -7.81367 143 1.38301
  3 -6.81367 119 1.1635
  4 -5.81367 123 1.23365
  5 -4.81367 131 1.24254
  6 -3.81367 119 1.2286
  7 -2.81367 126 1.30139
  8 -1.81367 126 1.17982
  9 -0.813671 103 1.09961
  10 0.186329 122 1.13598
  11 1.18633 106 1.03575
  12 2.18633 123 1.14982
  13 3.18633 135 1.34914
  14 4.18633 118 1.17727
  15 5.18633 123 1.18492
  16 6.18633 128 1.16986
  17 7.18633 128 1.26132
  18 8.18633 108 0.951758
  19 9.18633 150 1.49204
  20 10.1863 125 1.33277
  21 11.1863 117 1.23991
  22 12.1863 117 1.04445
  23 13.1863 121 1.22124
  24 14.1863 122 1.34412
  25 15.1863 119 1.16599
  26 16.1863 130 1.33265
  27 17.1863 123 1.30278
  28 18.1863 112 1.08576
  29 19.1863 125 1.0797
  30 20.1863 92 0.900164
19410000 30 3640
  1 -8.81367 88 0.945467
  2 -7.81367 158 1.43659
  3 -6.81367 115 1.20766
  4 -5.81367 129 1.23273
  5 -4.81367 122 1.17159
  6 -3.81367 136 1.34517
  7 -2.81367 122 1.27888
  8 -1.81367 137 1.28525
  9 -0.813671 109 1.08423
  10 0.186329 100 0.975532
  11 1.18633 108 1.08431
  12 2.18633 129 1.17418
  13 3.18633 133 1.33021
  14 4.18633 120 1.18903
  15 5.18633 127 1.21788
  16 6.18633 133 1.20293
  17 7.18633 115 1.09665
  18 8.18633 118 1.12046
  19 9.18633 146 1.43523
  20 10.1863 130 1.36508
  21 11.1863 114 1.16402
  22 12.1863 122 1.18036
  23 13.1863 114 1.18034
  24 14.1863 122 1.21785
  25 15.1863 124 1.23155
  26 16.1863 133 1.30644
  27 17.1863 116 1.28395
  28 18.1863 122 1.13295
  29 19.1863 114 1.0168
  30 20.1863 84 0.791932
19420000 30 3640
  1 -8.81367 97 0.957622
  2 -7.81367 154 1.43528
  3 -6.81367 114 1.10638
  4 -5.81367 119 1.25754
  5 -4.81367 128 1.14746
  6 -3.81367 116 1.18325
  7 -2.81367 134 1.38044
  8 -1.81367 128 1.15606
  9 -0.813671 119 1.17214
  10 0.186329 120 1.19581
  11 1.18633 104 0.997377
  12 2.18633 123 1.15115
  13 3.18633 134 1.28268
  14 4.18633 125 1.22547
  15 5.18633 127 1.2218
  16 6.18633 122 1.15854
  17 7.18633 123 1.16354
  18 8.18633 118 1.01348
  19 9.18633 150 1.55298
  20 10.1863 129 1.32469
  21 11.1863 125 1.22181
  22 12.1863 110 1.10267
  23 13.1863 114 1.16095
  24 14.1863 134 1.40286
  25 15.1863 121 1.11393
  26 16.1863 109 1.14355
  27 17.1863 137 1.39548
  28 18.1863 111 1.06302
  29 19.1863 109 0.967569
  30 20.1863 86 0.782673
19430000 30 3640
  1 -8.81367 96 0.935594
  2 -7.81367 138 1.36078
  3 -6.81367 117 1.14929
  4 -5.81367 136 1.34433
  5 -4.81367 132 1.24944
  6 -3.81367 127 1.24434
  7 -2.81367 129 1.33436
  8 -1.81367 119 1.12182
  9 -0.813671 119 1.22805
  10 0.186329 113 1.06572
  11 1.18633 100 1.02808
  12 2.18633 130 1.14947
  13 3.18633 133 1.34835
  14 4.18633 127 1.25556
  15 5.18633 125 1.24308
  16 6.18633 134 1.24697
  17 7.18633 113 1.04813
  18 8.18633 118 1.06942
  19 9.18633 150 1.52828
  20 10.1863 125 1.26313
  21 11.1863 121 1.33305
  22 12.1863 114 1.05553
  23 13.1863 122 1.24442
  24 14.1863 119 1.21698
  25 15.1863 133 1.31813
  26 16.1863 114 1.11673
  27 17.1863 134 1.43328
  28 18.1863 119 1.1269
  29 19.1863 105 0.924321
  30 20.1863 78 0.747804
19440000 30 3640
  1 -8.81367 79 0.784817
  2 -7.81367 134 1.27637
  3 -6.81367 128 1.25514
  4 -5.81367 128 1.24765
  5 -4.81367 120 1.18208
  6 -3.81367 130 1.27497
  7 -2.81367 126 1.29963
  8 -1.81367 127 1.13885
  9 -0.813671 120 1.25152
  10 0.186329 123 1.12771
  11 1.18633 100 1.06089
  12 2.18633 133 1.10186
  13 3.18633 123 1.29361
  14 4.18633 127 1.28101
  15 5.18633 136 1.31716
  16 6.18633 128 1.14503
  17 7.18633 117 1.07453
  18 8.18633 118 1.04241
  19 9.18633 148 1.52745
  20 10.1863 122 1.24026
  21 11.1863 119 1.16733
  22 12.1863 112 1.03119
  23 13.1863 135 1.4246
  24 14.1863 124 1.2949
  25 15.1863 126 1.16362
  26 16.1863 126 1.29469
  27 17.1863 112 1.18836
  28 18.1863 126 1.17102
  29 19.1863 108 0.908737
  30 20.1863 85 0.798365
19450000 30 3640
  1 -8.81367 92 0.978813
  2 -7.81367 139 1.37506
  3 -6.81367 118 1.13087
  4 -5.81367 137 1.29892
  5 -4.81367 121 1.16696
  6 -3.81367 126 1.28769
  7 -2.81367 130 1.36239
  8 -1.81367 125 1.15205
  9 -0.813671 116 1.16829
  10 0.186329 104 0.972728
  11 1.18633 110 1.10725
  12 2.18633 125 1.18692
  13 3.18633 135 1.26555
  14 4.18633 125 1.24668
  15 5.18633 125 1.23041
  16 6.18633 127 1.16462
  17 7.18633 120 1.11344
  18 8.18633 117 1.09357
  19 9.18633 156 1.50954
  20 10.1863 122 1.32627
  21 11.1863 123 1.26157
  22 12.1863 109 1.00261
  23 13.1863 126 1.233
  24 14.1863 116 1.18708
  25 15.1863 117 1.14946
  26 16.1863 134 1.35367
  27 17.1863 113 1.27526
  28 18.1863 117 1.1869
  29 19.1863 118 0.989037
  30 20.1863 97 0.805899
19460000 30 3640
  1 -8.81367 85 0.902463
  2 -7.81367 151 1.46824
  3 -6.81367 118 1.11027
  4 -5.81367 131 1.29167
  5 -4.81367 128 1.25539
  6 -3.81367 125 1.21154
  7 -2.81367 126 1.35041
  8 -1.81367 129 1.2104
  9 -0.813671 111 1.1166
  10 0.186329 112 1.12783
  11 1.18633 120 1.07526
  12 2.18633 124 1.2667
  13 3.18633 127 1.27676
  14 4.18633 114 1.02634
  15 5.18633 137 1.33806
  16 6.18633 124 1.20793
  17 7.18633 122 1.11655
  18 8.18633 118 1.12287
  19 9.18633 142 1.45689
  20 10.1863 137 1.35803
  21 11.1863 114 1.18144
  22 12.1863 121 1.15287
  23 13.1863 112 1.04648
  24 14.1863 119 1.32678
  25 15.1863 119 1.17776
  26 16.1863 129 1.35554
  27 17.1863 114 1.14778
  28 18.1863 119 1.20528
  29 19.1863 117 1.04147
  30 20.1863 95 0.834923
19470000 30 3640
  1 -8.81367 105 1.04622
  2 -7.81367 144 1.391
  3 -6.81367 116 1.09729
  4 -5.81367 117 1.22894
  5 -4.81367 125 1.17564
  6 -3.81367 131 1.28382
  7 -2.81367 137 1.38333
  8 -1.81367 112 1.07109
  9 -0.813671 124 1.24914
  10 0.186329 124 1.20674
  11 1.18633 107 1.00656
  12 2.18633 116 1.08615
  13 3.18633 125 1.20799
  14 4.18633 115 1.20181
  15 5.18633 138 1.29511
  16 6.18633 123 1.09854
  17 7.18633 113 1.11097
  18 8.18633 129 1.16079
  19 9.18633 142 1.46547
  20 10.1863 128 1.29754
  21 11.1863 112 1.1233
  22 12.1863 116 1.08492
  23 13.1863 125 1.33853
  24 14.1863 129 1.20933
  25 15.1863 126 1.30748
  26 16.1863 120 1.11965
  27 17.1863 118 1.3622
  28 18.1863 123 1.23278
  29 19.1863 122 0.995434
  30 20.1863 78 0.705416
19480000 30 3640
  1 -8.81367 102 1.05376
  2 -7.81367 134 1.29107
  3 -6.81367 113 1.00789
  4 -5.81367 125 1.32192
  5 -4.81367 127 1.26741
  6 -3.81367 116 1.10462
  7 -2.81367 136 1.38174
  8 -1.81367 129 1.20283
  9 -0.813671 125 1.26753
  10 0.186329 107 0.951907
  11 1.18633 118 1.23027
  12 2.18633 122 1.11594
  13 3.18633 125 1.24017
  14 4.18633 115 1.13697
  15 5.18633 142 1.33462
  16 6.18633 119 1.11085
  17 7.18633 118 1.06625
  18 8.18633 127 1.19671
  19 9.18633 146 1.45377
  20 10.1863 126 1.28239
  21 11.1863 110 1.15683
  22 12.1863 122 1.12703
  23 13.1863 125 1.23389
  24 14.1863 132 1.38687
  25 15.1863 118 1.16798
  26 16.1863 118 1.22766
  27 17.1863 118 1.22018
  28 18.1863 121 1.1842
  29 19.1863 114 0.979307
  30 20.1863 90 0.79898
19490000 30 3640
  1 -8.81367 84 0.900381
  2 -7.81367 149 1.46952
  3 -6.81367 119 1.08605
  4 -5.81367 134 1.33574
  5 -4.81367 125 1.19114
  6 -3.81367 127 1.24919
  7 -2.81367 123 1.2616
  8 -1.81367 124 1.16144
  9 -0.813671 125 1.24188
  10 0.186329 117 1.09106
  11 1.18633 106 1.07001
  12 2.18633 134 1.23698
  13 3.18633 129 1.25921
  14 4.18633 117 1.17129
  15 5.18633 144 1.29765
  16 6.18633 113 1.08351
  17 7.18633 118 1.08855
  18 8.18633 118 1.01562
  19 9.18633 153 1.66977
  20 10.1863 119 1.16634
  21 11.1863 116 1.22077
  22 12.1863 113 1.01924
  23 13.1863 124 1.28146
  24 14.1863 132 1.3223
  25 15.1863 126 1.16274
  26 16.1863 112 1.11064
  27 17.1863 130 1.44348
  28 18.1863 106 0.949989
  29 19.1863 118 1.02551
  30 20.1863 85 0.755789
19500000 30 3640
  1 -8.81367 99 1.04302
  2 -7.81367 137 1.33619
  3 -6.81367 117 1.17008
  4 -5.81367 133 1.28207
  5 -4.81367 121 1.25425
  6 -3.81367 131 1.26441
  7 -2.81367 125 1.29714
  8 -1.81367 124 1.23671
  9 -0.813671 125 1.1966
  10 0.186329 100 0.976448
  11 1.18633 112 1.14631
  12 2.18633 120 1.05569
  13 3.18633 144 1.42306
  14 4.18633 114 1.10967
  15 5.18633 136 1.43177
  16 6.18633 113 1.10844
  17 7.18633 130 1.091
  18 8.18633 110 1.06322
  19 9.18633 139 1.45069
  20 10.1863 131 1.35369
  21 11.1863 120 1.19898
  22 12.1863 114 1.17385
  23 13.1863 128 1.21547
  24 14.1863 125 1.29223
  25 15.1863 113 1.16501
  26 16.1863 126 1.2669
  27 17.1863 113 1.1625
  28 18.1863 119 1.27456
  29 19.1863 118 1.01548
  30 20.1863 103 0.890875
19510000 30 3640
  1 -8.81367 115 1.17121
  2 -7.81367 136 1.29676
  3 -6.81367 118 1.17243
  4 -5.81367 130 1.22335
  5 -4.81367 127 1.2681
  6 -3.81367 131 1.34134
  7 -2.81367 125 1.17743
  8 -1.81367 121 1.13139
  9 -0.813671 119 1.20844
  10 0.186329 89 0.890288
  11 1.18633 116 1.18993
  12 2.18633 129 1.11413
  13 3.18633 126 1.19116
  14 4.18633 119 1.27419
  15 5.18633 127 1.17999
  16 6.18633 124 1.15504
  17 7.18633 108 1.03194
  18 8.18633 124 1.14638
  19 9.18633 141 1.41742
  20 10.1863 129 1.35259
  21 11.1863 120 1.2693
  22 12.1863 108 1.0071
  23 13.1863 123 1.15136
  24 14.1863 115 1.21467
  25 15.1863 127 1.2147
  26 16.1863 131 1.29796
  27 17.1863 109 1.17493
  28 18.1863 128 1.30659
  29 19.1863 117 0.964983
  30 20.1863 108 0.985911
19520000 30 3640
  1 -8.81367 111 1.11124
  2 -7.81367 134 1.30541
  3 -6.81367 118 1.08615
  4 -5.81367 123 1.29024
  5 -4.81367 126 1.14761
  6 -3.81367 127 1.32526
  7 -2.81367 134 1.39799
  8 -1.81367 128 1.20391
  9 -0.813671 118 1.16271
  10 0.186329 108 1.02101
  11 1.18633 117 1.21518
  12 2.18633 114 1.13008
  13 3.18633 132 1.30423
  14 4.18633 130 1.16504
  15 5.18633 136 1.30798
  16 6.18633 117 1.18505
  17 7.18633 121 1.06498
  18 8.18633 125 1.15767
  19 9.18633 139 1.47314
  20 10.1863 126 1.32036
  21 11.1863 105 1.07474
  22 12.1863 110 1.11003
  23 13.1863 122 1.11503
  24 14.1863 128 1.34558
  25 15.1863 121 1.19129
  26 16.1863 117 1.14873
  27 17.1863 118 1.27285
  28 18.1863 115 1.25386
  29 19.1863 118 0.999843
  30 20.1863 102 0.904541
19530000 30 3640
  1 -8.81367 84 0.806521
  2 -7.81367 136 1.30467
  3 -6.81367 113 1.09294
  4 -5.81367 138 1.29373
  5 -4.81367 129 1.19458
  6 -3.81367 130 1.31678
  7 -2.81367 145 1.41972
  8 -1.81367 117 1.15036
  9 -0.813671 134 1.29748
  10 0.186329 102 0.951018
  11 1.18633 117 1.08335
  12 2.18633 115 1.09536
  13 3.18633 133 1.26817
  14 4.18633 128 1.27026
  15 5.18633 135 1.22897
  16 6.18633 109 1.01096
  17 7.18633 121 1.02331
  18 8.18633 120 1.19085
  19 9.18633 132 1.29248
  20 10.1863 144 1.39153
  21 11.1863 117 1.22882
  22 12.1863 113 1.05377
  23 13.1863 126 1.2655
  24 14.1863 121 1.20938
  25 15.1863 129 1.26057
  26 16.1863 117 1.13696
  27 17.1863 116 1.19707
  28 18.1863 123 1.13212
  29 19.1863 123 1.10404
  30 20.1863 73 0.696461
19540000 30 3640
  1 -8.81367 94 0.889668
  2 -7.81367 139 1.39649
  3 -6.81367 122 1.14849
  4 -5.81367 128 1.24053
  5 -4.81367 125 1.1817
  6 -3.81367 127 1.26255
  7 -2.81367 125 1.21732
  8 -1.81367 134 1.29084
  9 -0.813671 107 1.05661
  10 0.186329 101 0.925283
  11 1.18633 110 1.10204
  12 2.18633 128 1.145
  13 3.18633 132 1.24434
  14 4.18633 119 1.22575
  15 5.18633 129 1.1757
  16 6.18633 132 1.20257
  17 7.18633 115 1.11296
  18 8.18633 124 1.07502
  19 9.18633 134 1.37194
  20 10.1863 129 1.21122
  21 11.1863 115 1.30054
  22 12.1863 120 1.06515
  23 13.1863 118 1.19768
  24 14.1863 128 1.25054
  25 15.1863 124 1.17305
  26 16.1863 120 1.21227
  27 17.1863 121 1.24668
  28 18.1863 119 1.2725
  29 19.1863 125 1.01009
  30 20.1863 96 0.854124
19550000 30 3640
  1 -8.81367 90 0.846622
  2 -7.81367 154 1.52324
  3 -6.81367 119 1.23715
  4 -5.81367 136 1.24977
  5 -4.81367 107 1.03254
  6 -3.81367 135 1.372
  7 -2.81367 123 1.25594
  8 -1.81367 132 1.28719
  9 -0.813671 127 1.18247
  10 0.186329 94 0.951382
  11 1.18633 126 1.2174
  12 2.18633 115 1.09376
  13 3.18633 136 1.41337
  14 4.18633 118 1.10001
  15 5.18633 138 1.3621
  16 6.18633 117 1.10497
  17 7.18633 122 1.13621
  18 8.18633 125 1.10748
  19 9.18633 135 1.39963
  20 10.1863 128 1.3184
  21 11.1863 118 1.2334
  22 12.1863 106 1.06128
  23 13.1863 130 1.26852
  24 14.1863 121 1.21743
  25 15.1863 126 1.18857
  26 16.1863 112 1.25584
  27 17.1863 130 1.331
  28 18.1863 115 1.09371
  29 19.1863 116 1.0002
  30 20.1863 89 0.828968
19560000 30 3640
  1 -8.81367 97 1.00035
  2 -7.81367 136 1.28003
  3 -6.81367 121 1.16684
  4 -5.81367 131 1.28238
  5 -4.81367 126 1.25375
  6 -3.81367 134 1.26624
  7 -2.81367 121 1.25378
  8 -1.81367 139 1.33207
  9 -0.813671 110 1.10726
  10 0.186329 109 1.01289
  11 1.18633 104 1.04765
  12 2.18633 122 1.13831
  13 3.18633 127 1.29493
  14 4.18633 124 1.1519
  15 5.18633 140 1.41042
  16 6.18633 127 1.19423
  17 7.18633 117 0.939662
  18 8.18633 123 1.31719
  19 9.18633 132 1.25136
  20 10.1863 144 1.41793
  21 11.1863 115 1.22506
  22 12.1863 106 1.04882
  23 13.1863 121 1.20791
  24 14.1863 124 1.17317
  25 15.1863 126 1.24766
  26 16.1863 113 1.22146
  27 17.1863 117 1.15441
  28 18.1863 122 1.28235
  29 19.1863 120 0.979436
  30 20.1863 92 0.843769
19570000 30 3640
  1 -8.81367 99 1.06258
  2 -7.81367 145 1.37489
  3 -6.81367 123 1.17261
  4 -5.81367 128 1.18999
  5 -4.81367 118 1.22116
  6 -3.81367 130 1.28857
  7 -2.81367 127 1.27867
  8 -1.81367 126 1.22993
  9 -0.813671 108 1.04894
  10 0.186329 129 1.26508
  11 1.18633 104 1.04774
  12 2.18633 119 1.0641
  13 3.18633 126 1.19885
  14 4.18633 133 1.41466
  15 5.18633 135 1.26128
  16 6.18633 121 1.17373
  17 7.18633 132 1.18018
  18 8.18633 116 1.12269
  19 9.18633 147 1.49097
  20 10.1863 116 1.21736
  21 11.1863 121 1.2324
  22 12.1863 102 0.975263
  23 13.1863 126 1.22257
  24 14.1863 110 1.16268
  25 15.1863 128 1.16383
  26 16.1863 112 1.22108
  27 17.1863 117 1.22876
  28 18.1863 126 1.24371
  29 19.1863 111 0.980359
  30 20.1863 105 0.941639
19580000 30 3640
  1 -8.81367 82 0.774309
  2 -7.81367 151 1.41637
  3 -6.81367 108 1.09644
  4 -5.81367 131 1.14311
  5 -4.81367 113 1.14783
  6 -3.81367 147 1.38314
  7 -2.81367 126 1.28509
  8 -1.81367 124 1.1773
  9 -0.813671 117 1.1051
  10 0.186329 114 1.06355
  11 1.18633 116 1.16022
  12 2.18633 129 1.21171
  13 3.18633 126 1.16284
  14 4.18633 126 1.29359
  15 5.18633 140 1.28158
  16 6.18633 117 1.11364
  17 7.18633 125 1.11004
  18 8.18633 121 1.08681
  19 9.18633 140 1.44558
  20 10.1863 132 1.28756
  21 11.1863 124 1.26795
  22 12.1863 111 1.04385
  23 13.1863 121 1.22512
  24 14.1863 116 1.15294
  25 15.1863 131 1.25082
  26 16.1863 115 1.06951
  27 17.1863 118 1.29863
  28 18.1863 123 1.1345
  29 19.1863 130 1.1566
  30 20.1863 66 0.656571
19590000 30 3640
  1 -8.81367 97 1.04712
  2 -7.81367 118 1.12272
  3 -6.81367 116 1.14497
  4 -5.81367 134 1.20196
  5 -4.81367 128 1.19329
  6 -3.81367 130 1.35894
  7 -2.81367 138 1.36777
  8 -1.81367 120 1.17091
  9 -0.813671 124 1.11792
  10 0.186329 109 1.09308
  11 1.18633 108 1.14619
  12 2.18633 124 1.13508
  13 3.18633 132 1.23914
  14 4.18633 116 1.18214
  15 5.18633 130 1.23537
  16 6.18633 134 1.20816
  17 7.18633 114 1.1165
  18 8.18633 121 1.03005
  19 9.18633 138 1.42218
  20 10.1863 120 1.26992
  21 11.1863 119 1.22654
  22 12.1863 116 1.04606
  23 13.1863 125 1.18714
  24 14.1863 113 1.21182
  25 15.1863 126 1.21678
  26 16.1863 129 1.38016
  27 17.1863 119 1.15359
  28 18.1863 125 1.19828
  29 19.1863 116 1.01884
  30 20.1863 101 0.922176
19600000 30 3640
  1 -8.81367 93 0.862076
  2 -7.81367 155 1.54252
  3 -6.81367 104 0.989926
  4 -5.81367 135 1.35861
  5 -4.81367 119 1.0744
  6 -3.81367 136 1.34868
  7 -2.81367 126 1.34502
  8 -1.81367 127 1.19974
  9 -0.813671 126 1.06708
  10 0.186329 99 0.984915
  11 1.18633 119 1.29052
  12 2.18633 122 1.15882
  13 3.18633 123 1.20235
  14 4.18633 125 1.24814
  15 5.18633 129 1.18122
  16 6.18633 134 1.23708
  17 7.18633 112 1.02718
  18 8.18633 120 1.09183
  19 9.18633 143 1.55367
  20 10.1863 121 1.1402
  21 11.1863 119 1.28153
  22 12.1863 116 1.03717
  23 13.1863 124 1.24574
  24 14.1863 123 1.22342
  25 15.1863 123 1.29286
  26 16.1863 130 1.25443
  27 17.1863 117 1.21839
  28 18.1863 122 1.23082
  29 19.1863 120 1.05953
  30 20.1863 78 0.736496
19610000 30 3640
  1 -8.81367 109 1.06983
  2 -7.81367 135 1.37644
  3 -6.81367 129 1.28846
  4 -5.81367 130 1.19047
  5 -4.81367 123 1.21804
  6 -3.81367 131 1.33123
  7 -2.81367 132 1.34367
  8 -1.81367 125 1.18043
  9 -0.813671 113 1.18292
  10 0.186329 110 1.04216
  11 1.18633 111 1.21562
  12 2.18633 108 0.91409
  13 3.18633 126 1.32115
  14 4.18633 125 1.18669
  15 5.18633 129 1.36635
  16 6.18633 126 1.13645
  17 7.18633 126 1.11141
  18 8.18633 113 1.02714
  19 9.18633 146 1.57631
  20 10.1863 123 1.19421
  21 11.1863 125 1.3336
  22 12.1863 111 1.07477
  23 13.1863 125 1.20315
  24 14.1863 120 1.25079
  25 15.1863 126 1.24206
  26 16.1863 113 1.22426
  27 17.1863 105 1.05345
  28 18.1863 121 1.26081
  29 19.1863 121 1.01839
  30 20.1863 103 0.98055
19620000 30 3640
  1 -8.81367 87 1.01904
  2 -7.81367 139 1.24658
  3 -6.81367 121 1.25519
  4 -5.81367 135 1.24903
  5 -4.81367 118 1.18739
  6 -3.81367 134 1.31811
  7 -2.81367 119 1.27778
  8 -1.81367 132 1.26405
  9 -0.813671 114 1.0595
  10 0.186329 106 1.01156
  11 1.18633 114 1.19245
  12 2.18633 125 1.24909
  13 3.18633 137 1.27172
  14 4.18633 121 1.25774
  15 5.18633 133 1.27417
  16 6.18633 118 1.03679
  17 7.18633 117 1.19243
  18 8.18633 110 0.909891
  19 9.18633 155 1.62347
  20 10.1863 124 1.32182
  21 11.1863 118 1.2627
  22 12.1863 125 1.10329
  23 13.1863 122 1.29808
  24 14.1863 122 1.15113
  25 15.1863 125 1.29918
  26 16.1863 108 1.14712
  27 17.1863 125 1.32949
  28 18.1863 119 1.16605
  29 19.1863 114 1.00912
  30 20.1863 103 0.916049
19630000 30 3640
  1 -8.81367 94 0.992774
  2 -7.81367 154 1.3984
  3 -6.81367 116 1.18549
  4 -5.81367 116 1.05005
  5 -4.81367 124 1.19303
  6 -3.81367 125 1.29375
  7 -2.81367 136 1.37833
  8 -1.81367 127 1.25396
  9 -0.813671 115 1.08496
  10 0.186329 106 0.919481
  11 1.18633 111 1.24036
  12 2.18633 129 1.21678
  13 3.18633 129 1.24546
  14 4.18633 127 1.23529
  15 5.18633 123 1.15457
  16 6.18633 132 1.26894
  17 7.18633 115 1.04136
  18 8.18633 120 1.1049
  19 9.18633 157 1.57369
  20 10.1863 121 1.30246
  21 11.1863 121 1.18551
  22 12.1863 110 1.05007
  23 13.1863 123 1.19311
  24 14.1863 120 1.24286
  25 15.1863 115 1.11225
  26 16.1863 114 1.22653
  27 17.1863 132 1.2777
  28 18.1863 106 1.09355
  29 19.1863 121 1.04888
  30 20.1863 101 0.9791
19640000 30 3640
  1 -8.81367 83 0.8222
  2 -7.81367 144 1.36782
  3 -6.81367 105 1.10955
  4 -5.81367 136 1.24362
  5 -4.81367 132 1.17486
  6 -3.81367 127 1.39944
  7 -2.81367 133 1.28419
  8 -1.81367 124 1.19813
  9 -0.813671 113 1.04091
  10 0.186329 108 0.979573
  11 1.18633 121 1.22158
  12 2.18633 124 1.17612
  13 3.18633 124 1.23141
  14 4.18633 131 1.23862
  15 5.18633 139 1.35185
  16 6.18633 117 1.04091
  17 7.18633 130 1.18226
  18 8.18633 113 0.908391
  19 9.18633 145 1.58143
  20 10.1863 112 1.07162
  21 11.1863 134 1.413
  22 12.1863 121 1.0557
  23 13.1863 124 1.2547
  24 14.1863 124 1.29659
  25 15.1863 121 1.1772
  26 16.1863 119 1.20663
  27 17.1863 134 1.38994
  28 18.1863 112 1.03845
  29 19.1863 121 0.995557
  30 20.1863 69 0.657401
19650000 30 3640
  1 -8.81367 96 0.976377
  2 -7.81367 148 1.35691
  3 -6.81367 105 1.08641
  4 -5.81367 127 1.19792
  5 -4.81367 129 1.16918
  6 -3.81367 118 1.3216
  7 -2.81367 131 1.30553
  8 -1.81367 126 1.20039
  9 -0.813671 119 1.17542
  10 0.186329 111 1.06776
  11 1.18633 119 1.21804
  12 2.18633 123 1.1842
  13 3.18633 130 1.24182
  14 4.18633 116 1.17529
  15 5.18633 138 1.31934
  16 6.18633 122 1.19286
  17 7.18633 114 0.972738
  18 8.18633 133 1.21305
  19 9.18633 137 1.5007
  20 10.1863 123 1.28298
  21 11.1863 115 1.19406
  22 12.1863 115 1.0727
  23 13.1863 116 1.11413
  24 14.1863 130 1.26185
  25 15.1863 121 1.31422
  26 16.1863 113 1.12534
  27 17.1863 118 1.23662
  28 18.1863 127 1.22802
  29 19.1863 118 1.02902
  30 20.1863 102 1.02765
19660000 30 3640
  1 -8.81367 113 1.19949
  2 -7.81367 128 1.13069
  3 -6.81367 120 1.22337
  4 -5.81367 134 1.32615
  5 -4.81367 122 1.19456
  6 -3.81367 129 1.30234
  7 -2.81367 141 1.40029
  8 -1.81367 114 1.138
  9 -0.813671 124 1.18595
  10 0.186329 102 1.03141
  11 1.18633 108 1.09424
  12 2.18633 126 1.17708
  13 3.18633 127 1.26363
  14 4.18633 128 1.20075
  15 5.18633 133 1.37016
  16 6.18633 116 1.09045
  17 7.18633 123 1.16325
  18 8.18633 115 1.02029
  19 9.18633 147 1.5709
  20 10.1863 125 1.2585
  21 11.1863 119 1.13187
  22 12.1863 114 1.19946
  23 13.1863 114 1.05155
  24 14.1863 124 1.3151
  25 15.1863 125 1.23963
  26 16.1863 121 1.24716
  27 17.1863 122 1.17073
  28 18.1863 119 1.29619
  29 19.1863 114 0.968815
  30 20.1863 93 0.887177
19670000 30 3640
  1 -8.81367 127 1.27635
  2 -7.81367 134 1.3055
  3 -6.81367 112 1.22127
  4 -5.81367 124 1.18688
  5 -4.81367 122 1.18571
  6 -3.81367 137 1.42017
  7 -2.81367 112 1.18303
  8 -1.81367 143 1.3794
  9 -0.813671 108 1.02773
  10 0.186329 107 1.16653
  11 1.18633 112 1.08886
  12 2.18633 125 1.23547
  13 3.18633 124 1.19341
  14 4.18633 115 1.18308
  15 5.18633 127 1.30424
  16 6.18633 121 1.10413
  17 7.18633 127 1.13355
  18 8.18633 123 1.26478
  19 9.18633 143 1.53874
  20 10.1863 137 1.36417
  21 11.1863 110 1.15621
  22 12.1863 122 1.24822
  23 13.1863 112 1.06587
  24 14.1863 123 1.28138
  25 15.1863 115 1.17801
  26 16.1863 116 1.22255
  27 17.1863 124 1.28261
  28 18.1863 115 1.17927
  29 19.1863 113 0.99456
  30 20.1863 110 1.05305
19680000 32 3640
  1 -9.81367 0 0
  2 -8.81367 145 1.37974
  3 -7.81367 123 1.34545
  4 -6.81367 120 1.14604
  5 -5.81367 126 1.25709
  6 -4.81367 124 1.17262
  7 -3.81367 121 1.28356
  8 -2.81367 137 1.37953
  9 -1.81367 119 1.13852
  10 -0.813671 106 1.05778
  11 0.186329 98 0.951862
  12 1.18633 128 1.3291
  13 2.18633 122 1.14239
  14 3.18633 123 1.18527
  15 4.18633 119 1.22805
  16 5.18633 126 1.24714
  17 6.18633 125 1.12092
  18 7.18633 119 1.1322
  19 8.18633 116 1.05535
  20 9.18633 153 1.5916
  21 10.1863 120 1.23322
  22 11.1863 121 1.35543
  23 12.1863 109 1.00224
  24 13.1863 124 1.1588
  25 14.1863 114 1.24581
  26 15.1863 121 1.22556
  27 16.1863 115 1.18265
  28 17.1863 123 1.28237
  29 18.1863 119 1.21808
  30 19.1863 104 0.913904
  31 20.1863 117 1.08171
  32 21.1863 3 0.0176838
19690000 30 3640
  1 -8.81367 115 1.11656
  2 -7.81367 143 1.38651
  3 -6.81367 106 1.07349
  4 -5.81367 134 1.29682
  5 -4.81367 133 1.2855
  6 -3.81367 123 1.2728
  7 -2.81367 120 1.24755
  8 -1.81367 127 1.23377
  9 -0.813671 110 1.04721
  10 0.186329 107 1.08742
  11 1.18633 116 1.23885
  12 2.18633 128 1.19596
  13 3.18633 130 1.25536
  14 4.18633 129 1.30695
  15 5.18633 126 1.15691
  16 6.18633 117 1.15175
  17 7.18633 114 1.07741
  18 8.18633 130 1.21247
  19 9.18633 139 1.42925
  20 10.1863 136 1.41162
  21 11.1863 111 1.24993
  22 12.1863 106 1.01059
  23 13.1863 118 1.05481
  24 14.1863 124 1.34354
  25 15.1863 115 1.10386
  26 16.1863 101 1.09738
  27 17.1863 126 1.31081
  28 18.1863 117 1.19083
  29 19.1863 125 1.08887
  30 20.1863 114 1.10756
19700000 30 3640
  1 -8.81367 116 1.18482
  2 -7.81367 138 1.37153
  3 -6.81367 107 1.1732
  4 -5.81367 126 1.18728
  5 -4.81367 128 1.24658
  6 -3.81367 134 1.32977
  7 -2.81367 125 1.33989
  8 -1.81367 125 1.19987
  9 -0.813671 114 1.0814
  10 0.186329 95 0.946386
  11 1.18633 119 1.22771
  12 2.18633 132 1.2265
  13 3.18633 113 1.10781
  14 4.18633 127 1.26798
  15 5.18633 127 1.2832
  16 6.18633 132 1.24915
  17 7.18633 116 1.0763
  18 8.18633 122 1.15717
  19 9.18633 137 1.43949
  20 10.1863 123 1.27053
  21 11.1863 123 1.2755
  22 12.1863 112 1.00948
  23 13.1863 121 1.22649
  24 14.1863 120 1.21633
  25 15.1863 128 1.37013
  26 16.1863 121 1.13309
  27 17.1863 117 1.31596
  28 18.1863 117 1.15695
  29 19.1863 123 1.08268
  30 20.1863 102 0.894635
19710000 30 3640
  1 -8.81367 92 0.981383
  2 -7.81367 147 1.3479
  3 -6.81367 128 1.27328
  4 -5.81367 122 1.16266
  5 -4.81367 130 1.18392
  6 -3.81367 124 1.27318
  7 -2.81367 131 1.40229
  8 -1.81367 136 1.28947
  9 -0.813671 105 0.985178
  10 0.186329 103 0.952901
  11 1.18633 122 1.29942
  12 2.18633 119 1.13046
  13 3.18633 137 1.33297
  14 4.18633 123 1.12671
  15 5.18633 134 1.3665
  16 6.18633 119 1.02861
  17 7.18633 126 1.13054
  18 8.18633 117 1.20873
  19 9.18633 143 1.40749
  20 10.1863 131 1.33902
  21 11.1863 107 1.10303
  22 12.1863 119 1.14916
  23 13.1863 112 0.970283
  24 14.1863 127 1.35271
  25 15.1863 118 1.12183
  26 16.1863 114 1.31286
  27 17.1863 121 1.17272
  28 18.1863 113 1.12918
  29 19.1863 125 1.09576
  30 20.1863 95 0.860883
19720000 30 3640
  1 -8.81367 97 0.977922
  2 -7.81367 153 1.48554
  3 -6.81367 108 1.0703
  4 -5.81367 126 1.21539
  5 -4.81367 131 1.24299
  6 -3.81367 136 1.38911
  7 -2.81367 126 1.36532
  8 -1.81367 128 1.20417
  9 -0.813671 117 1.19296
  10 0.186329 105 0.921722
  11 1.18633 101 1.03664
  12 2.18633 132 1.20427
  13 3.18633 127 1.30682
  14 4.18633 125 1.21409
  15 5.18633 139 1.43794
  16 6.18633 122 1.05799
  17 7.18633 120 1.08923
  18 8.18633 111 1.05416
  19 9.18633 144 1.39554
  20 10.1863 132 1.40293
  21 11.1863 114 1.24276
  22 12.1863 115 1.03415
  23 13.1863 126 1.27295
  24 14.1863 119 1.19806
  25 15.1863 111 1.13661
  26 16.1863 121 1.23409
  27 17.1863 122 1.24919
  28 18.1863 119 1.20045
  29 19.1863 113 0.996675
  30 20.1863 100 0.895364
19730000 30 3640
  1 -8.81367 101 1.00895
  2 -7.81367 138 1.38626
  3 -6.81367 122 1.16031
  4 -5.81367 133 1.28435
  5 -4.81367 121 1.10331
  6 -3.81367 131 1.39723
  7 -2.81367 130 1.22239
  8 -1.81367 132 1.28438
  9 -0.813671 97 1.03622
  10 0.186329 113 1.02142
  11 1.18633 112 1.13936
  12 2.18633 124 1.15791
  13 3.18633 126 1.18655
  14 4.18633 122 1.24699
  15 5.18633 141 1.37756
  16 6.18633 116 1.0512
  17 7.18633 135 1.2225
  18 8.18633 113 1.06728
  19 9.18633 145 1.42223
  20 10.1863 121 1.27444
  21 11.1863 115 1.10442
  22 12.1863 117 1.143
  23 13.1863 124 1.2013
  24 14.1863 126 1.35278
  25 15.1863 115 1.14534
  26 16.1863 126 1.2583
  27 17.1863 122 1.27207
  28 18.1863 123 1.19383
  29 19.1863 115 0.958238
  30 20.1863 84 0.775622
19740000 30 3640
  1 -8.81367 84 0.779561
  2 -7.81367 148 1.46174
  3 -6.81367 116 1.17732
  4 -5.81367 132 1.23848
  5 -4.81367 122 1.15122
  6 -3.81367 130 1.32815
  7 -2.81367 121 1.23097
  8 -1.81367 123 1.18486
  9 -0.813671 123 1.21237
  10 0.186329 105 0.936795
  11 1.18633 120 1.27968
  12 2.18633 122 1.07643
  13 3.18633 133 1.33464
  14 4.18633 124 1.24467
  15 5.18633 132 1.29088
  16 6.18633 128 1.12012
  17 7.18633 115 1.14492
  18 8.18633 115 1.01912
  19 9.18633 142 1.48793
  20 10.1863 130 1.26715
  21 11.1863 121 1.33929
  22 12.1863 114 0.985394
  23 13.1863 131 1.31837
  24 14.1863 108 1.15624
  25 15.1863 132 1.27091
  26 16.1863 123 1.24848
  27 17.1863 126 1.29461
  28 18.1863 109 1.11623
  29 19.1863 127 1.08649
  30 20.1863 84 0.850578
19750000 30 3640
  1 -8.81367 101 1.02377
  2 -7.81367 143 1.36367
  3 -6.81367 123 1.28862
  4 -5.81367 136 1.24621
  5 -4.81367 113 1.12488
  6 -3.81367 135 1.33612
  7 -2.81367 121 1.24112
  8 -1.81367 131 1.27485
  9 -0.813671 111 1.11749
  10 0.186329 119 1.10635
  11 1.18633 111 1.12496
  12 2.18633 120 1.1101
  13 3.18633 118 1.19627
  14 4.18633 142 1.4298
  15 5.18633 125 1.17876
  16 6.18633 123 1.11875
  17 7.18633 125 1.17373
  18 8.18633 122 1.14885
  19 9.18633 147 1.47491
  20 10.1863 124 1.2536
  21 11.1863 117 1.29601
  22 12.1863 113 1.06999
  23 13.1863 119 1.09256
  24 14.1863 124 1.28122
  25 15.1863 118 1.18617
  26 16.1863 111 1.15482
  27 17.1863 121 1.23748
  28 18.1863 111 1.16736
  29 19.1863 134 1.19884
  30 20.1863 82 0.693778
19760000 30 3640
  1 -8.81367 88 0.927674
  2 -7.81367 142 1.40889
  3 -6.81367 120 1.18575
  4 -5.81367 124 1.15955
  5 -4.81367 130 1.21572
  6 -3.81367 125 1.29902
  7 -2.81367 139 1.37523
  8 -1.81367 120 1.16951
  9 -0.813671 120 1.21951
  10 0.186329 114 1.03246
  11 1.18633 111 1.18954
  12 2.18633 126 1.16211
  13 3.18633 120 1.12229
  14 4.18633 134 1.30541
  15 5.18633 136 1.40141
  16 6.18633 121 1.04376
  17 7.18633 121 1.09729
  18 8.18633 114 1.09734
  19 9.18633 150 1.47751
  20 10.1863 129 1.34276
  21 11.1863 107 1.18562
  22 12.1863 124 1.15081
  23 13.1863 124 1.17712
  24 14.1863 115 1.17838
  25 15.1863 119 1.20565
  26 16.1863 120 1.21564
  27 17.1863 125 1.32662
  28 18.1863 122 1.14462
  29 19.1863 113 1.01377
  30 20.1863 87 0.791772
19770000 32 3640
  1 -9.81367 8 0.0846591
  2 -8.81367 121 1.26627
  3 -7.81367 136 1.35364
  4 -6.81367 116 1.07929
  5 -5.81367 130 1.25744
  6 -4.81367 118 1.19425
  7 -3.81367 129 1.34086
  8 -2.81367 129 1.3698
  9 -1.81367 120 1.10713
  10 -0.813671 114 1.18932
  11 0.186329 107 1.05793
  12 1.18633 106 1.12852
  13 2.18633 129 1.18304
  14 3.18633 126 1.207
  15 4.18633 117 1.11847
  16 5.18633 132 1.39525
  17 6.18633 120 1.06928
  18 7.18633 121 1.0933
  19 8.18633 112 1.13112
  20 9.18633 140 1.38902
  21 10.1863 135 1.3737
  22 11.1863 116 1.2826
  23 12.1863 106 1.02501
  24 13.1863 126 1.1136
  25 14.1863 116 1.2978
  26 15.1863 129 1.29924
  27 16.1863 103 1.0868
  28 17.1863 121 1.28403
  29 18.1863 118 1.24735
  30 19.1863 120 0.98343
  31 20.1863 115 1.09327
  32 21.1863 4 0.00508943
19780000 30 3640
  1 -8.81367 111 1.16931
  2 -7.81367 145 1.42052
  3 -6.81367 107 1.02997
  4 -5.81367 128 1.26093
  5 -4.81367 123 1.20319
  6 -3.81367 128 1.29368
  7 -2.81367 123 1.26591
  8 -1.81367 130 1.25216
  9 -0.813671 118 1.21712
  10 0.186329 105 1.0325
  11 1.18633 113 1.14419
  12 2.18633 124 1.09288
  13 3.18633 127 1.34388
  14 4.18633 114 1.11789
  15 5.18633 148 1.39285
  16 6.18633 124 1.16189
  17 7.18633 116 1.0476
  18 8.18633 121 1.18326
  19 9.18633 148 1.55984
  20 10.1863 126 1.24719
  21 11.1863 114 1.25708
  22 12.1863 113 1.06637
  23 13.1863 120 1.11793
  24 14.1863 122 1.28235
  25 15.1863 121 1.21207
  26 16.1863 109 1.20435
  27 17.1863 127 1.30377
  28 18.1863 111 1.03878
  29 19.1863 115 1.06385
  30 20.1863 109 0.900716
19790000 30 3640
  1 -8.81367 80 0.841401
  2 -7.81367 150 1.35142
  3 -6.81367 118 1.17063
  4 -5.81367 131 1.27989
  5 -4.81367 122 1.12162
  6 -3.81367 141 1.39781
  7 -2.81367 121 1.23324
  8 -1.81367 132 1.24924
  9 -0.813671 113 1.07992
  10 0.186329 101 0.947107
  11 1.18633 105 1.03437
  12 2.18633 137 1.32678
  13 3.18633 124 1.1486
  14 4.18633 132 1.32163
  15 5.18633 128 1.27021
  16 6.18633 131 1.14498
  17 7.18633 112 0.96927
  18 8.18633 132 1.29971
  19 9.18633 148 1.452
  20 10.1863 125 1.1584
  21 11.1863 105 1.18155
  22 12.1863 123 1.11176
  23 13.1863 125 1.24063
  24 14.1863 138 1.43978
  25 15.1863 117 1.07729
  26 16.1863 124 1.24927
  27 17.1863 121 1.25421
  28 18.1863 114 1.12885
  29 19.1863 114 0.892011
  30 20.1863 76 0.722244
19800000 30 3640
  1 -8.81367 89 0.952949
  2 -7.81367 137 1.25459
  3 -6.81367 124 1.17822
  4 -5.81367 122 1.2077
  5 -4.81367 127 1.12663
  6 -3.81367 121 1.32324
  7 -2.81367 133 1.21398
  8 -1.81367 119 1.10814
  9 -0.813671 126 1.33699
  10 0.186329 104 0.974043
  11 1.18633 117 1.09331
  12 2.18633 117 1.13767
  13 3.18633 136 1.29157
  14 4.18633 116 1.14374
  15 5.18633 128 1.15376
  16 6.18633 124 1.20155
  17 7.18633 114 1.00359
  18 8.18633 132 1.22142
  19 9.18633 142 1.41335
  20 10.1863 128 1.33328
  21 11.1863 116 1.1683
  22 12.1863 112 1.08104
  23 13.1863 119 1.13388
  24 14.1863 125 1.30265
  25 15.1863 125 1.15862
  26 16.1863 131 1.28279
  27 17.1863 125 1.35432
  28 18.1863 121 1.15116
  29 19.1863 116 0.991223
  30 20.1863 94 0.881547
19810000 30 3640
  1 -8.81367 86 0.844436
  2 -7.81367 133 1.27647
  3 -6.81367 131 1.28639
  4 -5.81367 120 1.1699
  5 -4.81367 124 1.14903
  6 -3.81367 138 1.43725
  7 -2.81367 128 1.19234
  8 -1.81367 128 1.25786
  9 -0.813671 109 1.13523
  10 0.186329 125 1.10829
  11 1.18633 103 1.12672
  12 2.18633 122 1.05875
  13 3.18633 135 1.35946
  14 4.18633 111 1.06097
  15 5.18633 142 1.3818
  16 6.18633 130 1.1441
  17 7.18633 120 1.11309
  18 8.18633 122 1.18619
  19 9.18633 150 1.45596
  20 10.1863 130 1.31857
  21 11.1863 117 1.22319
  22 12.1863 114 1.07831
  23 13.1863 107 1.06357
  24 14.1863 123 1.20602
  25 15.1863 121 1.21457
  26 16.1863 120 1.24907
  27 17.1863 128 1.29138
  28 18.1863 123 1.25295
  29 19.1863 114 0.913935
  30 20.1863 86 0.817118
19820000 30 3640
  1 -8.81367 98 0.998403
  2 -7.81367 141 1.33127
  3 -6.81367 117 1.17758
  4 -5.81367 132 1.28073
  5 -4.81367 123 1.11997
  6 -3.81367 133 1.30162
  7 -2.81367 120 1.14946
  8 -1.81367 131 1.29299
  9 -0.813671 125 1.18268
  10 0.186329 102 1.088
  11 1.18633 107 1.01569
  12 2.18633 120 1.09548
  13 3.18633 127 1.25508
  14 4.18633 121 1.12972
  15 5.18633 136 1.27844
  16 6.18633 119 1.07825
  17 7.18633 121 1.07094
  18 8.18633 123 1.21336
  19 9.18633 147 1.44039
  20 10.1863 120 1.23904
  21 11.1863 126 1.26226
  22 12.1863 106 1.06966
  23 13.1863 127 1.13107
  24 14.1863 119 1.27717
  25 15.1863 130 1.22309
  26 16.1863 122 1.22186
  27 17.1863 124 1.27465
  28 18.1863 113 1.0365
  29 19.1863 116 1.02182
  30 20.1863 94 0.827695
19830000 30 3640
  1 -8.81367 92 0.885321
  2 -7.81367 131 1.3528
  3 -6.81367 117 1.13336
  4 -5.81367 122 1.19436
  5 -4.81367 129 1.23432
  6 -3.81367 125 1.16952
  7 -2.81367 125 1.31533
  8 -1.81367 125 1.22305
  9 -0.813671 120 1.19452
  10 0.186329 102 1.00501
  11 1.18633 114 1.09986
  12 2.18633 129 1.14465
  13 3.18633 129 1.29429
  14 4.18633 114 1.07355
  15 5.18633 130 1.37767
  16 6.18633 134 1.17834
  17 7.18633 119 1.13587
  18 8.18633 119 1.08111
  19 9.18633 152 1.56107
  20 10.1863 117 1.18688
  21 11.1863 124 1.30529
  22 12.1863 117 1.13217
  23 13.1863 119 1.15579
  24 14.1863 132 1.38037
  25 15.1863 129 1.21317
  26 16.1863 122 1.28416
  27 17.1863 132 1.35401
  28 18.1863 117 1.10353
  29 19.1863 115 1.025
  30 20.1863 88 0.827877
19840000 30 3640
  1 -8.81367 73 0.806264
  2 -7.81367 156 1.45137
  3 -6.81367 106 1.04118
  4 -5.81367 132 1.32558
  5 -4.81367 119 1.12566
  6 -3.81367 120 1.19518
  7 -2.81367 129 1.2288
  8 -1.81367 133 1.28839
  9 -0.813671 127 1.29834
  10 0.186329 115 1.11962
  11 1.18633 103 1.09457
  12 2.18633 133 1.1221
  13 3.18633 128 1.31953
  14 4.18633 127 1.18653
  15 5.18633 131 1.33561
  16 6.18633 125 1.04015
  17 7.18633 117 1.09713
  18 8.18633 124 1.15185
  19 9.18633 143 1.45613
  20 10.1863 132 1.33309
  21 11.1863 116 1.21759
  22 12.1863 117 1.16542
  23 13.1863 112 1.13061
  24 14.1863 128 1.29845
  25 15.1863 129 1.27344
  26 16.1863 119 1.15545
  27 17.1863 122 1.32201
  28 18.1863 119 1.08351
  29 19.1863 130 1.13695
  30 20.1863 75 0.697001
19850000 30 3640
  1 -8.81367 75 0.696902
  2 -7.81367 145 1.42802
  3 -6.81367 112 1.0002
  4 -5.81367 131 1.28243
  5 -4.81367 121 1.15058
  6 -3.81367 137 1.39338
  7 -2.81367 130 1.30215
  8 -1.81367 128 1.09642
  9 -0.813671 123 1.33299
  10 0.186329 107 0.948472
  11 1.18633 96 0.979253
  12 2.18633 144 1.327
  13 3.18633 132 1.29854
  14 4.18633 123 1.19496
  15 5.18633 133 1.29484
  16 6.18633 123 1.09148
  17 7.18633 113 1.04332
  18 8.18633 129 1.15311
  19 9.18633 141 1.46385
  20 10.1863 124 1.22698
  21 11.1863 119 1.30578
  22 12.1863 120 1.08154
  23 13.1863 121 1.23564
  24 14.1863 119 1.26776
  25 15.1863 140 1.21356
  26 16.1863 120 1.20851
  27 17.1863 120 1.32681
  28 18.1863 116 1.01258
  29 19.1863 119 1.04705
  30 20.1863 79 0.828566
19860000 30 3640
  1 -8.81367 80 0.844318
  2 -7.81367 157 1.39344
  3 -6.81367 123 1.30995
  4 -5.81367 125 1.21935
  5 -4.81367 121 1.12752
  6 -3.81367 138 1.36336
  7 -2.81367 131 1.30997
  8 -1.81367 123 1.18708
  9 -0.813671 118 1.14241
  10 0.186329 110 1.12637
  11 1.18633 110 1.00469
  12 2.18633 146 1.32506
  13 3.18633 126 1.22573
  14 4.18633 123 1.29132
  15 5.18633 134 1.38323
  16 6.18633 128 1.09285
  17 7.18633 120 1.11143
  18 8.18633 104 1.04431
  19 9.18633 153 1.4641
  20 10.1863 119 1.26276
  21 11.1863 114 1.1696
  22 12.1863 117 1.10274
  23 13.1863 124 1.25913
  24 14.1863 123 1.22075
  25 15.1863 124 1.18833
  26 16.1863 117 1.14614
  27 17.1863 128 1.39818
  28 18.1863 104 1.03803
  29 19.1863 121 1.03327
  30 20.1863 79 0.691713
19870000 30 3640
  1 -8.81367 120 1.06293
  2 -7.81367 140 1.43262
  3 -6.81367 115 1.16423
  4 -5.81367 132 1.20704
  5 -4.81367 115 1.14925
  6 -3.81367 132 1.34732
  7 -2.81367 106 1.06902
  8 -1.81367 152 1.39877
  9 -0.813671 103 1.00649
  10 0.186329 93 1.00651
  11 1.18633 122 1.25461
  12 2.18633 124 1.13819
  13 3.18633 126 1.20834
  14 4.18633 127 1.26586
  15 5.18633 128 1.18064
  16 6.18633 111 1.13806
  17 7.18633 126 1.16942
  18 8.18633 123 1.07555
  19 9.18633 140 1.52271
  20 10.1863 126 1.26468
  21 11.1863 123 1.2432
  22 12.1863 107 1.00895
  23 13.1863 117 1.14074
  24 14.1863 124 1.30723
  25 15.1863 125 1.27082
  26 16.1863 121 1.17189
  27 17.1863 119 1.30721
  28 18.1863 123 1.25332
  29 19.1863 115 1.0116
  30 20.1863 105 1.03153
19880000 30 3640
  1 -8.81367 99 0.973328
  2 -7.81367 134 1.27012
  3 -6.81367 122 1.19166
  4 -5.81367 126 1.14218
  5 -4.81367 133 1.33323
  6 -3.81367 122 1.24257
  7 -2.81367 132 1.32453
  8 -1.81367 123 1.14337
  9 -0.813671 124 1.21541
  10 0.186329 112 1.09997
  11 1.18633 102 1.07388
  12 2.18633 127 1.12983
  13 3.18633 134 1.31352
  14 4.18633 118 1.18172
  15 5.18633 139 1.29363
  16 6.18633 121 1.12856
  17 7.18633 114 1.10237
  18 8.18633 125 1.12739
  19 9.18633 145 1.42895
  20 10.1863 128 1.29842
  21 11.1863 112 1.16185
  22 12.1863 127 1.17942
  23 13.1863 113 1.14585
  24 14.1863 129 1.33961
  25 15.1863 111 1.09862
  26 16.1863 131 1.29228
  27 17.1863 123 1.35064
  28 18.1863 111 1.05027
  29 19.1863 124 1.04418
  30 20.1863 79 0.790754
19890000 30 3640
  1 -8.81367 129 1.25376
  2 -7.81367 126 1.18116
  3 -6.81367 119 1.26499
  4 -5.81367 132 1.21245
  5 -4.81367 118 1.176
  6 -3.81367 126 1.28376
  7 -2.81367 122 1.23622
  8 -1.81367 123 1.1936
  9 -0.813671 117 1.09961
  10 0.186329 112 1.09969
  11 1.18633 100 1.14595
  12 2.18633 133 1.14611
  13 3.18633 124 1.29276
  14 4.18633 127 1.21867
  15 5.18633 126 1.18232
  16 6.18633 118 1.11095
  17 7.18633 117 1.07579
  18 8.18633 108 0.961833
  19 9.18633 152 1.5646
  20 10.1863 127 1.38911
  21 11.1863 111 1.13722
  22 12.1863 117 1.08699
  23 13.1863 125 1.18624
  24 14.1863 134 1.39555
  25 15.1863 106 1.06945
  26 16.1863 121 1.29142
  27 17.1863 112 1.18097
  28 18.1863 117 1.21987
  29 19.1863 128 1.07969
  30 20.1863 113 1.08458
19900000 30 3640
  1 -8.81367 82 0.894258
  2 -7.81367 144 1.40625
  3 -6.81367 121 1.12845
  4 -5.81367 133 1.3276
  5 -4.81367 110 1.11337
  6 -3.81367 135 1.27167
  7 -2.81367 128 1.34627
  8 -1.81367 123 1.12719
  9 -0.813671 106 1.12228
  10 0.186329 116 1.02017
  11 1.18633 103 1.05995
  12 2.18633 137 1.28544
  13 3.18633 127 1.17212
  14 4.18633 124 1.28031
  15 5.18633 135 1.27922
  16 6.18633 120 1.15585
  17 7.18633 110 1.0226
  18 8.18633 129 1.21689
  19 9.18633 153 1.52833
  20 10.1863 114 1.16321
  21 11.1863 124 1.33133
  22 12.1863 117 1.05376
  23 13.1863 120 1.15958
  24 14.1863 125 1.26548
  25 15.1863 131 1.32399
  26 16.1863 110 1.09224
  27 17.1863 131 1.41738
  28 18.1863 125 1.23801
  29 19.1863 111 0.955421
  30 20.1863 96 0.825818
19910000 30 3640
  1 -8.81367 120 1.24541
  2 -7.81367 135 1.27338
  3 -6.81367 123 1.26808
  4 -5.81367 124 1.23518
  5 -4.81367 125 1.16691
  6 -3.81367 120 1.25034
  7 -2.81367 119 1.21757
  8 -1.81367 133 1.29594
  9 -0.813671 116 1.19354
  10 0.186329 101 0.924056
  11 1.18633 114 1.21634
  12 2.18633 130 1.16954
  13 3.18633 125 1.23786
  14 4.18633 123 1.28456
  15 5.18633 121 1.19609
  16 6.18633 130 1.24413
  17 7.18633 128 1.18091
  18 8.18633 110 0.993581
  19 9.18633 143 1.4657
  20 10.1863 125 1.35543
  21 11.1863 108 1.15029
  22 12.1863 124 1.17708
  23 13.1863 119 1.21127
  24 14.1863 122 1.29613
  25 15.1863 125 1.21499
  26 16.1863 112 1.18068
  27 17.1863 130 1.35812
  28 18.1863 118 1.13657
  29 19.1863 118 1.06959
  30 20.1863 99 0.95044
19920000 30 3640
  1 -8.81367 114 1.2677
  2 -7.81367 148 1.32797
  3 -6.81367 112 1.1262
  4 -5.81367 126 1.25386
  5 -4.81367 116 1.08877
  6 -3.81367 130 1.29019
  7 -2.81367 127 1.31397
  8 -1.81367 130 1.28392
  9 -0.813671 112 1.13386
  10 0.186329 114 1.05636
  11 1.18633 101 1.10631
  12 2.18633 128 1.13394
  13 3.18633 132 1.31907
  14 4.18633 118 1.16515
  15 5.18633 133 1.29901
  16 6.18633 119 1.13381
  17 7.18633 116 1.02508
  18 8.18633 125 1.15638
  19 9.18633 144 1.39298
  20 10.1863 135 1.40159
  21 11.1863 111 1.21373
  22 12.1863 116 1.18884
  23 13.1863 121 1.09891
  24 14.1863 125 1.35664
  25 15.1863 121 1.13006
  26 16.1863 110 1.11121
  27 17.1863 124 1.31781
  28 18.1863 116 1.19885
  29 19.1863 113 0.995
  30 20.1863 103 0.867385
19930000 30 3640
  1 -8.81367 104 1.05974
  2 -7.81367 143 1.43864
  3 -6.81367 116 1.11491
  4 -5.81367 128 1.29801
  5 -4.81367 118 1.05219
  6 -3.81367 129 1.40085
  7 -2.81367 128 1.26805
  8 -1.81367 128 1.2479
  9 -0.813671 121 1.17646
  10 0.186329 122 1.22673
  11 1.18633 102 1.01193
  12 2.18633 124 1.16641
  13 3.18633 116 1.17265
  14 4.18633 130 1.24034
  15 5.18633 131 1.30694
  16 6.18633 133 1.22797
  17 7.18633 111 0.985653
  18 8.18633 137 1.29443
  19 9.18633 128 1.27935
  20 10.1863 129 1.39349
  21 11.1863 103 1.00184
  22 12.1863 124 1.2605
  23 13.1863 110 1.12741
  24 14.1863 121 1.2693
  25 15.1863 129 1.25417
  26 16.1863 115 1.11609
  27 17.1863 128 1.43122
  28 18.1863 109 1.10851
  29 19.1863 122 1.04595
  30 20.1863 101 0.891434
19940000 30 3640
  1 -8.81367 68 0.649806
  2 -7.81367 143 1.48875
  3 -6.81367 116 1.07727
  4 -5.81367 127 1.25753
  5 -4.81367 123 1.10083
  6 -3.81367 127 1.25634
  7 -2.81367 133 1.39343
  8 -1.81367 126 1.1329
  9 -0.813671 121 1.22182
  10 0.186329 107 0.9094
  11 1.18633 105 1.19213
  12 2.18633 136 1.21214
  13 3.18633 124 1.24533
  14 4.18633 133 1.21934
  15 5.18633 122 1.2885
  16 6.18633 139 1.18488
  17 7.18633 120 1.13537
  18 8.18633 119 1.14653
  19 9.18633 163 1.55421
  20 10.1863 120 1.24025
  21 11.1863 112 1.17964
  22 12.1863 118 1.07986
  23 13.1863 117 1.19343
  24 14.1863 134 1.41454
  25 15.1863 129 1.16998
  26 16.1863 126 1.23532
  27 17.1863 128 1.40835
  28 18.1863 110 1.01186
  29 19.1863 125 1.0564
  30 20.1863 69 0.639931
19950000 30 3640
  1 -8.81367 126 1.32124
  2 -7.81367 139 1.28967
  3 -6.81367 106 1.12428
  4 -5.81367 125 1.26807
  5 -4.81367 125 1.08033
  6 -3.81367 125 1.39423
  7 -2.81367 122 1.26053
  8 -1.81367 122 1.13191
  9 -0.813671 123 1.20397
  10 0.186329 95 0.999418
  11 1.18633 109 1.07011
  12 2.18633 138 1.38688
  13 3.18633 124 1.1471
  14 4.18633 107 1.11179
  15 5.18633 137 1.28346
  16 6.18633 133 1.25301
  17 7.18633 118 1.02732
  18 8.18633 110 1.01591
  19 9.18633 151 1.67689
  20 10.1863 128 1.3199
  21 11.1863 113 1.20378
  22 12.1863 117 1.03988
  23 13.1863 123 1.24929
  24 14.1863 125 1.29605
  25 15.1863 114 1.21254
  26 16.1863 128 1.24423
  27 17.1863 116 1.23663
  28 18.1863 109 1.20628
  29 19.1863 126 1.09799
  30 20.1863 106 0.899831
19960000 30 3640
  1 -8.81367 89 0.840873
  2 -7.81367 137 1.35083
  3 -6.81367 124 1.22598
  4 -5.81367 121 1.18404
  5 -4.81367 122 1.10879
  6 -3.81367 129 1.27658
  7 -2.81367 126 1.27536
  8 -1.81367 132 1.20755
  9 -0.813671 110 1.22725
  10 0.186329 106 0.943468
  11 1.18633 120 1.12862
  12 2.18633 133 1.17792
  13 3.18633 124 1.21382
  14 4.18633 127 1.31978
  15 5.18633 145 1.43719
  16 6.18633 120 1.01259
  17 7.18633 122 1.12855
  18 8.18633 124 1.18163
  19 9.18633 143 1.399
  20 10.1863 122 1.32835
  21 11.1863 117 1.11373
  22 12.1863 121 1.20003
  23 13.1863 110 1.1186
  24 14.1863 122 1.20525
  25 15.1863 129 1.28651
  26 16.1863 124 1.12849
  27 17.1863 114 1.30135
  28 18.1863 121 1.11127
  29 19.1863 136 1.17801
  30 20.1863 70 0.664213
19970000 30 3640
  1 -8.81367 96 1.05208
  2 -7.81367 149 1.40913
  3 -6.81367 119 1.13792
  4 -5.81367 127 1.24728
  5 -4.81367 131 1.2511
  6 -3.81367 128 1.23367
  7 -2.81367 132 1.37165
  8 -1.81367 126 1.20255
  9 -0.813671 117 1.21763
  10 0.186329 105 0.975054
  11 1.18633 104 1.03357
  12 2.18633 129 1.15164
  13 3.18633 132 1.27859
  14 4.18633 114 1.19749
  15 5.18633 139 1.34818
  16 6.18633 119 1.08949
  17 7.18633 123 1.07835
  18 8.18633 122 1.26974
  19 9.18633 136 1.23002
  20 10.1863 125 1.32197
  21 11.1863 118 1.24478
  22 12.1863 119 1.10936
  23 13.1863 117 1.14919
  24 14.1863 118 1.28959
  25 15.1863 132 1.24369
  26 16.1863 111 1.12548
  27 17.1863 129 1.36299
  28 18.1863 112 1.07825
  29 19.1863 124 1.04108
  30 20.1863 87 0.789743
19980000 30 3640
  1 -8.81367 72 0.766418
  2 -7.81367 152 1.33965
  3 -6.81367 108 1.16305
  4 -5.81367 145 1.33334
  5 -4.81367 121 1.20017
  6 -3.81367 130 1.17934
  7 -2.81367 129 1.41819
  8 -1.81367 123 1.09304
  9 -0.813671 118 1.17809
  10 0.186329 114 1.05616
  11 1.18633 106 1.10291
  12 2.18633 128 1.10914
  13 3.18633 127 1.25206
  14 4.18633 141 1.37391
  15 5.18633 125 1.24958
  16 6.18633 124 1.12636
  17 7.18633 120 1.09795
  18 8.18633 118 1.11656
  19 9.18633 151 1.49229
  20 10.1863 123 1.19156
  21 11.1863 115 1.17918
  22 12.1863 134 1.33711
  23 13.1863 103 0.991964
  24 14.1863 119 1.24828
  25 15.1863 137 1.27173
  26 16.1863 112 1.16688
  27 17.1863 127 1.25206
  28 18.1863 123 1.17684
  29 19.1863 123 1.0734
  30 20.1863 72 0.669164
19990000 30 3640
  1 -8.81367 96 0.909084
  2 -7.81367 148 1.52872
  3 -6.81367 110 1.05184
  4 -5.81367 126 1.22564
  5 -4.81367 121 1.13255
  6 -3.81367 140 1.40691
  7 -2.81367 127 1.25423
  8 -1.81367 135 1.32995
  9 -0.813671 119 1.1476
  10 0.186329 105 1.00722
  11 1.18633 113 1.18594
  12 2.18633 122 1.09172
  13 3.18633 129 1.23947
  14 4.18633 120 1.19698
  15 5.18633 136 1.29653
  16 6.18633 129 1.17612
  17 7.18633 115 1.07549
  18 8.18633 123 1.1624
  19 9.18633 132 1.30404
  20 10.1863 124 1.31125
  21 11.1863 123 1.2703
  22 12.1863 118 1.07307
  23 13.1863 121 1.18472
  24 14.1863 129 1.3537
  25 15.1863 118 1.13127
  26 16.1863 116 1.14128
  27 17.1863 130 1.43793
  28 18.1863 110 1.03948
  29 19.1863 116 0.993578
  30 20.1863 89 0.820869
20000000 30 3640
  1 -8.81367 76 0.809007
  2 -7.81367 150 1.5067
  3 -6.81367 123 1.16217
  4 -5.81367 127 1.25341
  5 -4.81367 123 1.11407
  6 -3.81367 133 1.27207
  7 -2.81367 134 1.36218
  8 -1.81367 130 1.24731
  9 -0.813671 115 1.16349
  10 0.186329 111 1.02514
  11 1.18633 116 1.18942
  12 2.18633 125 1.14375
  13 3.18633 128 1.21786
  14 4.18633 130 1.2596
  15 5.18633 130 1.2141
  16 6.18633 132 1.24373
  17 7.18633 108 0.985652
  18 8.18633 130 1.17338
  19 9.18633 136 1.44989
  20 10.1863 116 1.16831
  21 11.1863 132 1.33128
  22 12.1863 109 0.99556
  23 13.1863 125 1.29178
  24 14.1863 114 1.07829
  25 15.1863 115 1.13251
  26 16.1863 117 1.16947
  27 17.1863 122 1.32144
  28 18.1863 127 1.24991
  29 19.1863 115 0.935055
  30 20.1863 91 0.818856
